pizza,188
time,81
food,79
place,55
service,50
thing,35
crust,34
cheese,32
restaurant,29
night,27
experience,25
bread,25
times,25
meal,24
quality,21
pizzas,21
york,20
salad,18
reviews,18
things,17
lunch,16
day,16
order,15
price,15
staff,15
i,15
know,15
pie,15
ingredients,15
end,13
part,13
restaurants,13
people,13
toppings,13
prices,12
amount,12
selection,12
menu,12
fries,12
side,12
deal,12
places,12
sauce,11
dinner,11
customer,10
und,10
options,9
visit,9
ambiance,9
slice,9
school,8
spot,8
choice,8
wine,8
pepperoni,8
feel,8
dishes,8
atmosphere,8
steak,8
touch,8
location,8
way,8
portions,8
star,8
mozzarella,7
family,7
wood,7
date,7
knots,7
bite,7
dogs,7
breakfast,7
s,7
neapolitan,7
tables,7
pasta,7
portion,7
charge,6
burger,6
slices,6
plate,6
try,6
days,6
think,6
size,6
city,6
notch,6
job,6
minutes,6
peppers,6
oil,6
server,6
seating,6
favorite,6
chance,6
beer,6
dish,5
ambience,5
margherita,5
dining,5
door,5
conversation,5
hot,5
man,5
tomato,5
subs,5
style,5
group,5
half,5
meat,5
house,5
et,5
einer,5
damit,5
nahe,5
mix,5
eggs,5
stuff,5
neben,5
review,5
however,5
table,5
mushroom,5
bis,5
advise,5
tomatoes,5
gute,5
nachts,5
sauces,5
pepper,5
business,5
inside,5
taste,5
tasty,5
check,5
concept,4
looking,4
dressing,4
fan,4
sausage,4
nicht,4
wait,4
ein,4
love,4
talon,4
charming,4
want,4
bezeichnen,4
remember,4
patio,4
years,4
mais,4
appetizers,4
evening,4
combination,4
dem,4
idea,4
pizzeria,4
tasting,4
w,4
ewig,4
option,4
levels,4
light,4
note,4
takeaways,4
toujours,4
bar,4
schwer,4
see,4
crispy,4
board,4
look,4
balance,4
week,4
bonus,4
off,4
t,4
mood,4
aufnahm,4
fast,4
area,4
eat,4
parmesan,3
teigig,3
waiters,3
dessert,3
level,3
guy,3
thin,3
items,3
glance,3
type,3
beers,3
benches,3
hour,3
pour,3
can,3
bites,3
wieder,3
nachfrage,3
ist,3
onions,3
lighting,3
floor,3
types,3
schade,3
oven,3
better,3
kann,3
year,3
issue,3
marins,3
reason,3
care,3
expecting,3
customers,3
thru,3
components,3
experiences,3
chicken,3
platziert,3
stop,3
combinations,3
gem,3
set,3
copain,3
dente,3
uns,3
etc,3
considering,3
basis,3
while,3
cuisine,3
bowl,3
party,3
hallway,3
drink,3
hand,3
butter,3
mon,3
flavor,3
had,3
crusts,3
italian,3
pomodoro,3
plates,3
est,3
juices,3
noisy,3
months,3
servers,3
offer,3
delivery,3
hopes,3
squeeze,3
un,3
lobster,3
piece,3
vibe,3
amounts,3
tip,3
nice,3
milk,2
aranicini,2
dazu,2
gp,2
sorrentino,2
ingredient,2
brown,2
woman,2
deli,2
overdone,2
minute,2
button,2
list,2
leave,2
ragu,2
attendre,2
overdo,2
neighborhood,2
bacon,2
street,2
bartenders,2
fischgerichte,2
drinks,2
als,2
let,2
groups,2
vinegar,2
pizzerias,2
flavour,2
montreal,2
apple,2
guests,2
singing,2
flavors,2
creamy,2
haben,2
basil,2
glass,2
room,2
donut,2
pieces,2
foods,2
mac,2
lot,2
maybe,2
dough,2
expectations,2
son,2
faire,2
always,2
l,2
goat,2
tray,2
en,2
pork,2
variety,2
saturday,2
bistro,2
wines,2
calzone,2
members,2
shrimp,2
training,2
selections,2
hence,2
waitress,2
mad,2
preis,2
cheesy,2
umbrellas,2
ordering,2
tea,2
eater,2
serve,2
posts,2
kept,2
sign,2
albeit,2
colleagues,2
appetizer,2
speaking,2
feeling,2
mind,2
sad,2
blond,2
turn,2
sandwiches,2
which,2
plus,2
wisdom,2
marinara,2
nicholson,2
yum,2
quantity,2
impression,2
espresso,2
scooter,2
dj,2
jazz,2
coast,2
joint,2
ones,2
words,2
poutine,2
immer,2
morning,2
bars,2
art,2
habit,2
cocktails,2
anyways,2
noodles,2
consistency,2
cauliflower,2
kitchen,2
disappointment,2
whole,2
comment,2
reasons,2
address,2
pop,2
bisher,2
olives,2
beef,2
tiny,2
naples,2
box,2
brunch,2
hidden,2
bill,2
value,2
choices,2
fault,2
mistake,2
decor,2
person,2
bottle,2
entry,2
money,2
appetite,2
seats,2
pies,2
dass,2
wings,2
right,2
irgendwie,2
back,2
competition,2
ltnis,2
choosing,2
falafel,2
empire,2
christmas,2
either,2
eating,2
isn,2
habe,2
diner,2
ribs,2
o,2
afternoon,2
gewesen,2
nothing,2
strip,2
start,2
mozz,2
head,2
cutlets,2
made,2
sticks,2
fans,2
twist,2
role,2
branch,2
phoenix,2
favourite,2
gorgonzola,2
friends,2
potato,2
breadth,1
rating,1
bagel,1
month,1
manager,1
mile,1
ice,1
gm,1
layers,1
proviterlosl,1
auf,1
tv,1
disgusting,1
thursday,1
languages,1
ocasions,1
taib,1
worth,1
premium,1
garden,1
refund,1
tacos,1
me,1
spoon,1
sons,1
decide,1
got,1
exact,1
margarita,1
mmmmmmmmmmmmmmmmmm,1
die,1
wednesday,1
forni,1
item,1
prosciutto,1
team,1
quick,1
dip,1
rack,1
fritter,1
chew,1
geschichtet,1
dinners,1
examination,1
seasoning,1
sigh,1
consistent,1
streets,1
za,1
steaks,1
chef,1
go,1
corner,1
manner,1
run,1
cesar,1
chair,1
blue,1
errors,1
guilty,1
sub,1
sun,1
cooking,1
favour,1
waiting,1
version,1
turnaround,1
sur,1
bird,1
vorneweg,1
yelpers,1
pancakes,1
prato,1
component,1
meh,1
water,1
others,1
jure,1
buy,1
change,1
great,1
crumbles,1
syrah,1
vegetarian,1
rosemont,1
haunts,1
queue,1
credit,1
lasagna,1
cinnamon,1
opinion,1
deals,1
casanova,1
rum,1
italiano,1
expect,1
pesto,1
taouk,1
slivers,1
flaws,1
projector,1
flavouring,1
papas,1
craving,1
music,1
greasy,1
renovations,1
sort,1
charcoal,1
club,1
chocolate,1
downtown,1
stick,1
hole,1
hold,1
keeping,1
bartender,1
f,1
presentation,1
work,1
southwest,1
vu,1
vodka,1
acoustics,1
slip,1
noch,1
proportions,1
salty,1
hier,1
mish,1
complaining,1
mehr,1
watching,1
frites,1
lounge,1
menus,1
quebecois,1
fudge,1
profile,1
product,1
sandwich,1
cocktail,1
pastas,1
salsa,1
mussels,1
response,1
crepe,1
gremolata,1
uneingeschr,1
cutlery,1
height,1
greek,1
sh,1
everyone,1
classy,1
basket,1
addiction,1
eggplants,1
serving,1
help,1
kono,1
choose,1
discerning,1
course,1
attitude,1
perfect,1
gentlemen,1
willow,1
reluctance,1
approve,1
window,1
male,1
avis,1
orange,1
weeks,1
main,1
might,1
mettre,1
coffee,1
cannoli,1
commitment,1
walls,1
feature,1
term,1
manakish,1
nugget,1
edges,1
crunchy,1
filling,1
piping,1
pan,1
circular,1
glasses,1
fare,1
cost,1
chunk,1
strips,1
standards,1
salads,1
alcohol,1
entertainment,1
miss,1
tiramisu,1
health,1
maple,1
nite,1
surprise,1
megaclub,1
wisconsin,1
activity,1
anglaise,1
aioli,1
masterpiece,1
put,1
beginning,1
accommodation,1
card,1
waiter,1
timer,1
waterfall,1
zufrieden,1
view,1
ono,1
blown,1
veggie,1
fancy,1
lol,1
wasn,1
einen,1
spinach,1
accent,1
establishments,1
draft,1
too,1
white,1
syrup,1
friend,1
mentioning,1
eyes,1
vibrant,1
envoie,1
season,1
parm,1
nobody,1
backpedal,1
tee,1
dudes,1
musgraves,1
aftertaste,1
schon,1
varieties,1
passen,1
older,1
flavours,1
tummy,1
invention,1
contrary,1
bet,1
quebec,1
charlotte,1
sah,1
meats,1
coleslaw,1
nehmen,1
alongside,1
juicy,1
crazy,1
juice,1
spicy,1
halal,1
rtchen,1
take,1
thought,1
trance,1
port,1
band,1
interior,1
mamma,1
mir,1
soap,1
worldwide,1
slow,1
topping,1
margerita,1
unless,1
brodie,1
park,1
takeaway,1
fresco,1
victoria,1
complaints,1
sauteed,1
hostesses,1
gyro,1
average,1
housing,1
dog,1
crowd,1
doe,1
points,1
tech,1
occasion,1
away,1
lying,1
event,1
impasto,1
doughy,1
wheat,1
booze,1
range,1
find,1
execution,1
busy,1
deserts,1
tire,1
pouvez,1
state,1
fruit,1
sugar,1
starters,1
surroundings,1
idiots,1
going,1
black,1
employee,1
sainte,1
do,1
skimp,1
get,1
amici,1
outlet,1
gnocci,1
chips,1
him,1
nontheless,1
einmal,1
subways,1
twice,1
caramel,1
recommendations,1
bleu,1
undergoes,1
lemonade,1
pizzookie,1
bare,1
parking,1
fail,1
cozy,1
shop,1
lots,1
movie,1
meatballs,1
avery,1
outside,1
deliciousness,1
moons,1
teens,1
checks,1
compliment,1
solo,1
beverages,1
jy,1
nature,1
marvin,1
screen,1
attention,1
deliver,1
blame,1
diners,1
blarring,1
franchise,1
overhaul,1
perfection,1
joe,1
caprese,1
geschmacksache,1
hours,1
space,1
thon,1
games,1
attributes,1
requests,1
comes,1
otherwise,1
suggest,1
caesars,1
character,1
jeans,1
church,1
unassuming,1
speak,1
clumpy,1
breath,1
secret,1
pa,1
treat,1
pile,1
life,1
bolognese,1
boy,1
towne,1
c,1
pepperonis,1
dave,1
kids,1
demand,1
eaters,1
case,1
bruschetta,1
combos,1
casa,1
unlike,1
raw,1
vanilla,1
batch,1
pace,1
wild,1
k,1
cons,1
parmigiana,1
drawbacks,1
rip,1
someone,1
im,1
cone,1
reports,1
kinds,1
experiance,1
alati,1
downers,1
result,1
bottles,1
martini,1
make,1
belong,1
levity,1
beside,1
parts,1
gnudi,1
coworkers,1
ratings,1
mozzas,1
phx,1
delicate,1
favorites,1
judgment,1
collar,1
euro,1
freundlicher,1
com,1
ranch,1
antipasti,1
honor,1
tho,1
edge,1
veal,1
oops,1
vinaigrette,1
very,1
con,1
summer,1
background,1
herby,1
sizes,1
aroma,1
seen,1
mistakes,1
rooms,1
talk,1
geschafft,1
yet,1
cut,1
wee,1
cup,1
extra,1
envitonment,1
add,1
umiges,1
east,1
breezy,1
gave,1
styles,1
complaint,1
doors,1
read,1
couple,1
dark,1
finding,1
aoili,1
doughnut,1
bloody,1
lady,1
name,1
clan,1
crisp,1
garlicky,1
onion,1
glitch,1
chairs,1
disks,1
greeting,1
garage,1
steps,1
yorker,1
tower,1
works,1
yolk,1
awesome,1
grub,1
lavender,1
downside,1
nonetheless,1
respect,1
home,1
pet,1
comments,1
everything,1
does,1
reviendrions,1
conference,1
intimate,1
chefs,1
serbian,1
step,1
visits,1
lounges,1
super,1
limitation,1
ol,1
plan,1
ppl,1
artista,1
communication,1
catherine,1
carafe,1
homemade,1
been,1
owners,1
essen,1
rolls,1
cones,1
jerks,1
grapevine,1
weekend,1
vegetables,1
question,1
spots,1
happt,1
reduction,1
call,1
valley,1
war,1
medium,1
verantwortlich,1
coke,1
buttery,1
specialty,1
bun,1
tvs,1
heap,1
yeasty,1
buying,1
count,1
wish,1
variations,1
limit,1
turnover,1
cake,1
landscapes,1
clear,1
ex,1
specials,1
dill,1
ac,1
burrata,1
accents,1
measure,1
doesn,1
penne,1
rancid,1
cream,1
baguette,1
unwelcome,1
lemon,1
na,1
doner,1
contaminating,1
opinon,1
nap,1
gf,1
smell,1
clicks,1
dresses,1
tigen,1
variation,1
etwas,1
toasty,1
coverage,1
building,1
bases,1
aperetifs,1
bocconcini,1
cheaper,1
wifi,1
eatery,1
terrasse,1
extras,1
lafayette,1
dot,1
fresh,1
intimacy,1
adult,1
