time,1858
food,1764
place,1217
service,1074
restaurant,643
thing,630
experience,608
meal,556
night,497
menu,435
times,421
people,369
i,364
things,360
places,360
restaurants,350
dishes,336
quality,336
atmosphere,293
visit,288
selection,287
day,277
sauce,273
price,262
part,259
cheese,258
reviews,254
prices,247
bread,245
coffee,242
options,237
side,234
dinner,234
pizza,230
staff,221
burger,220
wine,219
breakfast,219
lunch,213
way,210
portions,210
course,209
chicken,207
portion,205
dish,204
spot,203
bar,199
tables,199
sushi,188
know,187
location,178
t,177
deal,176
flavor,175
think,171
beer,171
choice,169
fries,167
mexican,166
french,166
value,164
poutine,161
plate,159
salad,158
items,157
group,156
taste,156
amount,155
drinks,155
dining,151
s,150
end,148
ingredients,145
sandwich,144
order,140
potato,140
meat,138
music,134
rice,134
rib,130
wait,126
fan,125
review,124
notch,122
years,121
hour,121
chocolate,121
stuff,119
style,118
burgers,117
reason,117
meals,116
plates,116
bite,114
und,112
dessert,111
potatoes,111
montreal,110
brunch,110
customer,109
steak,109
ambiance,108
week,107
york,106
touch,105
variety,103
job,103
choices,103
get,102
cuisine,100
size,100
pieces,99
trip,99
tea,99
decor,97
drink,97
year,97
option,97
minutes,95
beef,94
table,94
friends,92
soup,90
evening,89
days,88
thai,86
bowl,86
person,85
egg,85
pork,85
nice,85
space,84
feel,84
tacos,83
beans,83
date,82
school,82
cafe,80
toast,80
hot,79
take,78
range,78
want,77
inside,77
tasting,76
find,76
chinese,76
flavors,75
ones,75
off,74
go,74
care,73
ist,72
onion,72
server,72
idea,71
glass,70
looking,70
dog,70
man,70
oil,70
seating,69
party,69
view,69
bbq,69
kitchen,68
spicy,67
try,65
hand,65
weekend,65
seafood,65
fruit,64
waiter,64
die,64
cocktails,64
tasty,64
vibe,63
eat,63
either,63
sweet,63
pho,62
sandwiches,62
sehr,61
room,61
eggs,61
fish,61
expectations,60
pasta,59
floor,58
door,58
family,58
ribs,57
occasion,57
pub,56
sign,56
piece,56
yet,55
considering,55
level,55
house,55
friend,54
surprise,54
stop,54
bites,53
et,52
cut,52
beers,52
crust,52
taco,52
right,51
love,51
buffet,51
d,51
star,51
hours,50
patio,50
line,50
chef,50
months,50
business,50
look,50
appetizer,50
plus,50
groups,50
nothing,50
fast,50
reviewers,49
butter,49
pepper,49
version,49
crowd,48
diner,48
area,48
wifi,48
happy,47
guy,47
addition,47
weeks,47
gem,47
curry,47
shrimp,47
customers,47
courses,46
see,46
half,46
street,46
bottle,46
ramen,46
everything,46
types,45
indian,45
vegan,45
toppings,45
mind,45
understand,45
de,45
presentation,45
home,44
foods,44
item,44
tapas,44
ice,44
cream,43
garden,43
kind,43
rolls,43
fare,43
combination,43
chips,43
mit,42
caf,42
slices,42
patrons,42
town,42
bacon,41
concept,41
remember,41
texture,41
sausage,41
cheesecake,41
neighborhood,41
bars,41
had,40
servers,40
war,40
recommend,40
disappointment,40
desert,40
however,40
na,40
water,40
made,40
note,39
curds,39
spots,39
waitress,39
gut,39
start,39
salmon,39
bit,39
cocktail,39
conversation,39
let,38
change,38
experiences,38
setting,38
entrees,38
appetizers,38
sauces,38
kinds,38
city,37
attitude,37
selections,37
type,37
cup,37
back,37
mix,37
n,37
birthday,37
morning,36
specials,36
issue,36
desserts,36
wines,36
problem,36
das,36
tip,36
name,36
cake,36
vegas,35
crepe,35
occasions,35
clean,35
eating,35
point,35
treat,35
im,35
bean,35
seats,35
diners,35
light,35
orange,35
busy,34
flavour,34
espresso,34
sunday,34
fun,34
ambience,34
corn,34
cheap,34
come,34
onions,34
kids,33
couple,33
dogs,33
do,33
chunks,33
terrace,33
me,33
salsa,33
list,33
cozy,33
feeling,32
minute,32
chance,32
work,32
japanese,32
nicht,32
balance,32
outdoor,32
naan,32
bistro,32
hopes,32
vegetables,32
environment,32
wood,32
crispy,32
chili,31
roll,31
parties,31
sides,31
chairs,31
noch,31
serving,31
recommendations,31
entree,31
downside,31
peppers,31
favourite,31
la,31
noodles,31
establishment,30
decorations,30
american,30
warm,30
better,30
afternoon,30
fine,30
vietnamese,30
f,30
expect,30
flavours,30
words,30
walk,30
locations,29
burrito,29
twist,29
yelpers,29
pie,29
yelp,29
meats,29
parking,29
tao,29
tomatoes,29
salty,28
w,28
number,28
steakhouse,28
crab,28
kick,28
offerings,28
mushroom,28
super,28
rye,28
aber,28
pot,28
lighting,28
friday,28
windows,28
deli,27
lot,27
mistake,27
lady,27
cause,27
luck,27
round,27
multi,27
saturday,27
lobster,26
spring,26
be,26
tomato,26
stomach,26
greek,26
ein,26
juice,26
eater,26
call,26
complaint,26
make,26
dip,26
creamy,26
maybe,26
rating,26
again,26
oysters,26
broth,26
avons,26
wild,26
tastes,25
palette,25
dressing,25
char,25
veggies,25
buffets,25
impression,25
stars,25
charge,25
port,25
sure,25
slice,25
design,25
hotel,25
cloth,25
hole,24
dente,24
chain,24
summer,24
sense,24
korean,24
truffle,24
finish,24
vegetarian,24
menus,24
event,24
italian,24
management,24
pastries,24
little,24
money,24
bill,24
alternative,24
syrup,24
mushrooms,24
came,23
nachos,23
section,23
bartender,23
manner,23
cold,23
albeit,23
combinations,23
while,23
resto,23
don,23
basis,23
pizzas,23
main,23
tender,23
herbs,23
medium,23
ne,23
standards,23
reasons,23
apple,23
wooden,22
veggie,22
lots,22
screen,22
owners,22
les,22
great,22
pour,22
help,22
guests,22
manager,22
black,22
thru,22
mac,22
rock,22
girl,22
der,22
everyone,22
homemade,22
talon,22
le,22
class,22
foodie,21
fry,21
steaks,21
bits,21
world,21
together,21
chefs,21
expecting,21
say,21
word,21
mais,21
interior,21
ways,21
story,21
believe,21
art,21
shell,21
foie,21
hidden,20
suggestions,20
pouvez,20
glasses,20
woman,20
l,20
favorites,20
juicy,20
visits,20
bottles,20
cuts,20
eats,20
decision,20
serve,20
took,20
mood,20
duck,20
instead,20
combo,20
dort,19
orleans,19
offer,19
neighbourhood,19
spanish,19
set,19
hier,19
away,19
air,19
margarita,19
en,19
month,19
une,19
milk,19
shot,19
every,19
filling,19
dumplings,19
nights,19
fix,18
latte,18
company,18
wieder,18
owner,18
crisp,18
ordering,18
german,18
omelet,18
bet,18
joint,18
tell,18
amazing,18
greasy,18
spinach,18
path,18
yummy,18
dim,18
views,18
corner,18
waiters,18
y,18
goods,18
ingredient,18
others,18
lamb,18
soft,18
bun,18
quick,18
check,18
hit,18
filet,18
crepes,18
something,18
dollars,17
jazz,17
etwas,17
smile,17
always,17
anything,17
un,17
etc,17
moments,17
crunch,17
bang,17
can,17
produce,17
soy,17
breads,17
blend,17
products,17
bakery,17
mile,17
basket,17
island,17
strip,17
orders,17
businesses,17
cakes,17
lines,17
thought,17
news,17
cook,17
tempura,17
eaters,17
coffees,17
cooking,16
theme,16
chile,16
tuna,16
didn,16
pick,16
mousse,16
counter,16
rooms,16
tiny,16
thick,16
juices,16
non,16
es,16
steakhouses,16
amounts,16
loud,16
assortment,16
girls,16
ceilings,16
guys,16
show,16
seat,16
breakfasts,16
lime,16
establishments,16
areas,16
comment,16
eine,16
excellent,16
must,16
crunchy,16
twice,16
thumbs,16
platter,16
noodle,16
use,16
wasn,15
life,15
st,15
salt,15
calamari,15
sea,15
pastor,15
vinegar,15
high,15
put,15
pudding,15
ck,15
lust,15
checking,15
lack,15
nett,15
gravy,15
fusion,15
portuguese,15
was,15
baguette,15
snack,15
miss,15
bonus,15
tofu,15
booth,15
einfach,15
ever,15
lettuce,15
dass,15
yes,15
box,15
shop,15
bon,15
culinary,15
park,15
crusty,15
detail,15
leaves,15
raw,15
eingeganngen,15
omelette,15
stand,15
valley,15
fancy,15
store,15
moist,15
batch,15
once,15
spoon,15
spices,15
touches,14
unique,14
smell,14
chair,14
varieties,14
salads,14
favorite,14
sunny,14
compliment,14
opinion,14
details,14
employees,14
savory,14
wi,14
window,14
slaw,14
building,14
very,14
paella,14
pancakes,14
einen,14
preparation,14
points,14
sugar,14
effort,14
sour,14
same,14
aspect,14
pile,14
difference,14
dem,14
enjoy,14
cool,14
white,14
cafes,14
gibt,14
alcohol,14
bland,14
waiting,14
refreshing,14
beverages,14
scottsdale,13
awesome,13
dark,13
preference,13
pickles,13
plan,13
elements,13
blocks,13
restrictions,13
cr,13
delivery,13
toll,13
band,13
iron,13
cod,13
speak,13
smoothies,13
mayo,13
tooth,13
comes,13
cookies,13
ass,13
pretty,13
game,13
zu,13
starter,13
need,13
watering,13
roast,13
modern,13
aioli,13
speaking,13
spice,13
b,13
fans,13
moment,13
sind,13
variations,13
appetite,13
got,13
soda,13
treats,13
nur,13
burnt,13
focus,13
hungry,13
pop,13
eatery,13
couples,13
booths,13
refills,13
hipster,13
parmesan,13
starters,13
attention,13
questions,13
sounding,13
question,13
takeaway,13
poutines,12
yum,12
quaint,12
rich,12
ham,12
bagels,12
quite,12
average,12
intimate,12
alle,12
community,12
read,12
levels,12
buttery,12
face,12
brew,12
worth,12
glance,12
highlights,12
product,12
maple,12
eaten,12
wings,12
doesn,12
reservation,12
wenn,12
mini,12
bag,12
mediocre,12
seasoning,12
boy,12
mom,12
quebec,12
cups,12
sangria,12
tap,12
venue,12
buns,12
fashion,12
wedding,12
heat,12
quantity,12
outside,12
cities,12
decent,12
ladies,12
vibes,12
taouk,12
donuts,12
mustard,12
deals,12
sit,12
country,11
spin,11
son,11
tartare,11
grub,11
am,11
benedict,11
oyster,11
blowing,11
frites,11
muffin,11
somewhere,11
brown,11
cost,11
southern,11
card,11
offering,11
language,11
beyond,11
banana,11
damn,11
trendy,11
run,11
wave,11
timer,11
nonetheless,11
ayce,11
honey,11
left,11
till,11
efficient,11
middle,11
palate,11
children,11
sashimi,11
walls,11
caesar,11
task,11
fixtures,11
soups,11
colors,11
discovery,11
cherry,11
head,11
sports,11
pickle,11
comfort,11
turn,11
array,11
pro,11
components,11
ale,11
rate,11
tes,11
cheeses,11
deserts,11
latin,11
market,11
lemon,11
looks,11
hence,11
layer,11
english,11
upscale,10
wrap,10
truffles,10
veg,10
recipe,10
team,10
bloody,10
working,10
going,10
tortilla,10
trips,10
tv,10
sometimes,10
von,10
names,10
gewesen,10
wheat,10
baby,10
peas,10
smooth,10
monday,10
las,10
conseille,10
du,10
lemonade,10
requests,10
cons,10
spread,10
p,10
club,10
fruits,10
olives,10
parts,10
decide,10
streets,10
block,10
including,10
university,10
bucks,10
strange,10
stay,10
isn,10
folks,10
mussels,10
bringen,10
cute,10
smoothie,10
cheesy,10
pastry,10
fall,10
hamburger,10
needs,10
energy,10
tso,10
red,10
interaction,10
taiwanese,10
croissants,10
center,10
pig,10
mozzarella,10
mess,10
nite,10
suggest,10
phoenix,10
terrasse,10
season,10
seems,10
vanilla,10
garnish,10
gourmet,10
brisket,10
hip,10
notes,10
martini,10
accent,10
ginger,10
opening,10
waitresses,10
weather,10
goodness,10
yellow,9
bitter,9
supper,9
winter,9
edinburgh,9
attraction,9
ketchup,9
bright,9
impressions,9
memories,9
having,9
waitstaff,9
england,9
avec,9
hostess,9
cucumber,9
cheddar,9
tart,9
beverage,9
makes,9
serrano,9
classy,9
blown,9
toffee,9
vs,9
avocado,9
anniversary,9
pubs,9
extra,9
america,9
ratio,9
scallops,9
excuse,9
grill,9
ratings,9
pictures,9
consistency,9
chunk,9
margaritas,9
anyway,9
winner,9
employee,9
tuesday,9
buzz,9
well,9
strawberries,9
lights,9
credit,9
adult,9
seem,9
mint,9
delight,9
skin,9
thank,9
chewy,9
shopping,9
pay,9
tour,9
dollar,9
sitting,9
someone,9
done,9
carne,9
talk,9
mention,9
que,9
qui,9
south,9
cauliflower,9
sausages,9
j,9
mash,9
description,9
too,9
christmas,9
longer,9
ausprobieren,9
quiet,9
color,9
direction,9
good,9
styles,9
guacamole,9
joints,9
temperature,9
c,9
crowds,9
surroundings,9
skimp,9
kann,9
plantains,8
doors,8
fair,8
score,8
child,8
o,8
pricing,8
burritos,8
jerk,8
draft,8
opposite,8
walking,8
edamame,8
stone,8
hen,8
dirty,8
patty,8
scallop,8
m,8
balls,8
clients,8
hangover,8
soap,8
courtyard,8
neapolitan,8
eateries,8
pairing,8
daughter,8
cappuccino,8
families,8
kept,8
client,8
octopus,8
welcome,8
offen,8
chip,8
lounge,8
slab,8
blame,8
media,8
lol,8
dumpling,8
rude,8
ask,8
stores,8
locals,8
berries,8
hands,8
front,8
immer,8
francisco,8
vraiment,8
fluffy,8
uns,8
basil,8
margherita,8
tartar,8
did,8
sake,8
downtown,8
pint,8
pepperoni,8
dates,8
pad,8
mcdonald,8
road,8
strawberry,8
airport,8
numbers,8
stir,8
response,8
pleasure,8
nach,8
giant,8
brunches,8
strips,8
philosophy,8
bartenders,8
bunch,8
otherwise,8
keine,8
variation,8
jack,8
pate,8
croissant,8
tourist,8
ceiling,8
tourists,8
reputation,8
cajun,8
bathroom,8
versions,8
bargain,8
comments,8
tortillas,8
hospitality,8
today,8
foodies,8
sterne,8
state,8
period,8
ravioli,8
events,8
googlen,8
ok,8
attitudes,8
short,8
return,8
cleaner,8
reduction,8
brick,8
allerdings,8
helping,8
goodies,8
folk,8
sort,8
getting,8
gluten,8
bagel,8
wall,8
unlike,8
press,8
herb,7
bowls,7
prix,7
layout,7
nature,7
eastern,7
durchschnitt,7
paedo,7
steps,7
servings,7
sprouts,7
cooks,7
teas,7
leave,7
ground,7
abende,7
nicer,7
carolina,7
chorizo,7
machen,7
cilantro,7
aspects,7
package,7
essen,7
mich,7
past,7
pass,7
sweetness,7
wasabi,7
prawns,7
perfect,7
aufgeben,7
ball,7
smoke,7
banh,7
system,7
hollandaise,7
com,7
east,7
tho,7
thanks,7
polite,7
jahre,7
regret,7
lieferservice,7
carb,7
flowers,7
mains,7
pumpkin,7
bietet,7
improvement,7
treatment,7
knots,7
peanuts,7
booze,7
won,7
whatever,7
alone,7
rum,7
gr,7
asparagus,7
wir,7
charming,7
farm,7
measure,7
mango,7
sizes,7
members,7
auf,7
enchiladas,7
tips,7
attempt,7
zealand,7
fork,7
form,7
marinara,7
gnocchi,7
gesture,7
beim,7
pizzeria,7
coconut,7
complaints,7
pas,7
schupi,7
fondue,7
students,7
eye,7
recall,7
complain,7
cirque,7
depending,7
charm,7
mein,7
mimosas,7
peanut,7
request,7
taking,7
denis,7
hair,7
est,7
buy,7
byow,7
ales,7
hangout,7
chipotle,7
resist,7
approach,7
fault,7
been,7
containers,7
exterior,7
mentioning,7
hearty,7
discount,7
gin,7
des,7
cinnamon,7
tunes,7
pre,7
yelper,7
sst,7
myself,7
ltnis,7
slick,7
moon,7
ol,7
als,7
ticket,7
ten,7
screens,7
quebecois,7
brother,7
cookie,7
king,7
decadent,7
became,7
plants,7
rip,7
quail,7
ganz,7
drinking,7
rabbit,7
tab,7
sip,7
which,7
meatballs,7
fifties,7
gute,7
secret,7
wagyu,6
golden,6
feature,6
rewards,6
gripe,6
pretzel,6
enchilada,6
hat,6
filipino,6
example,6
queue,6
container,6
training,6
alles,6
chat,6
power,6
rush,6
consider,6
case,6
hash,6
shops,6
bummer,6
guest,6
sell,6
caramel,6
premises,6
incident,6
whole,6
vor,6
shorter,6
aroma,6
parents,6
sight,6
influence,6
age,6
punch,6
chocolates,6
coast,6
comme,6
realize,6
craving,6
schnitzel,6
colleagues,6
waffles,6
h,6
ce,6
arugula,6
wee,6
seeds,6
dazu,6
haggis,6
break,6
strangers,6
airy,6
tex,6
tavern,6
personality,6
checks,6
hummus,6
tone,6
hang,6
condiments,6
post,6
silverware,6
flan,6
cosy,6
car,6
apples,6
concern,6
gentlemen,6
stools,6
poor,6
pool,6
montr,6
blueberries,6
baristas,6
respect,6
flaws,6
translation,6
charlotte,6
lit,6
mela,6
wow,6
sliders,6
older,6
quarters,6
rub,6
heritage,6
wohl,6
barbecue,6
pancake,6
kenne,6
scoop,6
hle,6
entertainment,6
veal,6
bei,6
coke,6
breweries,6
display,6
nes,6
confit,6
runny,6
went,6
bone,6
hollywood,6
seen,6
parsley,6
smoky,6
il,6
character,6
subs,6
down,6
diet,6
marks,6
bot,6
suggestion,6
bezeichnen,6
tall,6
wert,6
bolognese,6
track,6
cuban,6
par,6
pan,6
mon,6
starting,6
gf,6
playing,6
services,6
cheaper,6
cubes,6
simple,6
drawbacks,6
bis,6
falafel,6
pet,6
forward,6
boys,6
dinners,6
collection,6
flair,6
classics,6
unless,6
beets,6
perfection,6
welcoming,6
vinaigrette,6
works,6
noisy,6
brand,6
wise,6
wish,6
pride,6
gucken,6
voice,6
changes,6
waffle,6
contact,6
metal,6
tions,6
drawback,6
papaya,6
gave,6
peruvian,6
regulars,6
weird,6
meatball,6
dress,6
offers,6
district,6
population,6
expectation,6
schwer,6
tigen,6
spirit,6
except,6
stops,6
fav,6
sub,6
adventure,6
bigger,6
schon,6
dans,6
preise,6
hin,6
frozen,6
vendor,6
yorker,6
skewers,6
highlight,6
warning,6
meaning,6
issues,6
app,6
flour,6
category,6
g,6
boring,6
movie,6
supply,6
succulent,6
leaf,6
kinda,6
clientele,5
haben,5
criticism,5
circumstances,5
pints,5
rt,5
legs,5
hostesses,5
greens,5
fail,5
pita,5
gerne,5
horseradish,5
chill,5
ownership,5
melt,5
ipa,5
omelets,5
quarter,5
square,5
besides,5
favors,5
sat,5
twists,5
ribeye,5
al,5
az,5
tail,5
contrast,5
states,5
backyard,5
avez,5
play,5
toujours,5
burrata,5
spirits,5
sesame,5
format,5
queso,5
sorbet,5
equivalent,5
thin,5
casino,5
popcorn,5
thats,5
fillings,5
animals,5
process,5
cabbage,5
move,5
scene,5
damit,5
bother,5
rouge,5
jam,5
heaters,5
broccoli,5
less,5
teriyaki,5
pies,5
gardens,5
chez,5
told,5
haha,5
magen,5
restos,5
cantonese,5
sont,5
dieses,5
werde,5
nahe,5
minus,5
steal,5
brasserie,5
terms,5
relaxing,5
plating,5
pupusas,5
live,5
clue,5
cab,5
mocha,5
goat,5
el,5
ex,5
marins,5
lunches,5
hookah,5
online,5
forever,5
turnover,5
glaze,5
colours,5
habe,5
besucht,5
evenings,5
heaven,5
chunky,5
gyrosteller,5
haddock,5
coleslaw,5
aussi,5
towards,5
friteuse,5
rumpsteak,5
trees,5
basement,5
close,5
patties,5
else,5
ready,5
hallway,5
showing,5
rftig,5
perk,5
aftertaste,5
dips,5
specialty,5
adults,5
nan,5
e,5
outing,5
button,5
verdict,5
wie,5
crap,5
whisky,5
soggy,5
samosa,5
viateur,5
jersey,5
effect,5
gastropub,5
vide,5
lager,5
additions,5
north,5
empty,5
reservations,5
mex,5
vodka,5
fave,5
ish,5
einer,5
features,5
mins,5
hunger,5
polenta,5
height,5
interest,5
near,5
henfl,5
kid,5
background,5
zum,5
napkin,5
sticky,5
felt,5
tartares,5
soul,5
making,5
pink,5
seeing,5
california,5
boba,5
gyro,5
milkshakes,5
je,5
unassuming,5
bathrooms,5
coupon,5
deep,5
component,5
lasagna,5
none,5
den,5
potatoe,5
coat,5
dragon,5
pesto,5
vorab,5
valentine,5
mountain,5
poke,5
fand,5
tamales,5
visiting,5
meeting,5
bruschetta,5
entry,5
alternate,5
costumer,5
delish,5
curd,5
existent,5
staple,5
bones,5
lv,5
recipes,5
mid,5
disappointments,5
knowledge,5
chilies,5
neben,5
legendary,5
wett,5
blue,5
laid,5
western,5
pineapple,5
habit,5
michelin,5
catch,5
melting,5
clubs,5
picture,5
couches,5
representation,5
term,5
spaces,5
college,5
turkey,5
tasteless,5
cash,5
competition,5
eigentlich,5
wife,5
sum,5
cucumbers,5
departure,5
health,5
feed,5
dine,5
comfy,5
dann,5
creme,5
advise,5
higher,5
plateau,5
pros,5
plaza,5
drinkers,5
nun,5
hnchen,5
women,5
eher,5
bye,5
tray,5
artists,5
echt,5
planning,5
qu,5
nachts,5
eingerichtet,5
pasty,5
rare,5
daran,5
toasts,5
hanging,4
elegant,4
brought,4
complaining,4
fin,4
gesch,4
silver,4
tangy,4
ranging,4
danish,4
tree,4
bliss,4
blonde,4
voulez,4
meringue,4
fox,4
pinches,4
role,4
smelling,4
occurrence,4
pretend,4
elephant,4
su,4
tte,4
lackluster,4
faves,4
salade,4
gordon,4
rzt,4
sad,4
haunt,4
situation,4
blah,4
tvs,4
tots,4
paninis,4
aufnahm,4
accents,4
au,4
schade,4
burgundy,4
healthier,4
information,4
trade,4
caesars,4
found,4
saint,4
appreciation,4
wraps,4
aufgefallen,4
bird,4
sips,4
scottish,4
fire,4
seek,4
stack,4
grapefruit,4
bc,4
um,4
fresh,4
continues,4
rack,4
shrimps,4
wurden,4
waren,4
chow,4
compote,4
length,4
festival,4
mojitos,4
result,4
element,4
latino,4
tapa,4
hope,4
means,4
btw,4
email,4
ultra,4
paul,4
sister,4
brownies,4
count,4
comptoir,4
casinos,4
chew,4
era,4
nuts,4
fleckigda,4
prawn,4
lattes,4
nobody,4
sehen,4
dj,4
kinks,4
gekommen,4
board,4
ole,4
lineup,4
songs,4
clothing,4
kilkennny,4
birds,4
nor,4
pommes,4
drop,4
em,4
shows,4
british,4
promotion,4
professionals,4
topping,4
takeaways,4
panierte,4
izakaya,4
husband,4
hawai,4
thanksgiving,4
soir,4
pastas,4
tradition,4
dancers,4
journey,4
choy,4
probiert,4
messy,4
study,4
vorneweg,4
revelation,4
hamburgers,4
starbucks,4
fountain,4
charcuterie,4
horse,4
blossom,4
croque,4
grocery,4
microbrews,4
alongside,4
league,4
delights,4
pace,4
anymore,4
banter,4
roaster,4
success,4
yolk,4
smells,4
recommendation,4
smiles,4
drag,4
everywhere,4
geschmeckt,4
paintings,4
belgian,4
donut,4
hesitate,4
bel,4
carrots,4
camper,4
fellow,4
gras,4
shake,4
efficiency,4
dose,4
skill,4
drizzle,4
schmeckt,4
diego,4
chippy,4
extras,4
dry,4
county,4
crew,4
panini,4
digs,4
mine,4
pointe,4
reference,4
quantities,4
shattering,4
mexico,4
opportunity,4
thoughts,4
smokey,4
identify,4
somehow,4
dense,4
sticks,4
disgusting,4
limes,4
fillet,4
appetites,4
kebab,4
hotels,4
pluses,4
crazy,4
african,4
policy,4
brews,4
americano,4
knives,4
were,4
cheeseburger,4
across,4
august,4
mark,4
platziert,4
sound,4
licieux,4
bags,4
cabane,4
companion,4
teigig,4
facing,4
sommes,4
thali,4
seconds,4
entgegen,4
romantik,4
hound,4
jalape,4
bakeries,4
search,4
dinning,4
compare,4
share,4
lousy,4
quesadilla,4
advice,4
different,4
dough,4
flower,4
disposition,4
instances,4
zucchini,4
complement,4
dietary,4
chatter,4
talking,4
decoration,4
knusprig,4
per,4
jalapenos,4
cooker,4
sherbrooke,4
putting,4
zest,4
chicago,4
honor,4
snacks,4
forest,4
frank,4
lover,4
bear,4
timing,4
laugh,4
lebanese,4
plain,4
bench,4
esp,4
chains,4
byob,4
draught,4
hate,4
almond,4
meaty,4
noting,4
brewdog,4
estate,4
writing,4
walnut,4
coin,4
mixture,4
watch,4
shots,4
grandmother,4
trust,4
beet,4
craft,4
combos,4
ocean,4
mother,4
bands,4
judge,4
ahi,4
heap,4
vietnam,4
alternatives,4
advantage,4
stream,4
conversations,4
sangrias,4
oasis,4
calories,4
necessarily,4
ewig,4
kartoffelsalat,4
tarts,4
rent,4
visitors,4
reaction,4
afterwards,4
paying,4
delicate,4
hint,4
redeeming,4
oj,4
pistachio,4
wontons,4
jus,4
haitian,4
concoctions,4
fat,4
roe,4
sur,4
pleasant,4
glad,4
caveat,4
scientist,4
resort,4
might,4
mitessen,4
feet,4
imports,4
maison,4
fresco,4
brioche,4
arm,4
aussenbereiche,4
ignoriert,4
cuisines,4
memory,4
buffalo,4
leaving,4
carrot,4
taj,4
batches,4
mcgill,4
citrus,4
practice,4
kommt,4
chaos,4
shelf,4
falafels,4
cksb,4
pretzels,4
voudrez,4
chances,4
recommande,4
mugs,4
watching,4
convert,4
closer,4
joe,4
gets,4
demeanor,4
squeeze,4
sich,4
branch,4
gelato,4
specialties,3
errors,3
china,3
einiges,3
therefore,3
strike,3
hop,3
beauty,3
timers,3
wing,3
fit,3
easier,3
whiz,3
whip,3
grapes,3
breed,3
wash,3
tres,3
wholesome,3
mouth,3
episode,3
tequila,3
galement,3
relish,3
dipping,3
anfangen,3
disaster,3
pinot,3
souvenir,3
substance,3
split,3
umami,3
ckchen,3
has,3
shakes,3
waits,3
pomodoro,3
subway,3
sigh,3
understanding,3
upgrade,3
address,3
vege,3
truck,3
splurge,3
jim,3
rlich,3
formula,3
mignon,3
sah,3
san,3
aside,3
remarks,3
hockey,3
anyways,3
stretch,3
newspaper,3
wrappers,3
schrimps,3
edges,3
costs,3
crusts,3
traffic,3
clam,3
exit,3
turnip,3
ab,3
mass,3
tr,3
sans,3
prosciutto,3
investment,3
pics,3
male,3
mehr,3
paper,3
signs,3
brie,3
ersetzt,3
atmospherics,3
research,3
tiramisu,3
imagine,3
definition,3
gold,3
gooey,3
factor,3
blow,3
loaf,3
funny,3
snail,3
novelty,3
wenngleich,3
scratch,3
turkish,3
categories,3
mediterranean,3
spaghetti,3
turnaround,3
slabs,3
lee,3
leg,3
standing,3
doubt,3
awkwardness,3
artichoke,3
chutney,3
onlookers,3
doing,3
steep,3
tonight,3
ckt,3
fact,3
oreos,3
bring,3
jar,3
copain,3
drank,3
stuffing,3
phx,3
afghan,3
bananas,3
garage,3
choosing,3
hipsters,3
does,3
schedule,3
catherine,3
commitment,3
scones,3
ausstattung,3
capers,3
rule,3
mansion,3
tickets,3
textures,3
celebration,3
thursday,3
moron,3
disappoint,3
fudge,3
quand,3
appreciate,3
greet,3
safe,3
logo,3
elevator,3
cereal,3
convenient,3
bier,3
bien,3
handful,3
cor,3
ill,3
con,3
royal,3
che,3
fuss,3
critique,3
kostet,3
humor,3
rendering,3
mtl,3
rotisserie,3
handmade,3
layers,3
zone,3
blast,3
entrance,3
cat,3
flank,3
affirme,3
indeed,3
cole,3
fires,3
honest,3
caught,3
crack,3
fruity,3
halibut,3
leather,3
suspects,3
crawfish,3
notice,3
schnell,3
comer,3
oder,3
chinatown,3
foam,3
dabei,3
puree,3
ami,3
rules,3
execution,3
fortune,3
pounds,3
suppliers,3
nuggets,3
francis,3
comparison,3
hunks,3
loo,3
interiors,3
pear,3
darkness,3
deliciousness,3
ahead,3
aimez,3
takes,3
pur,3
lineups,3
brasseries,3
soon,3
faire,3
pourrez,3
vollkornfladen,3
crescent,3
useless,3
finster,3
hype,3
descriptions,3
stallion,3
shortcake,3
liver,3
pack,3
grand,3
reviewer,3
cherrier,3
sofa,3
step,3
boxes,3
shiny,3
disclosure,3
dude,3
cheesesteak,3
info,3
performances,3
uber,3
acidity,3
draw,3
depth,3
farms,3
compact,3
plays,3
chang,3
win,3
meet,3
belongings,3
sweets,3
stout,3
risotto,3
wartet,3
werden,3
ben,3
culture,3
border,3
screw,3
michigan,3
powder,3
key,3
fashioneds,3
speaker,3
sources,3
lecker,3
page,3
liking,3
competitor,3
cocoa,3
napa,3
hh,3
balcony,3
einkehren,3
gorgonzola,3
aider,3
sorry,3
marche,3
skills,3
clothes,3
entr,3
laughs,3
pogo,3
negroni,3
enthusiasts,3
debit,3
grade,3
somewhat,3
tastiness,3
soweit,3
competitors,3
scotch,3
danach,3
bay,3
architecture,3
lazy,3
opportunities,3
exception,3
shame,3
cleo,3
maki,3
pourboire,3
save,3
trilogie,3
zur,3
vorkommen,3
daddy,3
zudem,3
venison,3
overdue,3
madison,3
ride,3
staples,3
henri,3
dit,3
attendre,3
frosting,3
pers,3
sharing,3
nyc,3
may,3
mad,3
cidre,3
schwartz,3
fondant,3
chickpea,3
listing,3
artist,3
signage,3
living,3
lump,3
americans,3
sounds,3
personalities,3
speakers,3
performance,3
pain,3
tub,3
mart,3
mary,3
coco,3
pao,3
curries,3
muhamarra,3
shells,3
file,3
fill,3
enjoying,3
sushis,3
caffeine,3
lemony,3
nachfrage,3
potatos,3
protein,3
versehen,3
freundlichen,3
micro,3
brewery,3
follower,3
smoother,3
statement,3
parm,3
murder,3
batter,3
vine,3
quiche,3
please,3
salsas,3
schmackhaft,3
lunchtime,3
century,3
bekommt,3
concoction,3
rabattre,3
torta,3
parfait,3
spent,3
spend,3
ceasar,3
examples,3
scale,3
restaraunt,3
dragging,3
shock,3
access,3
objects,3
baskets,3
iim,3
praise,3
noises,3
regions,3
feta,3
stock,3
profile,3
waters,3
da,3
barley,3
yard,3
pots,3
plusieurs,3
ganache,3
mir,3
etwa,3
subways,3
doner,3
nevertheless,3
ads,3
match,3
vibrant,3
stuffy,3
host,3
brands,3
custard,3
yorkers,3
chatting,3
bus,3
glory,3
pit,3
unser,3
martinis,3
rise,3
encounter,3
zesty,3
ventures,3
changer,3
straw,3
tenders,3
phone,3
mi,3
keep,3
kebabs,3
oven,3
each,3
god,3
top,3
elegance,3
tibetan,3
rancid,3
lieber,3
kale,3
claude,3
situations,3
taient,3
mug,3
incarnation,3
games,3
kitties,3
chalkboards,3
focaccia,3
gift,3
escape,3
bisque,3
accommodate,3
cafeteria,3
rounds,3
miso,3
til,3
ny,3
orchid,3
henderson,3
sloppy,3
artwork,3
posts,3
trend,3
comforting,3
ethiopian,3
pakora,3
suppe,3
cashier,3
donnent,3
downfall,3
tipper,3
renovation,3
samosas,3
importation,3
persian,3
jeuner,3
swing,3
stuck,3
cards,3
reno,3
quartier,3
ideas,3
savoury,3
jokes,3
surfaces,3
tortas,3
satisfaction,3
changing,3
flakes,3
flakey,3
tower,3
steamies,3
lentils,3
caribbean,3
nutty,3
oh,3
determine,3
cultures,3
grass,3
idiot,3
thirsty,3
lovers,3
all,3
liter,3
worse,3
worst,3
sud,3
crush,3
herring,3
flaw,3
stick,3
influences,3
cannoli,3
instructions,3
generation,3
peeps,3
introduction,3
bekommen,3
dane,3
finding,3
pizzazz,3
fond,3
cote,3
snowstorm,3
franchise,3
village,3
flight,3
edge,3
hotdog,3
prince,3
gems,3
workers,3
findet,3
forkful,3
seller,3
complimentary,3
dill,3
ceviche,3
include,3
chilipulver,3
wishes,3
fastfood,3
zeit,3
marinade,3
ummm,3
sie,3
mojito,3
pistachios,3
grits,3
shallot,3
institution,3
encore,3
scone,3
teilte,3
hi,3
seaweed,3
milder,3
kimchi,3
stories,3
exam,3
nigiri,3
ave,3
vintage,3
beast,3
student,3
antipasti,3
italien,3
flemings,3
georges,3
hosts,3
church,3
empire,3
urgem,3
biscuit,3
seabass,3
apps,3
book,3
woods,2
woody,2
eggrolls,2
bringing,2
basics,2
prize,2
wednesday,2
designing,2
whose,2
reports,2
slivers,2
musik,2
sweeter,2
concepts,2
travel,2
combler,2
wins,2
feedback,2
murals,2
queues,2
spotless,2
shelves,2
takeout,2
pimms,2
hibachi,2
runner,2
chako,2
causing,2
knaller,2
tech,2
klein,2
ner,2
heirloom,2
imho,2
sustenance,2
yogurt,2
glasgow,2
extent,2
roller,2
pity,2
logic,2
raita,2
gyoza,2
stadium,2
worker,2
dave,2
chemex,2
european,2
photographers,2
limonade,2
innocent,2
old,2
okra,2
bottom,2
indication,2
terraces,2
benches,2
citizens,2
flatbread,2
arepas,2
macaroon,2
intend,2
rolling,2
push,2
faisait,2
furry,2
laika,2
mahi,2
tartars,2
casse,2
grandparents,2
jure,2
crumbles,2
influx,2
santa,2
radish,2
gulp,2
papas,2
values,2
slowness,2
mirrors,2
frogs,2
slush,2
convaincre,2
si,2
overhaul,2
tori,2
records,2
superbement,2
blt,2
cobb,2
ono,2
custom,2
erinnerungen,2
twenties,2
wandering,2
sag,2
taster,2
saq,2
saw,2
hawaiian,2
entschieden,2
slow,2
assistant,2
outlet,2
southside,2
earthiness,2
dives,2
veniez,2
charmer,2
supermarket,2
expression,2
west,2
vrai,2
dorthin,2
alfredo,2
nearby,2
divino,2
suchi,2
throwback,2
origins,2
industry,2
act,2
marshmallow,2
cheapish,2
ragu,2
tight,2
fours,2
gifts,2
remplace,2
gingham,2
tu,2
taib,2
manage,2
pearl,2
mall,2
glowing,2
countryside,2
snotty,2
hauling,2
brim,2
smiling,2
sucker,2
everytime,2
piping,2
upstairs,2
scoops,2
misses,2
calzone,2
contender,2
kippe,2
kobe,2
guess,2
heads,2
theater,2
tortellini,2
getaway,2
tummy,2
fter,2
graffiti,2
blond,2
self,2
blackboard,2
wisdom,2
chequers,2
crispiness,2
chowder,2
columns,2
breading,2
aberdeen,2
guinea,2
connection,2
drunk,2
uschend,2
allegiance,2
souffle,2
devil,2
towne,2
representative,2
pound,2
vom,2
ding,2
wasteland,2
cigar,2
picky,2
picks,2
surprises,2
eager,2
quest,2
pals,2
br,2
aswell,2
garbage,2
barman,2
observation,2
chai,2
tard,2
drippings,2
scrub,2
land,2
consumer,2
hello,2
results,2
gossip,2
send,2
mixing,2
magic,2
visuals,2
video,2
fischgerichte,2
flowing,2
residents,2
auswahl,2
causewayside,2
baba,2
portugese,2
wedge,2
docking,2
palates,2
pigs,2
designs,2
kiss,2
rotation,2
chevres,2
frequency,2
interactions,2
temps,2
ramekin,2
chilli,2
enought,2
spill,2
david,2
soothing,2
haven,2
amberjack,2
principal,2
devriez,2
meant,2
croquettes,2
styrofoam,2
streamliner,2
24hrs,2
belinda,2
butte,2
co,2
wtf,2
libations,2
chalkboard,2
waste,2
louisiana,2
va,2
ripe,2
tattoo,2
feminine,2
automne,2
web,2
almonds,2
jalapeno,2
avoid,2
passion,2
letters,2
hubert,2
hehe,2
housing,2
caviar,2
pantry,2
books,2
spinash,2
distribution,2
sirloin,2
recognize,2
replica,2
ink,2
ind,2
outlets,2
patisserie,2
yikes,2
erst,2
bike,2
whisk,2
pinch,2
hors,2
croutons,2
kudos,2
aka,2
iburger,2
coins,2
elbow,2
bday,2
office,2
saigon,2
versus,2
clogging,2
backgrounds,2
cornbread,2
monteith,2
leftovers,2
standard,2
observations,2
john,2
nahm,2
target,2
burgundies,2
scenes,2
medley,2
guilt,2
genuine,2
hingehen,2
laden,2
alors,2
phase,2
duckling,2
aunt,2
notion,2
di,2
nasty,2
terrine,2
gentleman,2
props,2
tons,2
duties,2
pierogies,2
property,2
moussaka,2
counterparts,2
jose,2
hills,2
sends,2
born,2
confusing,2
purple,2
marketing,2
bahn,2
quirks,2
mole,2
beds,2
dance,2
spartan,2
grape,2
southwest,2
tenaille,2
pakoras,2
brownie,2
wenns,2
beignets,2
upper,2
summers,2
regardless,2
sfouf,2
countertop,2
cap,2
loungr,2
discussion,2
whenever,2
michel,2
gnocci,2
brain,2
birthdays,2
forms,2
chattering,2
tandoori,2
goose,2
patzich,2
moldings,2
yourself,2
requirement,2
nutrition,2
pittsburgh,2
kabob,2
slap,2
chopsticks,2
pricy,2
sauteed,2
garde,2
monk,2
jeans,2
rubs,2
accommodating,2
trick,2
bias,2
worry,2
coworkers,2
lite,2
charges,2
szechuan,2
hamachi,2
fryer,2
greeting,2
miracle,2
leek,2
sogenannte,2
cleanser,2
throw,2
chop,2
morin,2
pitcher,2
sadness,2
tones,2
cabinets,2
peak,2
roasters,2
repas,2
monte,2
bakewell,2
yellowtail,2
pivnice,2
cues,2
thickness,2
minso,2
brunswick,2
precios,2
gourmand,2
phrase,2
tries,2
fo,2
chicks,2
hell,2
ya,2
nectar,2
etouffee,2
squishy,2
base,2
dire,2
gereicht,2
station,2
anticipate,2
poulet,2
sets,2
clear,2
tongs,2
tubes,2
humid,2
janneau,2
scooter,2
fluff,2
attenant,2
eggplant,2
maintenance,2
territory,2
grills,2
composition,2
cleaning,2
plugs,2
morsel,2
elves,2
duluth,2
creation,2
escargot,2
gratuity,2
booklet,2
rue,2
tableside,2
russian,2
aprons,2
excellents,2
suits,2
shack,2
telling,2
positions,2
shish,2
cupcakes,2
valet,2
pristine,2
morsels,2
haunts,2
singing,2
drops,2
kenny,2
speciality,2
wonderful,2
friendlier,2
peace,2
cutlery,2
favourites,2
boils,2
filets,2
handy,2
yogourt,2
mode,2
umbrella,2
stews,2
timey,2
membership,2
counterpart,2
ciders,2
fella,2
touristy,2
punish,2
lists,2
herself,2
bastard,2
montrealer,2
flourless,2
seasonings,2
unagi,2
mimosa,2
gallery,2
laurent,2
upset,2
affair,2
boutiques,2
sourire,2
bases,2
overall,2
dodgy,2
contain,2
glendale,2
grab,2
humans,2
korea,2
written,2
buckets,2
herrliches,2
presentations,2
genre,2
senses,2
diversity,2
steer,2
http,2
transaction,2
reflection,2
mistakes,2
riverside,2
lose,2
irgendwie,2
steaming,2
puposas,2
delicacies,2
cranberry,2
tenderloin,2
scharfe,2
cantina,2
exposure,2
ear,2
businesspeople,2
limit,2
cherchez,2
hazelnuts,2
fois,2
mackerel,2
drausen,2
presents,2
aus,2
voir,2
chtern,2
cochinita,2
men,2
meh,2
met,2
quibbles,2
warn,2
shepherds,2
setup,2
blips,2
answer,2
horchata,2
deck,2
afin,2
soaking,2
rosemary,2
grease,2
shusi,2
floors,2
preis,2
hoof,2
hood,2
boucan,2
palace,2
stomping,2
peppercorns,2
fitting,2
memorabilia,2
mario,2
watercress,2
armagnac,2
visitor,2
weekends,2
wearing,2
sorts,2
tolerance,2
vaut,2
gastropubs,2
gathering,2
hygiene,2
puts,2
basmati,2
tank,2
bergesprungen,2
waterfall,2
failing,2
sentence,2
human,2
facts,2
legion,2
dreams,2
brewpubs,2
platters,2
dear,2
microwave,2
oreo,2
avions,2
renovations,2
whiskey,2
muffins,2
warehouse,2
fell,2
apology,2
skip,2
fancier,2
retro,2
string,2
kilometers,2
stew,2
villeray,2
nearest,2
pina,2
puri,2
map,2
mal,2
gelegen,2
marshmallows,2
dutch,2
afghani,2
carnival,2
standby,2
modernism,2
anyone,2
venture,2
nste,2
encompassing,2
glassware,2
theatre,2
roster,2
surprising,2
cambodian,2
mazing,2
treasure,2
plump,2
miles,2
sear,2
behind,2
reading,2
kool,2
dome,2
bisher,2
marg,2
judging,2
chalet,2
laptops,2
experiance,2
tout,2
rieur,2
adjustments,2
serez,2
serves,2
octane,2
staffs,2
caring,2
stations,2
skillet,2
downer,2
downstairs,2
rapide,2
jenga,2
chris,2
descript,2
forget,2
zing,2
expressions,2
gp,2
straightforward,2
overdone,2
einmal,2
abwechslungsreiche,2
arizona,2
fixings,2
storefront,2
lasagne,2
languages,2
destination,2
sondern,2
cappuccinos,2
dep,2
def,2
awkward,2
eatz,2
orchard,2
arteries,2
hosomakis,2
dolls,2
hard,2
brewers,2
mmm,2
beginning,2
indulgent,2
drapes,2
applebee,2
urban,2
chard,2
unhappy,2
express,2
breast,2
champagne,2
rag,2
creativity,2
adresse,2
gar,2
pricey,2
cushionyness,2
grains,2
omelettes,2
recht,2
purpose,2
delane,2
cuz,2
source,2
bin,2
judgement,2
biz,2
semi,2
babaganoush,2
pea,2
patient,2
piles,2
offshoot,2
schwierigkeiten,2
leute,2
servieren,2
fives,2
explaining,2
fructose,2
aranicini,2
random,2
layouts,2
giving,2
napkins,2
nacho,2
exchange,2
imperfections,2
weekday,2
oval,2
themselves,2
charcoal,2
duper,2
trail,2
proportions,2
buildings,2
whites,2
pangs,2
cutting,2
cider,2
flay,2
bueno,2
poppins,2
apologize,2
lentil,2
salami,2
midi,2
explanation,2
solymar,2
pointers,2
min,2
mustards,2
alaskan,2
disease,2
skinny,2
charles,2
photographs,2
stripes,2
calling,2
puddle,2
intensity,2
patato,2
routine,2
lava,2
deliberation,2
warwick,2
ak,2
ricotta,2
homey,2
almost,2
squid,2
arrangements,2
coaster,2
executive,2
recommending,2
gleich,2
add,2
articles,2
inviting,2
proper,2
happens,2
flaky,2
female,2
bug,2
benehmen,2
coration,2
circus,2
negronis,2
sorrentino,2
risk,2
overdo,2
consistent,2
surrounding,2
westcoast,2
liberty,2
prato,2
aftermath,2
prints,2
asset,2
muss,2
stadt,2
donnaient,2
interpretation,2
parmentier,2
bergerhausen,2
imo,2
complex,2
choix,2
lasting,2
cloths,2
combining,2
creole,2
bald,2
masterpiece,2
filter,2
attractions,2
sober,2
touff,2
perspective,2
snow,2
snob,2
plenty,2
peppercorn,2
glow,2
entertaining,2
fluid,2
ruins,2
capacity,2
finger,2
boss,2
conference,2
bees,2
vorstellung,2
cracker,2
stopping,2
schnellb,2
chilis,2
beside,2
inventory,2
chilie,2
characters,2
positives,2
schezuan,2
hearts,2
jean,2
scattering,2
jaunt,2
apart,2
atmospheres,2
ick,2
bisschen,2
plantain,2
baklava,2
core,2
garnishes,2
carafe,2
sunlight,2
virgin,2
differences,2
hear,2
porky,2
starchy,2
specialities,2
faithful,2
intimacy,2
trouverez,2
row,2
melon,2
voucher,2
guilty,2
projector,2
cases,2
requirements,2
representations,2
maps,2
bouffe,2
authenticity,2
factors,2
profit,2
patios,2
flare,2
origin,2
returns,2
convention,2
folgte,2
huh,2
hui,2
overfill,2
mates,2
emphasis,2
surf,2
cheat,2
partake,2
homefries,2
lighter,2
freaking,2
aluminum,2
spoons,2
nooks,2
sampling,2
mezze,2
featuring,2
nigiris,2
rhum,2
andres,2
cast,2
mound,2
macaroni,2
driver,2
ness,2
ranch,2
model,2
furniture,2
ob,2
ou,2
clams,2
diarrhea,2
pillows,2
decisions,2
apartment,2
dairy,2
song,2
sons,2
treating,2
tee,2
sun,2
overload,2
pizzerias,2
verre,2
sticking,2
minor,2
coating,2
sorcery,2
licieuse,2
berto,2
division,2
imitation,2
rather,2
okay,2
anecdote,2
shortcomings,2
trouble,2
calmari,2
wisconsin,2
underwhelming,2
mignonette,2
fees,2
traveler,2
swarm,2
instruction,2
stalk,2
somnelier,2
relationship,2
canadiens,2
font,2
emulsion,2
him,2
activity,2
heaping,2
sold,2
rave,2
goats,2
pr,2
duo,2
pm,2
fillets,2
demand,2
behavior,2
antithesis,2
cutlets,2
intervals,2
shabu,2
saucer,2
prob,2
anna,2
contrasting,2
martin,2
ipas,2
intense,2
vendors,2
sections,2
declarations,2
bell,2
tarka,2
graham,2
peach,2
problems,2
allowing,2
wonton,2
steve,2
cuppa,2
gins,2
bistros,2
tenderness,2
wrestling,2
tuesdays,2
omellete,2
ingwer,2
sexy,2
metro,2
larger,2
voll,2
figure,2
porch,2
anywhere,2
patron,2
toothers,2
byo,2
richness,2
devez,2
feast,2
pleasures,2
bills,2
puertorican,2
polentay,2
utensil,2
ungew,2
umbrellas,2
dynamite,2
volume,2
fiel,2
denn,2
piano,2
viet,2
genius,2
joy,2
grain,2
makis,2
naples,2
crappy,2
painter,2
utensils,2
wilt,2
will,2
perhaps,2
getr,2
lobby,2
antipasto,2
toilets,2
panther,2
usage,2
elevators,2
meatloaf,2
floss,2
patatas,2
column,2
sweat,2
travelers,2
mozz,2
temp,2
june,2
toasty,2
advices,1
accueille,1
ocasions,1
verschiedenen,1
figs,1
wholemeal,1
ooos,1
succession,1
fritter,1
souriant,1
corvette,1
crozes,1
fingers,1
nassssssty,1
hero,1
avery,1
jasmine,1
chino,1
buddy,1
robata,1
elaborate,1
pairings,1
cobblers,1
divide,1
unis,1
unit,1
spoke,1
geisha,1
attendez,1
cents,1
females,1
relax,1
georgian,1
hold,1
intake,1
hachoir,1
accomplishment,1
avaient,1
triple,1
household,1
cookery,1
hog,1
parralel,1
shrug,1
gaming,1
cervezas,1
tulip,1
restriction,1
lampshades,1
approve,1
slate,1
schools,1
sixteen,1
parkplatzlage,1
represents,1
ruth,1
renditions,1
pleasantries,1
woes,1
series,1
ring,1
rd,1
re,1
frenchie,1
foundation,1
saisons,1
ate,1
shaanxi,1
musicians,1
eatting,1
kfc,1
engagement,1
zinfandel,1
master,1
critter,1
rest,1
cushions,1
lavender,1
shower,1
thar,1
concordia,1
dozen,1
cactus,1
escalator,1
hum,1
margerita,1
transactions,1
victoria,1
singer,1
grove,1
drunks,1
saying,1
saumon,1
fennel,1
cheaply,1
lessons,1
altogether,1
sauv,1
saut,1
patch,1
release,1
respond,1
mandatory,1
branding,1
pinor,1
best,1
venezuelian,1
wage,1
never,1
adventures,1
incense,1
genug,1
demandez,1
lookin,1
argue,1
groupon,1
calibre,1
diff,1
ocassions,1
sommelier,1
spit,1
k,1
remembering,1
saltiness,1
albiet,1
weirdness,1
letdown,1
poatatoes,1
tops,1
workforce,1
acoustics,1
academie,1
mwhaha,1
idiaz,1
distribute,1
disguise,1
wiht,1
alice,1
festivities,1
suburbanites,1
vats,1
creek,1
czech,1
banchan,1
harassment,1
circ,1
substitutes,1
sshe,1
meddle,1
anbieten,1
sod,1
honeymoon,1
sol,1
magazines,1
furnishing,1
essentiellement,1
coullis,1
support,1
happt,1
greatness,1
bollocks,1
halls,1
diggity,1
forming,1
talents,1
verde,1
normalen,1
shisha,1
risottos,1
scalop,1
nicest,1
bourdain,1
triangles,1
cambodia,1
francophones,1
highness,1
luxor,1
bfast,1
sollte,1
macht,1
treffpunkt,1
icing,1
gloomy,1
bustle,1
exact,1
tear,1
skewer,1
loads,1
bizcocho,1
insignificant,1
adulation,1
shirts,1
geniesse,1
cleanliness,1
reminiscent,1
sundae,1
falling,1
habitude,1
abends,1
fledge,1
ipe,1
cacophony,1
prefer,1
crime,1
sky,1
vigour,1
loving,1
afford,1
apparent,1
refrain,1
pikilias,1
mascot,1
vegs,1
juste,1
descriptor,1
vegi,1
offense,1
reggiano,1
stole,1
katsu,1
foul,1
vancouver,1
atas,1
stress,1
surfing,1
ss,1
approximation,1
sh,1
scents,1
drunken,1
kono,1
experiments,1
creations,1
suspicion,1
avis,1
nontheless,1
decades,1
maintaining,1
roasty,1
flown,1
bowling,1
receipt,1
entering,1
amaretto,1
mantra,1
suggesting,1
squares,1
bordering,1
hairdresser,1
bumps,1
mime,1
grandma,1
spam,1
downsides,1
gordol,1
routes,1
potter,1
tamari,1
ons,1
mazemen,1
constants,1
realization,1
floppy,1
flatscreen,1
boyfriend,1
iceberg,1
breadstick,1
specs,1
folle,1
crumblies,1
argument,1
alley,1
mesquite,1
zoo,1
havarti,1
discerning,1
winters,1
lawn,1
drive,1
sodas,1
touche,1
downscale,1
merit,1
inconsistent,1
vette,1
tears,1
invokes,1
prime,1
settings,1
tequilla,1
tiki,1
attiude,1
noisier,1
yuss,1
stateside,1
divey,1
taqueria,1
sites,1
teeny,1
moons,1
teens,1
smoothy,1
cantaloupe,1
marvin,1
aufsuchen,1
awards,1
mans,1
loafs,1
geschmacksache,1
moyenne,1
anti,1
boar,1
cokes,1
ontop,1
vacation,1
breath,1
fig,1
restauranst,1
photos,1
variances,1
spoonfuls,1
pollo,1
sazerac,1
nuptials,1
hideaway,1
pacini,1
awesomeness,1
pacing,1
dimension,1
being,1
cecci,1
omissions,1
reviendrons,1
instrument,1
dicks,1
clan,1
nutrients,1
clad,1
2miles,1
vittles,1
clay,1
laisser,1
potion,1
diving,1
nook,1
tubs,1
licieuses,1
contingent,1
mean,1
fritters,1
homeless,1
wan,1
aguas,1
bookcases,1
commandiez,1
brazilian,1
housewives,1
buying,1
handsome,1
pull,1
october,1
tripe,1
jamaican,1
gone,1
ac,1
ah,1
awry,1
tshirt,1
friggin,1
estrie,1
slant,1
schnitzels,1
a5,1
herby,1
slang,1
mimis,1
bocconcini,1
marinades,1
reussis,1
sympa,1
albacores,1
baddest,1
chewing,1
nori,1
norm,1
ta,1
roadway,1
zapping,1
baton,1
revolving,1
cable,1
mmmmmmmmmmmmmmmmmm,1
boozer,1
facsimile,1
harry,1
laut,1
method,1
hasn,1
traditionals,1
buzzing,1
hass,1
allergens,1
prior,1
action,1
vib,1
via,1
pico,1
purveyors,1
pulls,1
anderen,1
mistress,1
sexiness,1
occassion,1
pears,1
befitting,1
alcove,1
chucks,1
testen,1
keeping,1
phillip,1
learn,1
fiving,1
burgr,1
boooo,1
creature,1
notre,1
tamarindo,1
plane,1
ethics,1
daves,1
greats,1
lavash,1
eton,1
resorts,1
brig,1
saucy,1
americain,1
nugget,1
assemblies,1
yellows,1
denny,1
lantern,1
status,1
brunette,1
bouquets,1
doses,1
operation,1
silky,1
atms,1
pitfalls,1
acorn,1
rises,1
bellinis,1
zufrieden,1
testament,1
castle,1
clump,1
guac,1
gaspar,1
guam,1
omnipresent,1
tomatos,1
stairs,1
kreme,1
marriage,1
eggos,1
cleos,1
pedestrian,1
odors,1
odd,1
kouign,1
analogs,1
chemesc,1
shortbread,1
hexenbock,1
nasal,1
brooklyn,1
bowels,1
cover,1
exp,1
musgraves,1
midwestern,1
entity,1
worldler,1
impact,1
condos,1
writer,1
sacrilege,1
beams,1
amoks,1
gratin,1
distraction,1
sleeve,1
paddling,1
cry,1
quattrons,1
river,1
cro,1
manger,1
body,1
ses,1
overwhelm,1
iteration,1
crosswalk,1
nope,1
europe,1
thou,1
bryl,1
thon,1
messiah,1
doughnuts,1
coincidence,1
frosty,1
picazzos,1
acceptance,1
satire,1
suburbs,1
yadda,1
firm,1
resting,1
pirogies,1
bitchy,1
towns,1
usserst,1
consulate,1
handling,1
sweetbread,1
straight,1
error,1
cages,1
dicaire,1
hoping,1
zeppoles,1
folksy,1
ducks,1
chase,1
delectables,1
fetching,1
handroll,1
gnudi,1
begendi,1
upbringing,1
euro,1
hinterher,1
regretting,1
amp,1
admission,1
pillars,1
accueillent,1
tweaks,1
hitters,1
contraptions,1
ramequin,1
stylish,1
spins,1
methods,1
speisekarte,1
ursula,1
atmostphere,1
vinagrette,1
benefit,1
dating,1
odor,1
agreement,1
dissonance,1
respite,1
reizt,1
pietra,1
deserves,1
hometown,1
nschte,1
appropriate,1
contributor,1
marie,1
arcade,1
barbacoa,1
suit,1
elsewhere,1
butters,1
jewish,1
link,1
aragula,1
meilleur,1
intestines,1
masago,1
chatime,1
uk,1
mouthwatering,1
ue,1
insignia,1
pepperonis,1
chap,1
diverse,1
midwood,1
taro,1
sunken,1
fixing,1
bussing,1
cobblestone,1
wafer,1
holes,1
crinkle,1
rap,1
flashback,1
meinten,1
straws,1
uniqueness,1
buddha,1
dislike,1
decorating,1
forks,1
stodgy,1
marry,1
eve,1
pappadeaux,1
mishap,1
hissy,1
celings,1
licence,1
douchey,1
napping,1
casing,1
mussel,1
explain,1
gastro,1
steamers,1
tools,1
chocolatey,1
lube,1
humus,1
devant,1
challenge,1
thik,1
publications,1
saba,1
thig,1
pawn,1
quesadillas,1
slim,1
flours,1
slip,1
blvd,1
flamenco,1
trumpet,1
rhubarb,1
destroying,1
wares,1
merlot,1
syrups,1
mumbles,1
pasilla,1
preferring,1
ties,1
annoyances,1
salivating,1
degrees,1
accompaniments,1
puerto,1
therefor,1
elites,1
empanadas,1
knick,1
trouve,1
snake,1
coriander,1
importante,1
comedy,1
manakish,1
normand,1
souvent,1
delightful,1
truth,1
frittata,1
beneath,1
meininger,1
watery,1
espressos,1
boutique,1
favours,1
oblong,1
machismo,1
scare,1
bleu,1
feasts,1
morningside,1
hawk,1
fait,1
tostada,1
songwriters,1
burlesque,1
accompaniment,1
nstigen,1
anyones,1
justeat,1
roberto,1
sourcing,1
misunderstand,1
false,1
soak,1
suchen,1
lipton,1
worldwide,1
fideo,1
manor,1
courtesy,1
romaine,1
focicca,1
parisian,1
slushy,1
painting,1
stehen,1
highballs,1
assholes,1
pecorino,1
persistance,1
caperberries,1
decade,1
taps,1
trying,1
motiviert,1
should,1
entities,1
bourbon,1
handle,1
allons,1
prohibition,1
listener,1
taxes,1
rappel,1
ttimes,1
frame,1
rillette,1
packet,1
platanos,1
wird,1
insulting,1
ends,1
attaquer,1
mutabbal,1
pasamontes,1
depressy,1
cm,1
cc,1
cd,1
rapidement,1
clumpy,1
porgie,1
manchurian,1
neighbour,1
toasting,1
chaleureuse,1
vu,1
bourboni,1
situ,1
insight,1
ikes,1
lardon,1
coffe,1
phd,1
dust,1
ikea,1
chinois,1
colour,1
spelt,1
phad,1
windowless,1
newest,1
citrusy,1
expert,1
cumbers,1
lattice,1
combine,1
wet,1
platzangebot,1
tick,1
mha,1
become,1
gaining,1
freshness,1
daylight,1
transport,1
disk,1
digestif,1
pressure,1
shiznaz,1
concession,1
slovakia,1
venezuelan,1
funnel,1
cosmopolitan,1
marquis,1
rancillio,1
irish,1
ins,1
vermouth,1
repeat,1
vein,1
inspiration,1
ghost,1
niveau,1
chedder,1
tryout,1
oldest,1
neighbours,1
profiteroles,1
blanket,1
entsprechende,1
progression,1
handout,1
samurai,1
poppy,1
nondescript,1
tawak,1
temperedness,1
decadence,1
stardom,1
eaterie,1
neat,1
bi,1
algie,1
bookcase,1
pursuit,1
hairdo,1
syrah,1
envoy,1
yemisir,1
rancho,1
bundles,1
blueberry,1
congee,1
ammount,1
aware,1
escapist,1
honkin,1
groves,1
crackers,1
cans,1
indie,1
indicates,1
indifferent,1
anderes,1
provide,1
lab,1
spago,1
lay,1
law,1
greed,1
salon,1
zen,1
awfulness,1
harmony,1
carafes,1
bann,1
bank,1
vidal,1
crock,1
feeds,1
carlos,1
kirin,1
dialects,1
cameras,1
medicine,1
punkraugh,1
isakaya,1
conversationalist,1
drexyl,1
tangle,1
mojo,1
mcgee,1
monring,1
rates,1
neighboorhood,1
opting,1
tagine,1
hike,1
portraits,1
pacojet,1
seltzer,1
strength,1
germany,1
shallots,1
webcam,1
neighborhoods,1
bracket,1
grandpa,1
reserve,1
sapparo,1
subtle,1
hrt,1
hangings,1
cardinale,1
dr,1
chanel,1
prune,1
beakfast,1
wannabe,1
steam,1
depends,1
discussions,1
mangoes,1
draws,1
erledigt,1
drawn,1
terimisu,1
accord,1
packages,1
oomph,1
rustique,1
kommen,1
cog,1
refill,1
buffett,1
droplets,1
abrupt,1
applies,1
tissue,1
cone,1
dosas,1
descent,1
wheel,1
independent,1
horseshoes,1
redneck,1
nit,1
kaffir,1
drip,1
mamma,1
tha,1
stringent,1
traditions,1
photo,1
gravity,1
gourmande,1
swears,1
alchemy,1
plasma,1
flavoring,1
cooler,1
plonk,1
gandhi,1
shawarma,1
antique,1
hassle,1
contaminating,1
slushie,1
participation,1
jalepenos,1
kabab,1
bahh,1
newspapers,1
considerations,1
digestion,1
dilemma,1
passieren,1
ahahah,1
wac,1
quirky,1
diligence,1
mezzes,1
ailles,1
boon,1
reset,1
flecks,1
crystal,1
gemacht,1
evidence,1
saltwater,1
prayer,1
mold,1
reality,1
dinerbar,1
bundaberg,1
amusement,1
toothpick,1
busboy,1
tush,1
rhythm,1
entries,1
breadth,1
pontchartrain,1
revolution,1
brava,1
bravo,1
yolks,1
professionalism,1
quelques,1
cargo,1
appear,1
uniform,1
appeal,1
wrestler,1
knickknacks,1
muslim,1
rubbery,1
sending,1
rosemont,1
atomosphere,1
lighthouses,1
italiano,1
italians,1
stingy,1
osetra,1
unsere,1
clumps,1
pumkin,1
slogan,1
taquerias,1
breeds,1
heart,1
december,1
heard,1
chic,1
spreads,1
cadre,1
economy,1
staircase,1
peerless,1
grandson,1
brussel,1
candles,1
benny,1
kurz,1
tahini,1
approx,1
neighbourhoods,1
managers,1
trifle,1
rooftop,1
willow,1
curls,1
nom,1
noa,1
emmener,1
hall,1
relleno,1
lies,1
january,1
eg,1
yeah,1
laisse,1
ey,1
happen,1
pills,1
er,1
opener,1
punky,1
montrealers,1
cart,1
waxy,1
couldn,1
devions,1
toulouse,1
zak,1
enhances,1
chocolatier,1
message,1
tomorrow,1
bollix,1
yin,1
cognac,1
tattie,1
undergrads,1
vermicelli,1
flowery,1
geht,1
delia,1
chlorophyll,1
premier,1
veteran,1
shore,1
palazzo,1
banks,1
landing,1
undertakings,1
hurley,1
implications,1
sunset,1
filing,1
speakeasy,1
maine,1
geography,1
sainte,1
pastrami,1
charities,1
cheeburger,1
stroll,1
leur,1
amanda,1
burst,1
crepery,1
sport,1
thurs,1
sapporo,1
import,1
tripas,1
yumm,1
armenian,1
playpark,1
article,1
impromptu,1
stages,1
skillets,1
apdc,1
mont,1
pureed,1
competent,1
promptness,1
brats,1
jerks,1
toss,1
jerky,1
monsieur,1
elvis,1
evangelia,1
crumb,1
mouton,1
cermitas,1
zenith,1
brulerie,1
gringo,1
eras,1
heels,1
somebody,1
platefuls,1
medio,1
figuring,1
smokeie,1
inquiry,1
extravaganza,1
enjoyment,1
essentielles,1
breezy,1
taxi,1
schoolers,1
pressait,1
neon,1
restrooms,1
greetings,1
death,1
thinking,1
choclate,1
momentum,1
earnest,1
snowfall,1
using,1
proponent,1
fajita,1
maker,1
twelve,1
reggae,1
quebecers,1
passions,1
ethos,1
holywood,1
epson,1
durchgeht,1
flourescents,1
choc,1
paints,1
panna,1
testimony,1
carribean,1
backup,1
nehmen,1
heater,1
nowadays,1
zuchinni,1
welches,1
lov,1
lou,1
lox,1
pinchos,1
flashlab,1
pogos,1
podcast,1
dominican,1
comics,1
bucket,1
fusions,1
sales,1
unwelcome,1
hygienists,1
fools,1
koobideh,1
coverage,1
tendencies,1
redux,1
blintz,1
exhibitions,1
ceaser,1
bull,1
monty,1
carpet,1
referring,1
danielle,1
croquette,1
licatesse,1
vert,1
khushi,1
faudrait,1
canapes,1
magdalena,1
loose,1
excess,1
creeps,1
losses,1
creepy,1
advertising,1
trainer,1
shuffle,1
souffl,1
glitch,1
metabolisms,1
taken,1
chestnut,1
scallions,1
hurry,1
dousing,1
commending,1
history,1
casanova,1
magenta,1
kabasa,1
couvrir,1
gash,1
fu,1
fogie,1
fg,1
acoutrements,1
criticize,1
kein,1
bugs,1
anytime,1
arrabbiata,1
meze,1
crafts,1
wreaking,1
hele,1
overhead,1
reluctance,1
macallan,1
fool,1
yo,1
knocking,1
ye,1
cupcake,1
cet,1
foot,1
trustworthiness,1
fairy,1
predatory,1
heavy,1
brochette,1
washrooms,1
briny,1
bocata,1
offre,1
pun,1
beurre,1
dirt,1
houses,1
selon,1
launch,1
servent,1
apocalypse,1
assign,1
superbowl,1
probability,1
mish,1
misc,1
mmmmm,1
scallion,1
squirts,1
selling,1
fuggin,1
jamie,1
norms,1
squeaky,1
performers,1
passen,1
sentences,1
evasion,1
lil,1
trance,1
flaming,1
scotland,1
lip,1
honeycomb,1
macs,1
raving,1
artefacts,1
ballyhoo,1
mobile,1
roadworks,1
zeifel,1
celebrities,1
boozy,1
crayon,1
kaiseki,1
northern,1
flesh,1
flights,1
circle,1
pourvoyeur,1
healthky,1
workouts,1
gloves,1
x,1
undergoes,1
pizzookie,1
embarking,1
hibiscus,1
assistants,1
conditions,1
piss,1
distinguish,1
forgotten,1
manners,1
yukon,1
questionhere,1
phillys,1
doggery,1
packs,1
somali,1
vancouverite,1
heute,1
intriguing,1
smart,1
hooters,1
sombre,1
uncompromising,1
stunde,1
wildflowers,1
mandoo,1
alati,1
hellos,1
belong,1
shag,1
fatty,1
tellement,1
aimerez,1
uses,1
brussels,1
soysauce,1
vermillions,1
savvy,1
lobsters,1
powering,1
tabbouleh,1
hotpot,1
cherries,1
soooooo,1
paquime,1
lacking,1
achalandage,1
translucent,1
vests,1
signal,1
eel,1
weiner,1
wingback,1
saturdays,1
zimmern,1
deducte,1
bellagio,1
plebs,1
rug,1
negatives,1
pitchers,1
raspberry,1
faith,1
punktabzug,1
faits,1
consistancy,1
consultation,1
inept,1
authority,1
fishy,1
armchairs,1
swagger,1
paoli,1
hefeweizen,1
minste,1
orderer,1
saganaki,1
brunching,1
labyrinth,1
nap,1
nat,1
manhattan,1
dashes,1
quinoa,1
oregon,1
structure,1
wellbeing,1
orbit,1
gt,1
mores,1
gm,1
aria,1
suite,1
facebook,1
barbary,1
michael,1
barbare,1
inspection,1
cartet,1
booty,1
za,1
redone,1
tripolois,1
honors,1
wallet,1
experiment,1
cela,1
stature,1
raspberries,1
asiago,1
buckwheat,1
salvation,1
addresses,1
clark,1
danger,1
schweinhexen,1
wit,1
cloud,1
remains,1
camera,1
goujons,1
tangerine,1
visibility,1
palettes,1
chianti,1
lapse,1
pappardelle,1
links,1
rodizio,1
halloween,1
suds,1
boasting,1
arrangement,1
abzug,1
circular,1
fabulousness,1
rations,1
entres,1
spelling,1
congeler,1
splurging,1
mignardises,1
advocates,1
bakers,1
sambuca,1
costume,1
carnivores,1
monologists,1
banquet,1
koreans,1
catches,1
kilometres,1
masters,1
mastery,1
bachi,1
shaking,1
matcha,1
escarole,1
brodie,1
marigolds,1
lukewarm,1
fathom,1
ricky,1
tuscon,1
flammk,1
flamme,1
alchemiste,1
attending,1
ect,1
route,1
keen,1
stainless,1
drinker,1
playlist,1
privacy,1
relations,1
attack,1
nastiest,1
beard,1
manifestation,1
overwhelming,1
cravings,1
dumb,1
providing,1
cultura,1
behaviors,1
tabs,1
espinacas,1
halal,1
portrait,1
beefy,1
quartile,1
makeover,1
so,1
barn,1
sewing,1
resplendent,1
hiphop,1
offenen,1
dubh,1
consequences,1
se,1
bordeaux,1
midwesterner,1
indoor,1
envy,1
tire,1
francios,1
leber,1
maritime,1
siphons,1
trouvez,1
evolution,1
wellness,1
hardwood,1
lux,1
luc,1
spare,1
tent,1
keg,1
foreshadow,1
disconnect,1
poutinerie,1
hits,1
lofty,1
bavettes,1
pil,1
tiene,1
quit,1
yay,1
tort,1
guster,1
kicks,1
apartement,1
bahama,1
kabobs,1
eruption,1
demi,1
bibingka,1
swinging,1
shooting,1
poultry,1
biryanis,1
traffics,1
langoustine,1
accurate,1
dosa,1
mistaken,1
geschafft,1
restaurateur,1
umiges,1
fats,1
dudes,1
unseen,1
fatt,1
loss,1
churrascaria,1
lost,1
candy,1
roti,1
hush,1
magnan,1
kettle,1
eyesore,1
nihon,1
reviendrions,1
wends,1
limitations,1
medieval,1
goatee,1
rasch,1
fairlie,1
tongue,1
cocos,1
artista,1
kafta,1
kong,1
bombay,1
museum,1
jinx,1
crushing,1
hp,1
triangular,1
kanda,1
hk,1
ho,1
eau,1
argentinean,1
dippers,1
definitiv,1
kisses,1
dialogue,1
slaws,1
beats,1
penne,1
folie,1
fledgling,1
disposing,1
refreshments,1
homestyle,1
grille,1
steakem,1
bcp,1
bcs,1
rewievs,1
sichuan,1
andre,1
protest,1
asian,1
proviterlosl,1
sweetest,1
aux,1
voil,1
gremolata,1
smack,1
baking,1
solution,1
convenience,1
carnivore,1
gator,1
cesar,1
nem,1
preferences,1
asia,1
mee,1
mes,1
urbain,1
consomm,1
loos,1
permis,1
fajitas,1
reste,1
mecha,1
hasbrown,1
landscape,1
army,1
calm,1
supporters,1
dogma,1
berlin,1
gelangweilt,1
qualm,1
rights,1
roof,1
exceptions,1
akin,1
fresher,1
climax,1
stressing,1
foody,1
satt,1
quoi,1
recos,1
parsnips,1
untili,1
coup,1
waterside,1
purchase,1
uneingeschr,1
inhabitant,1
deco,1
dishware,1
barfood,1
tapiocas,1
workout,1
bankroll,1
dejeuner,1
lucy,1
mccall,1
luca,1
twinkie,1
inserts,1
doux,1
tatty,1
skins,1
forgot,1
content,1
spillage,1
fava,1
cutesy,1
whammy,1
backlit,1
favs,1
tabasco,1
loggins,1
signature,1
hannibal,1
jamaica,1
cocomo,1
trippy,1
distance,1
upholstery,1
affront,1
helpings,1
seed,1
tells,1
panda,1
niece,1
subtotal,1
divier,1
mushy,1
punjabi,1
nighttime,1
doe,1
dot,1
brilliance,1
attempts,1
crudit,1
verirrt,1
tiles,1
pallets,1
crispyn,1
fields,1
ban,1
counters,1
effing,1
julien,1
testing,1
allure,1
interruptions,1
kellar,1
subject,1
brazil,1
cheladas,1
peta,1
sorta,1
crede,1
ignorance,1
olimpico,1
cousin,1
fattoush,1
gaspacho,1
hardworking,1
stylings,1
hipsterdom,1
dilworth,1
website,1
tolles,1
deeper,1
chun,1
freundlich,1
sooooo,1
fundido,1
chuy,1
tang,1
itinerary,1
pitas,1
ip,1
challah,1
cant,1
amour,1
mouse,1
id,1
belle,1
lindeman,1
bella,1
remplissent,1
hahah,1
unfortunate,1
meets,1
differing,1
elle,1
kit,1
vieux,1
auszutesten,1
programs,1
qualities,1
claims,1
etiquette,1
ssige,1
sporting,1
yep,1
squad,1
rosati,1
enviornment,1
suavity,1
dreamy,1
spiga,1
chimmie,1
patience,1
etoufee,1
mazama,1
clementine,1
www,1
dean,1
kbbq,1
shapes,1
carts,1
anniversaries,1
maitre,1
burg,1
burn,1
tartan,1
resaurant,1
bricktop,1
valentines,1
magazine,1
islands,1
zuh,1
whats,1
litmus,1
pair,1
carving,1
cones,1
annoyance,1
mixology,1
tennis,1
chevalier,1
pages,1
bert,1
lowe,1
zeigt,1
preview,1
sprigs,1
tempeh,1
jouet,1
flavoursome,1
petit,1
foodiebear,1
excel,1
elpasso,1
marinates,1
ribbons,1
tamale,1
coronas,1
reign,1
transfers,1
happening,1
jacket,1
profits,1
jarry,1
cougars,1
technique,1
swoop,1
daryl,1
langoustines,1
munchings,1
hooray,1
diy,1
dealing,1
talker,1
mmnm,1
cgm,1
roasties,1
ssig,1
filler,1
favour,1
template,1
sweaters,1
tibet,1
clerk,1
makeup,1
criticizing,1
derik,1
stem,1
canadian,1
institute,1
shift,1
bow,1
buttercake,1
extrem,1
backstep,1
teenage,1
oohhhh,1
condescension,1
unexciting,1
sample,1
vnqalsa,1
clair,1
rays,1
pino,1
pine,1
pure,1
persuasion,1
drapery,1
sweeeeeeet,1
gros,1
permet,1
omen,1
fluent,1
taverne,1
showstopper,1
shoes,1
texan,1
interesting,1
kabuto,1
blends,1
texas,1
tonic,1
tropicana,1
omakase,1
sooner,1
tempranillo,1
safari,1
beach,1
peasant,1
careless,1
bookshop,1
pucks,1
jaleo,1
ymca,1
porterhouse,1
monster,1
chiles,1
brooks,1
walnuts,1
spiel,1
funky,1
centrale,1
mastro,1
carry,1
auszugleichen,1
fieri,1
escort,1
eyes,1
feuille,1
moscow,1
wongs,1
rioja,1
midtown,1
victorian,1
inexistante,1
lick,1
cuit,1
topics,1
sull,1
kevin,1
hotspot,1
potential,1
paid,1
creatives,1
trotter,1
theatresque,1
grassland,1
newer,1
contemporary,1
cornet,1
feng,1
flapjack,1
dice,1
lorenzo,1
awareness,1
etouffe,1
employers,1
bitters,1
piri,1
cassoulet,1
malaysian,1
summary,1
crumbs,1
jy,1
satisfying,1
gaga,1
escabeche,1
jd,1
ja,1
coupons,1
strands,1
restroom,1
sketchy,1
dwellers,1
footie,1
stretches,1
flavorless,1
cancer,1
venues,1
singers,1
iceburg,1
arts,1
piggeldy,1
aufgrund,1
borders,1
graveyard,1
squash,1
spills,1
bmw,1
quatre,1
slumber,1
parmigiano,1
parmigiana,1
macadamia,1
everyday,1
beetlejuice,1
harsh,1
driven,1
geishas,1
climbing,1
muzak,1
roommate,1
spoonful,1
griddle,1
lightbulbs,1
nick,1
envitonment,1
dipper,1
luncheonette,1
taffer,1
ckle,1
grit,1
nando,1
grin,1
rocky,1
audience,1
nosh,1
doll,1
splash,1
matching,1
besser,1
meinen,1
oignon,1
meinem,1
songstress,1
knife,1
broken,1
roar,1
violence,1
mixes,1
airline,1
pockets,1
okonomiyaki,1
deadlines,1
balti,1
gumbo,1
videos,1
imadake,1
deer,1
svc,1
girlfriend,1
film,1
genres,1
personnel,1
weights,1
studenty,1
fisch,1
brandy,1
sneeze,1
coulis,1
u,1
daughters,1
alright,1
deluxe,1
surprendra,1
suns,1
forbidden,1
fushion,1
premium,1
oleek,1
bulgogi,1
angus,1
bucco,1
grabs,1
layover,1
ribbon,1
residue,1
diam,1
stood,1
stool,1
trinken,1
kulinarisch,1
mule,1
ranges,1
bewertungen,1
stupor,1
milky,1
transit,1
africa,1
gristle,1
texting,1
comparing,1
cultivation,1
lassie,1
tacky,1
bulgarian,1
diamond,1
cluster,1
specializes,1
sucks,1
flautas,1
paragraph,1
korma,1
sphere,1
rainstorm,1
rapport,1
whopper,1
charms,1
petite,1
questioning,1
blood,1
coming,1
kaufen,1
remolacha,1
cabana,1
insgesamt,1
latt,1
pests,1
sodium,1
hurting,1
uhm,1
freundlicher,1
goop,1
iranians,1
easily,1
token,1
habits,1
soya,1
repeating,1
biscuits,1
vkind,1
connect,1
fist,1
tamarind,1
cioppino,1
pigeon,1
granola,1
megaclub,1
circumstance,1
difficulty,1
rainforest,1
copper,1
slithers,1
wages,1
koi,1
twenty,1
construct,1
mama,1
slathering,1
muscles,1
envoie,1
drunkenness,1
renroc,1
gotten,1
contrary,1
interactive,1
kiwi,1
outta,1
ages,1
meltdown,1
commentary,1
charr,1
kj,1
sammies,1
ku,1
ky,1
impasto,1
baralo,1
frisch,1
pincho,1
idiots,1
einige,1
fume,1
frescas,1
touchscreen,1
menchiladas,1
headmaster,1
courage,1
bedient,1
silk,1
trufas,1
garcia,1
vino,1
halves,1
sonst,1
responses,1
crudessence,1
aloo,1
chanterelles,1
simply,1
suppli,1
kernels,1
raise,1
create,1
panera,1
frutti,1
peppery,1
amnesia,1
attire,1
gay,1
aquariums,1
swooning,1
missteps,1
durlacher,1
hofbrauhaus,1
ziehe,1
butcher,1
corridor,1
windmill,1
realm,1
celebratory,1
lasagnas,1
entre,1
depanneurs,1
guano,1
shape,1
rundown,1
melinda,1
cue,1
snap,1
easter,1
bid,1
jerkey,1
knock,1
disks,1
mirror,1
ourselves,1
peu,1
saag,1
nose,1
fee,1
lounges,1
crone,1
darauf,1
drama,1
gehalten,1
shizo,1
lesson,1
yamazaki,1
manque,1
parmeggiano,1
conseil,1
invite,1
spinich,1
flor,1
poussin,1
levity,1
enterprise,1
iberian,1
depicting,1
chutneys,1
fussy,1
elseware,1
rinse,1
valves,1
souper,1
jason,1
groceries,1
literary,1
cctv,1
lfte,1
romado,1
entire,1
doggy,1
joel,1
havens,1
sewage,1
joey,1
frisee,1
paddle,1
anther,1
spacing,1
bachelor,1
healing,1
remark,1
talent,1
alaska,1
moxies,1
p2,1
climb,1
blizzard,1
votre,1
liqueur,1
limo,1
limpness,1
tar,1
sotos,1
oils,1
oily,1
trait,1
train,1
harvest,1
fooling,1
celiac,1
didnt,1
fringe,1
mouthfuls,1
syrupy,1
arnie,1
contempt,1
holds,1
restautant,1
sir,1
cardamom,1
shutting,1
linen,1
addiction,1
eggplants,1
embers,1
struggles,1
shreds,1
lo,1
relativity,1
labor,1
dam,1
ddukbokkgi,1
dak,1
kindness,1
february,1
airports,1
psub,1
bjt,1
michaels,1
lie,1
expliquer,1
rez,1
rex,1
oriental,1
scampi,1
yumminess,1
conforting,1
smokehouse,1
franks,1
improvements,1
afield,1
monkey,1
natto,1
intermediate,1
pakistani,1
nut,1
completes,1
detection,1
aftereffect,1
occassions,1
seinen,1
tidy,1
mornings,1
have,1
rtchen,1
sidecar,1
prijs,1
meuni,1
parks,1
fasion,1
servce,1
bretzels,1
ajillo,1
absorbing,1
text,1
doughy,1
rotating,1
chevre,1
thicker,1
inspiring,1
starch,1
beat,1
beau,1
coworker,1
chateauneuf,1
reputations,1
eyebrow,1
madam,1
pattern,1
grieche,1
discounts,1
difficulties,1
progress,1
colombian,1
facepalm,1
deliver,1
habanero,1
janel,1
legit,1
commenting,1
joke,1
agree,1
kosher,1
assure,1
attributes,1
relevant,1
mafia,1
rumi,1
copies,1
rump,1
upbeat,1
portabella,1
bulb,1
selten,1
volunteer,1
holiday,1
washings,1
promoter,1
rectangular,1
sucre,1
hoagie,1
cereals,1
partner,1
inspector,1
diets,1
choisissez,1
tumbler,1
hendricks,1
finite,1
ils,1
guises,1
judgment,1
chcken,1
oops,1
muscle,1
restuarant,1
stooge,1
proximity,1
abat,1
raves,1
gmo,1
citizen,1
c11,1
incarnations,1
carpachio,1
skimping,1
insert,1
dennoch,1
chico,1
kaleidoscope,1
otras,1
fettuccine,1
slooooow,1
stuffs,1
spanakopita,1
shelter,1
slight,1
cliquot,1
beaker,1
gravlax,1
afterall,1
matchy,1
brides,1
samoosas,1
aperetifs,1
preparations,1
landscaping,1
seit,1
condiment,1
rabbits,1
pin,1
campus,1
opinon,1
sewer,1
dresses,1
respects,1
gatsby,1
lactose,1
cookbook,1
commensal,1
hats,1
pide,1
feeding,1
whatsoever,1
mozzerella,1
hervorragend,1
fireplace,1
monkeys,1
flashy,1
orzo,1
sammie,1
louder,1
hide,1
christ,1
minty,1
ingera,1
supplies,1
philippe,1
hundreds,1
gegessen,1
forum,1
garlicky,1
strap,1
vinagariette,1
swings,1
hospital,1
nora,1
asses,1
assez,1
breathe,1
mush,1
sammich,1
waitor,1
arms,1
ma,1
mc,1
mb,1
clubby,1
mu,1
henry,1
appraisal,1
dolphin,1
scolding,1
enquiry,1
drummer,1
mouths,1
demanding,1
fettucinni,1
deshalb,1
vegans,1
parallel,1
amie,1
complexity,1
vapor,1
nouvelle,1
entrances,1
mettre,1
decibel,1
plats,1
tourism,1
bibimbap,1
alex,1
detroit,1
hanger,1
diane,1
genocidal,1
autre,1
lait,1
gon,1
3months,1
vegemite,1
sand,1
serveur,1
perception,1
associate,1
nie,1
inexpensive,1
priorities,1
smokers,1
smokery,1
artistry,1
wrapper,1
calorie,1
toy,1
smashburger,1
provolone,1
neutralizing,1
confirming,1
tom,1
percentage,1
curtains,1
greassy,1
downsize,1
toot,1
abandoning,1
scenario,1
roles,1
immigrants,1
aztec,1
flame,1
bridge,1
rat,1
leafs,1
ray,1
nipples,1
brandon,1
stargazing,1
perigord,1
hatch,1
rider,1
cookout,1
mariani,1
potency,1
lyle,1
coeur,1
queen,1
earth,1
absolut,1
refreshment,1
miscues,1
report,1
quotes,1
boggling,1
licking,1
liquor,1
disturbing,1
guillame,1
confusion,1
weak,1
adage,1
weat,1
dedication,1
sanitation,1
tzen,1
chandeliers,1
faces,1
pepperoncini,1
naks,1
towels,1
nigth,1
cranberries,1
patronizing,1
lesser,1
atlantique,1
wenig,1
accessories,1
expenses,1
experts,1
crire,1
calmar,1
charlie,1
heverlee,1
savings,1
flavorings,1
breaky,1
unter,1
sanitary,1
roach,1
unten,1
vip,1
lauwarm,1
serbian,1
hung,1
accoutrements,1
overtone,1
petting,1
spongy,1
edinburgher,1
meters,1
ich,1
intolerant,1
booking,1
mexcian,1
meyer,1
plug,1
limitation,1
choke,1
tomatillo,1
tannin,1
bath,1
bats,1
lago,1
metabolism,1
schauen,1
porks,1
villeneuve,1
blarring,1
trio,1
candlelit,1
annoying,1
nn,1
nb,1
nc,1
tin,1
papers,1
nuance,1
football,1
younger,1
radishes,1
quebon,1
neighbors,1
deliveries,1
llt,1
roy,1
laksa,1
gumball,1
federation,1
hatter,1
creaminess,1
chedar,1
hawaii,1
science,1
says,1
porn,1
porc,1
substitute,1
distaste,1
goes,1
lucille,1
groupe,1
witch,1
supplying,1
sheriff,1
healthy,1
stomachs,1
inducing,1
prompt,1
employer,1
tequilas,1
bulbs,1
ffffrrrrroooozzzeeeen,1
vampy,1
criteria,1
msg,1
pret,1
australian,1
prep,1
barkeep,1
gustoso,1
aoili,1
teaser,1
chocolaty,1
bouches,1
autumn,1
battu,1
kyo,1
nursing,1
snowcrabs,1
swedish,1
alway,1
keepsake,1
granddaughter,1
mgm,1
quebecquios,1
gorges,1
branches,1
liquid,1
nombreux,1
coraz,1
mezzanine,1
chardonnays,1
refund,1
banquette,1
wordy,1
whirlpool,1
underneath,1
sprouting,1
ppl,1
spiciness,1
giada,1
flaccid,1
burps,1
sophistication,1
accommodation,1
yuk,1
swine,1
childhood,1
accueilleront,1
parasols,1
cubano,1
millions,1
given,1
plastic,1
gives,1
hua,1
hub,1
backpedal,1
hut,1
alas,1
copy,1
wide,1
sert,1
nathan,1
require,1
r,1
sera,1
outcome,1
froth,1
tarte,1
ans,1
any,1
malty,1
strengths,1
malts,1
multiple,1
ukrainian,1
summerlin,1
shooter,1
slope,1
tron,1
onsunday,1
osso,1
gruyere,1
bertos,1
closure,1
bison,1
pants,1
picnic,1
tellies,1
mortgage,1
fugasse,1
smokiness,1
turbot,1
arrival,1
comp,1
guitar,1
sausalido,1
coma,1
verrine,1
region,1
crunchiness,1
berry,1
sudachi,1
pow,1
colony,1
pole,1
expresso,1
iterations,1
yeasty,1
bypass,1
tiger,1
casa,1
caucasians,1
warten,1
cusine,1
downers,1
html,1
catfish,1
reminder,1
tooths,1
tipsy,1
mozzas,1
producers,1
persons,1
renters,1
tapenade,1
relief,1
justify,1
guides,1
samba,1
pallet,1
laddies,1
lets,1
samples,1
aurez,1
oxtail,1
vangie,1
prendre,1
deduct,1
cowboys,1
bento,1
knusprigkeit,1
update,1
chowing,1
stereotypes,1
informing,1
bourguignon,1
amber,1
communication,1
weeknight,1
buds,1
jug,1
regard,1
eyeliner,1
amongst,1
cabinet,1
faster,1
sleaze,1
bouillon,1
grasp,1
bereichert,1
breakky,1
tostadas,1
avacado,1
roses,1
iga,1
trash,1
brass,1
applause,1
calls,1
nicolson,1
abit,1
follow,1
duos,1
endroit,1
homage,1
sparkling,1
pennamex,1
present,1
activities,1
prends,1
far,1
entourage,1
translating,1
invention,1
hesitation,1
brief,1
guns,1
hungover,1
behaviour,1
tage,1
champlain,1
crackling,1
semester,1
snug,1
gigs,1
flavouring,1
inquisition,1
flag,1
glam,1
glac,1
mellow,1
tapioca,1
bruschettas,1
spenders,1
pond,1
extinguisher,1
breaking,1
lobstahh,1
wracking,1
cannelloni,1
baggie,1
fungus,1
than10,1
ballads,1
susan,1
barbq,1
housemade,1
shade,1
aller,1
machaca,1
plaice,1
alotment,1
mission,1
isnt,1
avenue,1
blenders,1
soccer,1
argentine,1
wouldn,1
hunter,1
milestone,1
mussten,1
donc,1
cinq,1
wildpark,1
weight,1
loops,1
forni,1
linens,1
enveloping,1
raspadas,1
threat,1
connotation,1
ewwwww,1
geschichtet,1
froms,1
blanc,1
grimm,1
interact,1
collar,1
moat,1
mainstay,1
baguettes,1
punters,1
direkt,1
stall,1
risks,1
dispenser,1
lease,1
kategorie,1
uniforms,1
remodel,1
hurling,1
pianist,1
critics,1
warnings,1
mentality,1
sartre,1
institutions,1
lying,1
niggle,1
vodkas,1
grotesque,1
shepherd,1
counterpoint,1
amici,1
procrastination,1
compliments,1
cartoons,1
baroque,1
barolo,1
bare,1
aro,1
puisque,1
nutella,1
malhi,1
solo,1
outfit,1
succeed,1
importers,1
opposition,1
condo,1
breakie,1
liquors,1
caprese,1
finds,1
flier,1
harbour,1
improper,1
crisps,1
livers,1
overlook,1
dud,1
pa,1
wraparound,1
pi,1
panko,1
siting,1
buck,1
togo,1
brokers,1
rocking,1
merguez,1
champignon,1
engineers,1
styx,1
sirup,1
rid,1
shirt,1
bacons,1
andouille,1
agneau,1
riesling,1
robust,1
lower,1
atcha,1
dancing,1
chickens,1
analysis,1
edgy,1
reflect,1
abilities,1
handrolls,1
margarine,1
tableabd,1
moods,1
moody,1
brace,1
marlin,1
ignore,1
aggravation,1
yerba,1
shamrocks,1
ticking,1
anne,1
cremenera,1
zombie,1
consolation,1
togetherness,1
qing,1
purists,1
mixups,1
shmear,1
darts,1
possibikities,1
extrablatt,1
besonders,1
breitling,1
perplexing,1
szechwan,1
clots,1
proches,1
notfrozen,1
tearoom,1
fulfilling,1
apricot,1
peppermint,1
landscapes,1
sunnies,1
worthwhile,1
crunchburger,1
enviro,1
grouper,1
neglecting,1
tesco,1
backs,1
towers,1
income,1
posters,1
happier,1
impatient,1
waxing,1
lafayette,1
karma,1
scroll,1
edm,1
winds,1
adjustment,1
bedrooms,1
outdoorsy,1
moroccan,1
cksbuffet,1
posture,1
bistrot,1
friendliness,1
disclaimer,1
smaller,1
sensation,1
tarragon,1
ramekins,1
capital,1
misdemeanours,1
indicator,1
explore,1
separation,1
esque,1
pretentiousness,1
snobby,1
hue,1
hardy,1
witchery,1
buerre,1
lottery,1
kitsch,1
examination,1
breadsticks,1
ramens,1
clever,1
musician,1
impress,1
chappy,1
indulgence,1
tan,1
sidewalks,1
sakes,1
biryani,1
toddler,1
sin,1
gallo,1
tension,1
somethin,1
stakes,1
fizzy,1
whilst,1
superior,1
nostalgia,1
tyler,1
choose,1
clusters,1
magnet,1
pecans,1
barbeque,1
oranges,1
flea,1
panang,1
whimsy,1
sentiment,1
outings,1
disclose,1
pours,1
anglaise,1
uhmmmm,1
biting,1
firehouse,1
fum,1
boil,1
slides,1
accomendating,1
tommy,1
teenagers,1
allergies,1
oozing,1
trivia,1
centre,1
cracking,1
mishaps,1
goals,1
fear,1
feat,1
ha,1
candidates,1
spun,1
cube,1
dope,1
partie,1
leviathan,1
saucers,1
knowing,1
merite,1
artsy,1
merits,1
vocation,1
closet,1
junky,1
superb,1
mexicans,1
bought,1
gosling,1
torments,1
chiken,1
ox184,1
hindu,1
compos,1
nickel,1
bruscetta,1
importance,1
jalepeno,1
align,1
regotten,1
passorn,1
motif,1
thur,1
frying,1
cross,1
member,1
chopshop,1
difficult,1
warming,1
shanks,1
rocket,1
heavily,1
patrie,1
happiness,1
bistek,1
guts,1
smith,1
halo,1
northeastern,1
captivating,1
knot,1
denser,1
doughnut,1
pataterie,1
kunumoto,1
vortex,1
shabby,1
employment,1
gables,1
lean,1
mines,1
misters,1
trout,1
shavings,1
paste,1
universe,1
surge,1
perks,1
aufmerksam,1
promise,1
bechamel,1
grapevine,1
aoli,1
gazpacho,1
verantwortlich,1
bosnian,1
copoli,1
nancies,1
fundo,1
geblieben,1
venetian,1
makhni,1
jenny,1
amiright,1
boos,1
clicks,1
branca,1
plexiglas,1
squeak,1
sass,1
jewel,1
degustation,1
richardson,1
mosaics,1
