time,25
hair,20
cut,15
salon,13
haircut,13
job,12
stylist,8
color,8
price,8
experience,7
i,7
day,6
service,6
hairdresser,5
place,5
person,5
appointment,4
review,4
thing,4
think,4
prices,4
customer,4
suggestions,4
barber,4
looking,3
highlights,3
brown,3
years,3
lady,3
ombre,3
days,3
visit,3
wash,3
t,3
maintenance,3
way,3
sure,3
shop,2
anyway,2
atmosphere,2
therapist,2
cuts,2
staff,2
weekends,2
curls,2
sweet,2
employee,2
weeks,2
women,2
styles,2
foot,2
minute,2
anglophone,2
page,2
go,2
event,2
space,2
access,2
advice,2
be,2
s,2
months,2
times,2
massage,2
sara,2
blonde,2
use,2
happy,2
part,2
extensions,2
believe,2
haircuts,2
look,2
reviews,2
process,2
hairstylist,2
amount,2
services,2
short,2
colour,2
talk,2
opinions,1
hyper,1
location,1
impression,1
photo,1
hands,1
dollar,1
month,1
touch,1
grays,1
guys,1
find,1
layers,1
style,1
fits,1
cup,1
environment,1
straw,1
bases,1
favourite,1
halo,1
sauce,1
personality,1
customers,1
colours,1
sitting,1
conversations,1
stop,1
school,1
choice,1
listener,1
joint,1
fan,1
know,1
decide,1
bleach,1
room,1
term,1
stuff,1
settings,1
skills,1
always,1
level,1
colors,1
try,1
perfectionist,1
tendent,1
night,1
right,1
deal,1
born,1
bouncy,1
year,1
hier,1
techniques,1
clips,1
walking,1
mood,1
ways,1
feat,1
ups,1
ombr,1
discounts,1
individuals,1
hipster,1
scalp,1
routine,1
surprise,1
ever,1
told,1
haircolor,1
patient,1
makeup,1
coloring,1
let,1
highlight,1
ask,1
super,1
change,1
care,1
manicures,1
owners,1
daughter,1
license,1
stations,1
career,1
shades,1
length,1
experiences,1
com,1
comment,1
priorities,1
love,1
family,1
trust,1
u,1
smells,1
speak,1
apportionment,1
basis,1
addition,1
twenty,1
damp,1
waist,1
girls,1
perm,1
confident,1
attack,1
music,1
forward,1
airy,1
waste,1
friend,1
eyes,1
offering,1
freedom,1
took,1
spot,1
photos,1
consult,1
ashley,1
again,1
compliments,1
places,1
tang,1
challenge,1
work,1
shampoo,1
royal,1
taste,1
attention,1
items,1
situation,1
root,1
bet,1
mistake,1
barbers,1
fashion,1
receptionist,1
want,1
need,1
spa,1
ist,1
lights,1
salons,1
diego,1
end,1
ideas,1
convenient,1
discussion,1
tip,1
butcher,1
saturday,1
sams,1
products,1
nice,1
week,1
reception,1
information,1
bonus,1
quote,1
welcome,1
friends,1
sehr,1
difference,1
phx,1
student,1
mani,1
weekend,1
stylists,1
kept,1
longer,1
yelp,1
opaque,1
inspires,1
desk,1
upside,1
allow,1
american,1
notch,1
yelper,1
gesture,1
