food,184
mexican,156
time,117
service,86
place,71
tacos,59
taco,46
thing,46
times,37
restaurant,37
sauce,32
experience,29
reviews,27
flavor,27
salsa,26
night,24
meal,23
portions,23
menu,22
i,22
people,22
places,22
burrito,21
chips,20
beans,20
restaurants,19
visit,18
price,18
atmosphere,17
things,17
side,17
day,16
quality,16
part,16
dishes,16
staff,16
bar,16
margarita,14
hour,13
lunch,13
think,13
way,13
tables,13
location,13
corn,13
pastor,13
taste,13
items,12
amount,12
group,12
prices,12
value,12
know,12
deal,12
flavors,11
music,11
customer,11
chicken,11
rice,11
bean,11
drink,11
home,11
ingredients,11
portion,11
chain,10
drinks,10
options,10
choice,10
order,10
years,10
bite,10
review,10
t,10
sign,9
establishment,9
spot,9
get,9
chile,9
go,8
fan,8
guacamole,8
meat,8
try,8
tortilla,8
selection,8
stuff,8
kitchen,8
s,8
rib,8
touch,8
server,8
pork,7
enchiladas,7
end,7
vibe,7
hot,7
toppings,7
luck,7
margaritas,7
find,7
plate,7
job,7
walk,7
person,7
outdoor,7
nothing,7
spicy,7
eat,7
piece,7
potato,7
tortillas,6
item,6
dip,6
burger,6
wait,6
plates,6
talon,6
soup,6
floor,6
date,6
patio,6
course,6
attitude,6
sunday,6
mind,6
carne,6
chipotle,6
week,6
enchilada,6
soft,6
dish,6
tasty,6
burritos,5
town,5
water,5
groups,5
mex,5
dining,5
family,5
lime,5
thru,5
pieces,5
want,5
style,5
surprise,5
reason,5
care,5
feel,5
size,5
off,5
street,5
friend,5
option,5
take,5
experiences,5
appetizer,5
see,5
beef,5
while,5
variety,5
nachos,5
cilantro,5
unique,5
back,5
sauces,5
dinner,5
tasting,5
homemade,5
heat,5
made,5
inside,5
nice,5
weekend,5
voudrez,4
reviewers,4
ambience,4
die,4
standards,4
guy,4
power,4
version,4
montreal,4
recommend,4
door,4
room,4
shrimp,4
scottsdale,4
eats,4
coffee,4
school,4
occasions,4
ambiance,4
waiter,4
days,4
waitress,4
cheese,4
fast,4
tavern,4
note,4
mix,4
clean,4
notch,4
busy,4
texture,4
twice,4
bag,4
cocktails,4
hours,4
disappointment,4
table,4
peppers,4
look,4
breakfast,4
cuisine,4
bowl,4
bottle,4
cup,4
bit,4
crisp,4
either,4
seating,4
everything,4
friends,4
fries,4
minutes,4
twist,4
tip,4
looking,3
me,3
got,3
categories,3
level,3
specials,3
quick,3
work,3
design,3
love,3
chunks,3
hole,3
serving,3
put,3
appetizers,3
flour,3
bread,3
crunchy,3
house,3
fish,3
saturday,3
issue,3
area,3
management,3
shell,3
believe,3
slaw,3
locations,3
quartier,3
juice,3
offerings,3
plan,3
crowd,3
rating,3
tequila,3
cheap,3
colors,3
toast,3
pretty,3
stop,3
ones,3
flavour,3
recommendations,3
art,3
parking,3
noodles,3
concern,3
tamales,3
lots,3
opening,3
latin,3
tortas,3
salsas,3
patrons,3
color,3
addition,3
change,3
policy,3
chili,3
choices,3
bathrooms,3
mexico,3
customers,3
trip,3
hand,3
entrees,3
well,3
thumbs,3
cut,3
fare,3
onion,3
burgers,3
pricing,3
ice,3
pinches,3
fillings,3
vegetables,3
beer,3
spots,3
meals,3
start,3
happy,3
fork,3
j,3
na,3
sides,3
beers,3
concept,2
waiters,2
risk,2
sitting,2
fav,2
vegas,2
cook,2
ramen,2
expectations,2
cooks,2
salad,2
wooden,2
section,2
businesses,2
round,2
ten,2
tex,2
ummm,2
view,2
ground,2
cochinita,2
let,2
great,2
ventures,2
employees,2
residents,2
excuse,2
musik,2
flan,2
example,2
something,2
frogs,2
foods,2
wow,2
cups,2
sandwich,2
birthday,2
guys,2
man,2
tomato,2
horchata,2
attempt,2
remember,2
maybe,2
basket,2
numbers,2
indeed,2
mousse,2
terrace,2
letters,2
smiling,2
thank,2
la,2
treat,2
avocado,2
better,2
weeks,2
combination,2
rock,2
el,2
bueno,2
generation,2
idea,2
entree,2
year,2
category,2
space,2
mess,2
ass,2
leftovers,2
friday,2
little,2
owners,2
timer,2
hence,2
loud,2
adventure,2
favorites,2
number,2
done,2
establishments,2
too,2
decorations,2
tangy,2
syrup,2
dogs,2
store,2
hotel,2
serve,2
varieties,2
chef,2
kind,2
feeling,2
booth,2
fashion,2
glass,2
rent,2
treats,2
class,2
seafood,2
sometimes,2
competitors,2
please,2
sugar,2
theme,2
black,2
skimp,2
words,2
combinations,2
steak,2
puddle,2
tender,2
cold,2
milder,2
nature,2
screen,2
le,2
diners,2
cakes,2
sweet,2
hygiene,2
considering,2
marg,2
tiny,2
secret,2
fry,2
families,2
tasteless,2
fire,2
dates,2
welcoming,2
batch,2
vegetarian,2
broth,2
licieux,2
decor,2
pas,2
make,2
party,2
flair,2
booths,2
bonus,2
cucumber,2
quarters,2
press,2
seats,2
ingredient,2
kick,2
queso,2
lady,2
filling,2
downside,2
torta,2
mood,2
christmas,2
eating,2
buffet,2
months,2
seeds,2
charm,2
glasses,2
coupon,2
servers,2
parties,2
rolls,2
yorkers,2
call,2
coke,2
hi,2
hopes,2
sense,2
spice,2
type,2
problem,2
average,2
al,2
mediocre,2
mole,2
chance,2
details,2
phoenix,2
herbs,2
yelp,2
visits,2
together,2
terrasse,2
beverage,2
consider,1
saying,1
pennamex,1
skip,1
copy,1
ale,1
madison,1
month,1
gf,1
mile,1
stops,1
expressions,1
disk,1
children,1
layers,1
straws,1
yummy,1
tv,1
watch,1
hunger,1
opportunities,1
nose,1
environment,1
culinary,1
cactus,1
glad,1
smile,1
worth,1
henderson,1
woman,1
jerk,1
citrus,1
nights,1
conditions,1
decide,1
word,1
drinking,1
difference,1
district,1
posts,1
farms,1
venue,1
vibes,1
haggis,1
enjoy,1
jamaica,1
neighborhood,1
regret,1
goodies,1
seasoning,1
tea,1
grease,1
talker,1
marinade,1
air,1
specs,1
sausage,1
jokes,1
cleanliness,1
fine,1
slight,1
sangria,1
liberty,1
access,1
lights,1
knick,1
turnaround,1
template,1
weather,1
fixings,1
ever,1
chefs,1
told,1
nacho,1
crunch,1
yelpers,1
minor,1
chino,1
yes,1
supplying,1
daughter,1
losses,1
guilty,1
bumps,1
pics,1
credit,1
pico,1
wine,1
suggestion,1
situations,1
opinion,1
spices,1
thats,1
trainer,1
grandma,1
prefer,1
compare,1
wifi,1
county,1
meats,1
tap,1
skillets,1
tequilas,1
once,1
use,1
figure,1
veg,1
super,1
destination,1
inquisition,1
process,1
themselves,1
prep,1
cooker,1
sort,1
main,1
expecting,1
mush,1
supporters,1
porch,1
goujons,1
halloween,1
walnut,1
chucks,1
americano,1
chocolate,1
trail,1
warm,1
everywhere,1
adult,1
rare,1
starter,1
circumstances,1
high,1
leviathan,1
bartender,1
challenge,1
des,1
entertainment,1
dousing,1
flautas,1
groves,1
caveat,1
making,1
drops,1
bites,1
taquerias,1
vodka,1
conversationalist,1
foodie,1
stream,1
brown,1
joints,1
chip,1
dolphin,1
suggestions,1
stressing,1
states,1
imitation,1
bones,1
offense,1
brunch,1
needs,1
sip,1
conversation,1
onions,1
pina,1
brand,1
regions,1
quesadilla,1
flank,1
scratch,1
goat,1
gallo,1
pizza,1
shirts,1
alternative,1
cocktail,1
may,1
sunny,1
slush,1
granddaughter,1
tamarindo,1
lighting,1
parallel,1
types,1
drop,1
moments,1
joint,1
tapas,1
lines,1
st,1
housemade,1
rectangular,1
everyone,1
sat,1
vapor,1
machaca,1
refund,1
cute,1
help,1
chunk,1
divier,1
munchings,1
mold,1
tonic,1
brim,1
shreds,1
tso,1
blast,1
somewhere,1
writing,1
resort,1
offers,1
stroll,1
bummer,1
hometown,1
orange,1
soccer,1
versus,1
empanadas,1
good,1
return,1
tourist,1
views,1
safe,1
americain,1
roommate,1
bankroll,1
hands,1
eggs,1
rotation,1
limes,1
sips,1
gets,1
relleno,1
franks,1
freshness,1
murals,1
couvrir,1
did,1
token,1
peasant,1
ya,1
roast,1
curry,1
square,1
wasn,1
loops,1
logo,1
girl,1
neighbourhood,1
er,1
marigolds,1
container,1
mouths,1
lawn,1
hoof,1
boutique,1
chaos,1
rd,1
miles,1
red,1
housing,1
model,1
horseshoes,1
patios,1
coraz,1
associate,1
fave,1
pub,1
lump,1
heaping,1
ask,1
mistress,1
craving,1
quesadillas,1
arcade,1
selections,1
calories,1
american,1
levels,1
noodle,1
swing,1
guac,1
entrance,1
feet,1
wash,1
fideo,1
spanish,1
bland,1
thick,1
barbacoa,1
cheesy,1
maple,1
city,1
story,1
monkey,1
temperature,1
ordering,1
ballads,1
neutralizing,1
tostada,1
renovation,1
avez,1
corvette,1
percentage,1
moat,1
gives,1
nutrition,1
stomach,1
mojitos,1
tongue,1
acoutrements,1
sewer,1
appreciation,1
plus,1
cultures,1
norms,1
completes,1
b,1
redone,1
bits,1
roberto,1
flavours,1
aztec,1
glowing,1
fruits,1
steep,1
bet,1
pre,1
mini,1
behavior,1
nicer,1
half,1
layover,1
formula,1
say,1
seen,1
seem,1
sounding,1
seek,1
ratings,1
speakers,1
speaking,1
wholesome,1
depending,1
check,1
scotland,1
hangover,1
arm,1
contact,1
fajitas,1
hatch,1
commentary,1
mixing,1
latino,1
rider,1
couple,1
unless,1
qualities,1
warnings,1
track,1
takeaway,1
eruption,1
servce,1
short,1
mimosa,1
y,1
eaten,1
complaints,1
capacity,1
cases,1
forever,1
don,1
expert,1
neighborhoods,1
kj,1
metal,1
disease,1
wing,1
ways,1
sources,1
yum,1
blend,1
away,1
fact,1
diy,1
slope,1
gold,1
show,1
chances,1
merit,1
soda,1
crayon,1
corner,1
mellow,1
vette,1
btw,1
jar,1
mug,1
surroundings,1
going,1
cuisines,1
employee,1
translucent,1
pumpkin,1
counterpoint,1
hit,1
menchiladas,1
dope,1
grocery,1
listener,1
menus,1
him,1
gem,1
campus,1
temp,1
aluminum,1
cafeteria,1
tequilla,1
state,1
summary,1
hype,1
including,1
came,1
bars,1
reference,1
smooth,1
lemonade,1
scenes,1
pinot,1
cultura,1
locals,1
cheladas,1
taqueria,1
movie,1
gentleman,1
mexicans,1
finger,1
interpretation,1
problems,1
refreshing,1
approach,1
escabeche,1
responses,1
tripas,1
however,1
foreshadow,1
news,1
coupons,1
c,1
gaspacho,1
deals,1
taking,1
hint,1
amazing,1
etc,1
chandeliers,1
chorizo,1
requests,1
pureed,1
workers,1
breakfasts,1
separation,1
point,1
tuesday,1
period,1
improper,1
crisps,1
article,1
crew,1
crispy,1
bathroom,1
tort,1
imperfections,1
restaurateur,1
interest,1
dilworth,1
hass,1
meeting,1
containers,1
website,1
box,1
life,1
tidy,1
powder,1
juicy,1
ginger,1
garcia,1
sticky,1
spirit,1
chuy,1
exception,1
combos,1
frozen,1
crowds,1
straight,1
trick,1
buns,1
mimosas,1
fault,1
stopping,1
balance,1
fundido,1
mistake,1
breaky,1
haunts,1
gringo,1
someone,1
upscale,1
cucumbers,1
exterior,1
ready,1
bucks,1
protein,1
activity,1
chase,1
bottles,1
martini,1
medio,1
chilis,1
same,1
checking,1
html,1
split,1
corridor,1
sucker,1
composition,1
cod,1
stargazing,1
banter,1
hang,1
upbringing,1
fruit,1
cleaning,1
ownership,1
positives,1
opportunity,1
tradition,1
soap,1
cocomo,1
band,1
kept,1
picks,1
fives,1
tapenade,1
hearty,1
flakes,1
sets,1
partner,1
preference,1
comment,1
stores,1
veggies,1
being,1
handmade,1
dancers,1
guano,1
mistakes,1
scattering,1
margherita,1
refills,1
gmo,1
legion,1
admission,1
had,1
theater,1
roller,1
reasons,1
n,1
pile,1
paquime,1
styles,1
complaint,1
lunches,1
crusty,1
format,1
showing,1
mins,1
stools,1
judgement,1
fusion,1
were,1
mom,1
judge,1
world,1
fryer,1
contraptions,1
melting,1
chairs,1
mint,1
fajita,1
shelf,1
facing,1
festivities,1
hosts,1
always,1
mine,1
tomatillo,1
guests,1
didn,1
laugh,1
backgrounds,1
church,1
meatloaf,1
gables,1
ignore,1
competitor,1
jalapeno,1
pet,1
memories,1
decision,1
fox,1
eyesore,1
favors,1
tots,1
habits,1
ethos,1
dating,1
standing,1
pepper,1
zest,1
schedule,1
camper,1
broken,1
display,1
consolation,1
post,1
mexcian,1
aswell,1
comparison,1
sister,1
ol,1
diner,1
stations,1
dollars,1
factors,1
stand,1
ribs,1
concession,1
shiny,1
starchy,1
ladies,1
whats,1
backyard,1
garbage,1
texting,1
tenderloin,1
right,1
bats,1
wrap,1
gooey,1
skillet,1
slushy,1
runny,1
buds,1
grub,1
hehe,1
aguas,1
cantina,1
oomph,1
blow,1
valley,1
energy,1
across,1
media,1
north,1
offer,1
regard,1
avions,1
eater,1
fundo,1
basis,1
count,1
rush,1
versions,1
dog,1
peppermint,1
tell,1
strawberry,1
sadness,1
stories,1
mazama,1
cake,1
instead,1
trio,1
palate,1
freak,1
tostadas,1
fans,1
doesn,1
hungry,1
utensils,1
orderer,1
annoying,1
graham,1
fill,1
again,1
genres,1
setting,1
elpasso,1
evenings,1
fledgling,1
trash,1
poor,1
picture,1
star,1
juices,1
minute,1
diet,1
toasty,1
meaning,1
lovers,1
fructose,1
transfers,1
aware,1
pool,1
building,1
land,1
longer,1
salt,1
lot,1
holes,1
karma,1
oasis,1
lineup,1
starting,1
songs,1
