food,157
time,149
place,98
restaurant,95
pizza,92
service,86
meal,60
night,47
experience,47
pasta,47
dishes,45
bread,42
thing,42
wine,37
times,37
i,37
dinner,35
menu,32
things,31
sauce,31
restaurants,30
reviews,28
part,28
cheese,27
oil,27
salad,27
quality,27
places,27
atmosphere,26
day,25
staff,25
italian,25
prices,21
tables,20
visit,19
price,19
t,19
garden,19
portion,19
course,18
portions,18
crust,18
options,18
selection,18
people,17
year,17
dining,17
know,17
die,16
think,16
flavor,16
taste,16
tomatoes,16
side,15
kitchen,15
deal,15
ingredients,15
value,15
und,14
noch,14
meals,14
dish,14
amount,14
location,14
york,14
m,13
wait,13
evening,13
w,13
school,12
years,12
lunch,12
table,12
group,12
items,11
glass,11
order,11
coffee,11
style,11
server,11
hour,11
f,11
job,11
mozzarella,10
rib,10
days,10
ist,10
dente,10
uns,10
pizzas,10
drinks,10
spot,10
date,10
care,10
cocktails,10
fan,10
hours,10
family,10
wieder,10
house,10
reason,10
stomach,10
size,9
review,9
touch,9
sandwich,9
idea,9
feel,9
option,9
notch,9
cuisine,9
chicken,9
party,9
drink,9
end,8
meat,8
way,8
choice,8
bite,8
friend,8
breakfast,8
s,8
nice,8
sausage,8
wines,8
view,8
music,7
expectations,7
plate,7
bar,7
butter,7
had,7
concept,7
specials,7
guy,7
appetizers,7
disappointment,7
favorite,7
area,7
believe,7
look,7
eating,7
range,7
char,7
dessert,7
vinegar,7
customer,7
mit,7
stuff,7
kick,7
piece,7
minutes,7
pie,7
chance,7
friends,7
deli,6
nicht,6
want,6
hidden,6
beef,6
minute,6
love,6
man,6
name,6
looking,6
waiter,6
bolognese,6
take,6
glaze,6
bowl,6
trip,6
week,6
seating,6
aperetifs,6
dressing,6
departure,6
person,6
waiters,6
espresso,6
pieces,6
schnitzel,6
addition,6
variety,6
room,5
nett,5
potatoes,5
einer,5
nahe,5
mind,5
came,5
toast,5
beer,5
plates,5
hand,5
right,5
crowd,5
happy,5
marinara,5
setting,5
weekend,5
change,5
chocolate,5
bezeichnen,5
birthday,5
city,5
gem,5
schwer,5
ravioli,5
ein,5
tasty,5
list,5
der,5
lighting,5
patio,5
help,5
fish,5
bistro,5
albeit,5
experiences,5
nothing,5
von,5
advise,5
bis,5
nachts,5
servers,5
fast,5
homemade,5
sides,5
tomato,5
damit,5
mix,5
neben,5
choices,5
off,5
gute,5
home,5
pepper,5
eat,5
street,4
slices,4
meats,4
recommend,4
honey,4
combination,4
steak,4
noodles,4
however,4
ceilings,4
papaya,4
everything,4
inside,4
mediocre,4
gut,4
sign,4
french,4
groups,4
pluses,4
creamy,4
main,4
et,4
ewig,4
seafood,4
wood,4
get,4
patrons,4
considering,4
eaters,4
summer,4
mom,4
aufnahm,4
valley,4
romantik,4
parmesan,4
tes,4
version,4
lasagna,4
bottle,4
dem,4
courses,4
burrata,4
peppers,4
bill,4
bonus,4
levels,4
d,4
tasting,4
lemon,4
berries,4
do,4
ribs,4
appetizer,4
eher,4
light,4
remember,4
occasion,4
meatballs,4
keine,4
toppings,4
reduction,4
schmeckt,4
yelp,4
chef,3
kids,3
glance,3
type,3
schade,3
filling,3
saturday,3
surprise,3
tastiness,3
pointe,3
busy,3
claude,3
rice,3
mixture,3
away,3
une,3
chalkboards,3
offerings,3
basis,3
tiny,3
say,3
bottles,3
suggest,3
yet,3
wings,3
margherita,3
dense,3
christmas,3
months,3
war,3
italien,3
phoenix,3
longer,3
potato,3
together,3
charge,3
cooks,3
level,3
standards,3
dip,3
entrees,3
montreal,3
flavors,3
can,3
meatball,3
non,3
kann,3
girl,3
space,3
pizzeria,3
marins,3
card,3
selections,3
pepperoni,3
star,3
reno,3
shot,3
cheap,3
seat,3
checks,3
platziert,3
fruit,3
favorites,3
teigig,3
lobster,3
slice,3
wheat,3
habe,3
lol,3
start,3
ab,3
cream,3
etwas,3
herbs,3
platter,3
children,3
decide,3
anniversary,3
door,3
town,3
den,3
nachfrage,3
sense,3
pastas,3
pesto,3
occasions,3
everyone,3
try,3
tiramisu,3
beginning,3
expecting,3
knots,3
parm,3
eater,3
eaten,3
hit,3
combinations,3
see,3
sweet,3
understand,3
bruschetta,3
leave,3
cut,3
bit,3
anything,3
fries,3
cafe,3
favourite,3
ingredient,3
starter,3
fare,3
favourites,3
parties,3
conversation,3
produce,3
accent,3
lot,3
bother,3
class,3
twice,3
taking,3
antipasti,3
mushrooms,3
squeeze,3
made,3
twist,3
mushroom,3
gelato,3
dazu,2
every,2
prize,2
haben,2
chew,2
overdo,2
bacon,2
cooking,2
crunch,2
credit,2
landscape,2
watering,2
me,2
henri,2
foodie,2
nuts,2
hot,2
yum,2
types,2
oven,2
somewhere,2
better,2
negroni,2
crunchy,2
nite,2
downside,2
ranging,2
serve,2
wisdom,2
nahm,2
iron,2
points,2
limonade,2
orleans,2
stop,2
resist,2
result,2
score,2
fault,2
requests,2
relaxing,2
near,2
mistake,2
upscale,2
kept,2
yes,2
board,2
palazzo,2
steps,2
takeaways,2
o,2
afternoon,2
flatbread,2
son,2
head,2
floor,2
na,2
role,2
smell,2
picture,2
polite,2
terrasse,2
chain,2
manager,2
mile,2
ice,2
yummy,2
veg,2
tenaille,2
vegas,2
posts,2
item,2
round,2
pork,2
port,2
gnocchi,2
boy,2
cinnamon,2
bon,2
italians,2
disappoint,2
memory,2
countertop,2
club,2
beers,2
caf,2
wickeld,2
pint,2
mac,2
mad,2
serving,2
cold,2
splurge,2
half,2
term,2
en,2
salads,2
neighbourhood,2
language,2
cheesy,2
season,2
sah,2
san,2
sad,2
topping,2
complaints,2
cutlets,2
rating,2
calamari,2
black,2
pumpkin,2
moons,2
come,2
dates,2
olives,2
tigen,2
eatery,2
weeks,2
case,2
cash,2
pay,2
tour,2
pacini,2
machen,2
seems,2
world,2
ltnis,2
divino,2
business,2
strip,2
stars,2
hen,2
energy,2
ragu,2
wifi,2
wett,2
lack,2
tv,2
woman,2
very,2
overdone,2
difference,2
steakhouse,2
cookies,2
neighborhood,2
burger,2
scallops,2
contrast,2
pizzerias,2
donuts,2
sondern,2
salty,2
cannelloni,2
breads,2
alle,2
team,2
cannoli,2
walls,2
instructions,2
faire,2
members,2
put,2
owners,2
statue,2
fancy,2
bland,2
story,2
avez,2
translation,2
stairs,2
kind,2
blond,2
sandwiches,2
zucchini,2
hotel,2
puree,2
clean,2
sangria,2
find,2
pretty,2
sea,2
dann,2
fans,2
attention,2
reasons,2
whatever,2
crispy,2
picazzos,2
napa,2
great,2
while,2
decor,2
recht,2
suggestion,2
consistency,2
aroma,2
intervals,2
customers,2
couple,2
forkful,2
back,2
sauces,2
decision,2
per,2
either,2
be,2
beans,2
classics,2
gewesen,2
don,2
info,2
amounts,2
gp,2
desserts,2
go,2
booze,2
fischgerichte,2
spaghetti,2
chicago,2
exchange,2
let,2
metro,2
wie,2
talon,2
singing,2
sort,2
charming,2
praise,2
cappuccino,2
bones,2
vibe,2
instead,2
entree,2
collection,2
serrano,2
scoop,2
takeaway,2
byo,2
ricotta,2
citrus,2
glasses,2
ambiance,2
measure,2
werden,2
recipes,2
hence,2
waitress,2
blown,2
owner,2
habit,2
system,2
boring,2
ckt,2
talk,2
impression,2
charles,2
bases,2
joint,2
ones,2
perfection,2
words,2
walk,2
arugula,2
respect,2
bbq,2
welcoming,2
neapolitan,2
pho,2
phx,2
antipasto,2
nonetheless,2
moments,2
rooms,2
details,2
checking,2
lose,2
irgendwie,2
empire,2
est,2
blowing,2
gorgonzola,2
vegetables,2
pairing,2
apps,2
mozz,2
smooth,2
limit,2
cake,2
branch,2
kinds,2
stay,2
hanging,1
appetite,1
oldest,1
proviterlosl,1
auf,1
worth,1
ale,1
blanket,1
gremolata,1
venue,1
wednesday,1
fritter,1
cesar,1
decadence,1
designing,1
supplies,1
zesty,1
ever,1
croutons,1
men,1
path,1
buddy,1
dry,1
forum,1
k,1
permit,1
sass,1
worksam,1
changes,1
brought,1
vinagariette,1
asset,1
blueberry,1
haha,1
waitor,1
warn,1
warm,1
must,1
word,1
im,1
vodka,1
estate,1
foods,1
turn,1
complaining,1
travel,1
feature,1
description,1
fettucinni,1
appreciate,1
greek,1
feedback,1
murals,1
geschmacksache,1
savory,1
band,1
queues,1
l,1
pleasantries,1
roast,1
went,1
lasting,1
tip,1
turnip,1
gon,1
god,1
vibes,1
soda,1
loud,1
wasn,1
thick,1
spinach,1
too,1
john,1
mentioning,1
rewards,1
anniversaries,1
preparation,1
feeling,1
fashion,1
runner,1
modern,1
manner,1
genuine,1
laden,1
gripe,1
chest,1
margerita,1
mother,1
mario,1
coin,1
subtotal,1
episode,1
dog,1
rancid,1
reserve,1
hunger,1
touches,1
sugar,1
rich,1
personality,1
tiles,1
di,1
coast,1
cardinale,1
greens,1
dipping,1
bag,1
thumbs,1
bleu,1
fair,1
dort,1
nur,1
lots,1
nature,1
souvenir,1
news,1
hummus,1
con,1
character,1
steaks,1
height,1
refill,1
speak,1
conference,1
parsley,1
basil,1
containers,1
focaccia,1
sooooo,1
shattering,1
kudos,1
spin,1
combos,1
cracker,1
balance,1
cons,1
broth,1
complaint,1
weirdness,1
need,1
cone,1
descent,1
make,1
beside,1
drawback,1
wheel,1
fuss,1
workforce,1
acoustics,1
tho,1
academie,1
voulez,1
left,1
thanks,1
ham,1
cherry,1
spread,1
east,1
gave,1
looks,1
spiga,1
melting,1
soap,1
gelateria,1
guests,1
platters,1
ick,1
microwave,1
participation,1
tartar,1
pose,1
post,1
super,1
limitation,1
diner,1
dollars,1
plus,1
digestion,1
aber,1
carafe,1
virgin,1
happt,1
offer,1
zeigt,1
hear,1
flavour,1
renovations,1
flavoursome,1
candlelit,1
prayer,1
check,1
handmade,1
ne,1
juices,1
humor,1
intimacy,1
reviewers,1
cougars,1
skin,1
row,1
technique,1
disgusting,1
busboy,1
brown,1
vegan,1
eats,1
exact,1
cool,1
pecorino,1
quick,1
regret,1
seasoning,1
cost,1
favour,1
falling,1
grandparents,1
water,1
hospitality,1
cacophony,1
italiano,1
hotels,1
projector,1
going,1
australian,1
gustoso,1
oregon,1
car,1
soup,1
yadda,1
nearest,1
crazy,1
stream,1
mirrors,1
awesome,1
heard,1
till,1
sunday,1
nyc,1
map,1
product,1
cocktail,1
guys,1
varieties,1
whenever,1
maybe,1
tapas,1
st,1
si,1
sh,1
tahini,1
gesture,1
kono,1
terrace,1
overhaul,1
thank,1
mais,1
lackluster,1
amazing,1
forms,1
window,1
views,1
noa,1
goat,1
rock,1
quarter,1
brews,1
giada,1
container,1
bordering,1
oasis,1
training,1
flare,1
honest,1
yuk,1
fieri,1
stuck,1
plastic,1
twenties,1
draft,1
tell,1
pittsburgh,1
backpedal,1
dudes,1
wide,1
midtown,1
apples,1
fruits,1
pre,1
nicer,1
uneingeschr,1
tastes,1
aside,1
note,1
interior,1
sure,1
opposite,1
cheesecake,1
sauteed,1
hungry,1
mains,1
bright,1
ratio,1
texture,1
osso,1
nontheless,1
morning,1
picnic,1
parking,1
impressions,1
mortgage,1
teeny,1
outside,1
teens,1
marvin,1
screen,1
yumm,1
blame,1
playpark,1
tub,1
ja,1
loafs,1
fit,1
region,1
quiet,1
chorizo,1
nearby,1
breakfasts,1
anti,1
unassuming,1
west,1
breath,1
accommodating,1
situation,1
shops,1
parmigiano,1
eras,1
comments,1
different,1
same,1
gentlemen,1
coworkers,1
finish,1
booths,1
mozzas,1
tradition,1
theater,1
breezy,1
components,1
model,1
flakey,1
outdoor,1
money,1
cecci,1
aspect,1
refills,1
dicks,1
aspects,1
read,1
stools,1
earnest,1
traffic,1
fortune,1
mussten,1
greeting,1
iceburg,1
tower,1
tart,1
tvs,1
sommes,1
mood,1
memories,1
mccall,1
moon,1
contingent,1
intimate,1
chefs,1
repeating,1
ok,1
oh,1
roar,1
violence,1
shrimp,1
stand,1
luck,1
ladies,1
communication,1
fritters,1
downer,1
amongst,1
jus,1
omelet,1
chilies,1
buying,1
handsome,1
rush,1
strawberry,1
accents,1
direction,1
students,1
brandy,1
coverage,1
fresh,1
brands,1
herby,1
building,1
wife,1
mash,1
mass,1
downers,1
expressions,1
mascarpone,1
apartment,1
opportunities,1
chewing,1
enjoying,1
presentation,1
paying,1
premium,1
abwechslungsreiche,1
bucco,1
prosciutto,1
streets,1
rate,1
cheeses,1
section,1
vorneweg,1
grape,1
vegetarian,1
lasagne,1
pick,1
transit,1
screens,1
glitch,1
vip,1
plonk,1
chunks,1
sexiness,1
flaws,1
splash,1
company,1
none,1
bruschettas,1
male,1
casanova,1
suggestions,1
states,1
needs,1
menus,1
quebecois,1
charms,1
petite,1
response,1
short,1
pleasure,1
turnover,1
chicks,1
reluctance,1
resort,1
macallan,1
complain,1
found,1
fairy,1
notes,1
beyond,1
event,1
health,1
issue,1
megaclub,1
wisconsin,1
calzone,1
friday,1
enveloping,1
mmm,1
bellinis,1
edges,1
zufrieden,1
apocalypse,1
mish,1
contender,1
doughnuts,1
number,1
slithers,1
done,1
occurrence,1
gourmet,1
statement,1
passen,1
tomatos,1
jamie,1
burrito,1
tummy,1
juicy,1
pedestrian,1
orders,1
trance,1
lit,1
moist,1
lip,1
veal,1
plan,1
windows,1
sometimes,1
schoolers,1
baralo,1
fine,1
starters,1
sunny,1
grocery,1
trees,1
courage,1
him,1
caramel,1
recommendations,1
bars,1
set,1
undergoes,1
tender,1
cozy,1
pictures,1
wow,1
please,1
creme,1
champagne,1
premises,1
sold,1
c,1
caprese,1
thou,1
connection,1
became,1
buzz,1
approve,1
loaf,1
point,1
manners,1
scallop,1
dietary,1
recommending,1
suppli,1
frutti,1
secret,1
brick,1
empty,1
siting,1
togo,1
pricey,1
pace,1
match,1
zeppoles,1
drawbacks,1
rip,1
alati,1
shirt,1
gnudi,1
daughters,1
cigar,1
staycation,1
parfait,1
lasagnas,1
older,1
atcha,1
maker,1
spend,1
abilities,1
tableabd,1
gems,1
source,1
horseradish,1
app,1
bin,1
bloody,1
moody,1
cones,1
towards,1
examples,1
falafel,1
pet,1
eggs,1
plaza,1
faits,1
muzak,1
heritage,1
aftertaste,1
tableside,1
filet,1
hopes,1
line,1
observation,1
spinich,1
mouthwatering,1
landscapes,1
sunnies,1
doesn,1
chap,1
nat,1
draw,1
visits,1
clue,1
lafayette,1
unsere,1
having,1
once,1
peanut,1
culinary,1
ambience,1
suite,1
telling,1
drinking,1
barbary,1
button,1
deals,1
rack,1
za,1
zu,1
folk,1
crouton,1
paintings,1
giving,1
waiting,1
bird,1
yelpers,1
les,1
others,1
asiago,1
haunts,1
existent,1
opinion,1
salvation,1
honor,1
apple,1
liqueur,1
baskets,1
duck,1
examination,1
ride,1
pour,1
anywhere,1
thin,1
meet,1
pappardelle,1
slip,1
thirsty,1
high,1
tab,1
onions,1
batches,1
blocks,1
farm,1
morningside,1
cutlery,1
bakery,1
sambuca,1
martini,1
bartenders,1
soggy,1
move,1
artichoke,1
perfect,1
byob,1
degrees,1
choose,1
orange,1
das,1
front,1
rotation,1
masters,1
risotto,1
chunk,1
brodie,1
entertainment,1
desert,1
red,1
utensil,1
compote,1
soothing,1
umbrellas,1
festival,1
decorations,1
tourists,1
shell,1
slides,1
manifestation,1
fondant,1
colleagues,1
prune,1
ganache,1
flavours,1
cucumbers,1
lover,1
bet,1
tabs,1
rtchen,1
which,1
romaine,1
delivery,1
refreshing,1
hostesses,1
movie,1
recommande,1
winner,1
should,1
surroundings,1
employee,1
meant,1
means,1
sprouting,1
prohibition,1
bean,1
areas,1
requirement,1
heaters,1
state,1
stories,1
importance,1
hits,1
etc,1
attributes,1
jersey,1
otherwise,1
wall,1
mafia,1
tiene,1
treat,1
bruscetta,1
al,1
brunch,1
vanilla,1
wild,1
layer,1
motif,1
almost,1
ink,1
bucks,1
poultry,1
whole,1
vinaigrette,1
restuarant,1
stores,1
rocket,1
dose,1
wee,1
vide,1
realize,1
umiges,1
eateries,1
february,1
press,1
doughnut,1
pies,1
onion,1
mha,1
works,1
otras,1
church,1
hair,1
demeanor,1
almonds,1
choosing,1
drizzle,1
hipsters,1
leaf,1
lean,1
floss,1
truffle,1
chains,1
pressure,1
host,1
getting,1
pastries,1
aufmerksam,1
artista,1
catherine,1
commitment,1
been,1
artists,1
grapevine,1
brides,1
spots,1
north,1
verantwortlich,1
brand,1
triangular,1
nancies,1
eau,1
byow,1
wish,1
venetian,1
dippers,1
duties,1
problem,1
reservations,1
pig,1
penne,1
diego,1
es,1
dresses,1
branca,1
monday,1
jewel,1
extras,1
cookbook,1
