time,319
food,211
service,192
place,160
thing,111
night,102
experience,102
menu,79
meal,76
restaurant,76
things,66
cheese,61
restaurants,61
times,61
i,54
atmosphere,52
people,49
dinner,49
options,49
burger,48
part,48
places,48
course,44
day,42
potato,41
hour,41
tables,40
visit,38
items,37
bar,37
quality,37
breakfast,35
sauce,35
portion,35
potatoes,34
spot,34
beer,33
deal,33
fries,33
poutine,32
price,32
rib,32
staff,32
reviews,31
dishes,31
know,31
music,30
side,30
customer,30
drinks,28
dining,28
flavor,28
chicken,28
wine,27
way,27
lunch,27
portions,26
wait,25
dish,25
selection,25
burgers,24
think,24
bite,24
reason,24
prices,24
meals,23
bread,23
plates,23
years,23
location,23
chocolate,22
t,22
notch,22
salad,22
choice,21
review,21
s,21
taste,21
minutes,21
end,20
plate,20
stuff,20
job,20
order,19
week,19
server,19
year,19
steak,18
amount,18
tacos,18
date,17
variety,17
party,17
want,16
flavors,16
get,16
drink,16
ingredients,16
friends,16
toast,15
trip,15
bowl,15
sandwich,15
table,15
off,15
days,14
rice,14
ribs,14
size,14
fan,14
egg,14
style,14
feel,14
sweet,14
look,14
person,14
glass,13
expectations,13
coffee,13
inside,13
french,13
bites,13
touch,13
house,13
option,13
right,12
weekend,12
love,12
cocktail,12
group,12
care,12
view,12
cocktails,12
fruit,12
patio,12
american,12
find,12
decor,12
either,12
beans,12
ambiance,12
york,12
eat,12
brunch,12
choices,12
piece,12
street,11
dog,11
kitchen,11
hand,11
guy,11
pork,11
space,11
friend,11
shrimp,11
tasting,11
dessert,11
onion,11
room,10
meat,10
happy,10
concept,10
manager,10
waiter,10
start,10
evening,10
value,10
go,10
curds,10
vibe,10
entree,10
bacon,9
corn,9
bartender,9
item,9
dip,9
months,9
appetizers,9
half,9
selections,9
take,9
weeks,9
seating,9
version,9
door,9
experiences,9
nothing,9
cut,9
school,8
chef,8
guests,8
hot,8
mind,8
beef,8
chili,8
complaint,8
floor,8
water,8
entrees,8
beers,8
rock,8
disappointment,8
nice,8
tea,8
hours,8
salty,8
attitude,8
cuisine,8
servers,8
desserts,8
let,8
pieces,8
ones,8
twist,8
employees,7
slices,7
foods,7
surprise,7
girls,7
appetizer,7
fry,7
diner,7
setting,7
level,7
mac,7
birthday,7
man,7
name,7
butter,7
looking,7
again,7
town,7
eats,7
buns,7
mexican,7
eggs,7
recommendations,7
bill,7
customers,7
sausage,7
waitress,7
management,7
home,7
problem,7
luck,6
veggie,6
dogs,6
manner,6
child,6
balance,6
mistake,6
plus,6
vegas,6
cool,6
parties,6
sunday,6
buffet,6
seafood,6
patrons,6
breakfasts,6
favorites,6
omelet,6
chunks,6
call,6
occasions,6
idea,6
expecting,6
story,6
sandwiches,6
fine,6
see,6
bit,6
eater,6
fast,6
sides,6
apple,6
pour,6
onions,6
light,6
occasion,6
impression,6
words,6
comment,6
addition,6
treat,6
seats,6
spots,6
bun,6
pie,6
every,5
pancakes,5
kids,5
recommend,5
type,5
combination,5
mini,5
gravy,5
stop,5
lots,5
away,5
nachos,5
yet,5
had,5
super,5
war,5
flavour,5
chain,5
environment,5
specials,5
work,5
steaks,5
maybe,5
serving,5
star,5
city,5
morning,5
come,5
bottle,5
wall,5
lady,5
lobster,5
ok,5
stars,5
steakhouse,5
crust,5
suggestions,5
england,5
oil,5
syrup,5
hotel,5
sign,5
juicy,5
juice,5
pupusas,5
clean,5
compliment,5
montreal,5
wings,5
sauces,5
be,5
filet,5
hopes,5
don,5
business,5
others,5
talon,5
lime,5
instead,5
establishment,5
bartenders,5
legendary,5
southern,5
conversation,5
mix,5
bean,5
latin,5
bbq,5
truffle,5
made,5
venue,4
ever,4
warm,4
word,4
scottsdale,4
ist,4
took,4
came,4
busy,4
layout,4
und,4
requests,4
offerings,4
basis,4
tuna,4
offer,4
tip,4
reviewers,4
cook,4
minute,4
groups,4
change,4
creamy,4
basket,4
amazing,4
didn,4
girl,4
season,4
note,4
sure,4
salt,4
shot,4
black,4
gem,4
screen,4
considering,4
eaters,4
outdoor,4
pile,4
pickles,4
slice,4
strip,4
valley,4
fish,4
tasty,4
hound,4
dressing,4
neighborhood,4
design,4
scallops,4
comfort,4
lighting,4
notes,4
expect,4
fancy,4
cups,4
banana,4
ratings,4
nights,4
plan,4
blend,4
bars,4
preparation,4
point,4
crispy,4
peppers,4
cup,4
back,4
question,4
elements,4
visits,4
buffalo,4
try,4
eating,4
sind,4
fare,4
farm,4
tomato,4
class,4
combo,4
chips,4
breweries,4
opening,4
kick,4
chairs,4
glasses,4
chance,4
lights,3
herb,3
path,3
poutines,3
watering,3
me,3
foodie,3
woman,3
mess,3
salsa,3
south,3
plantains,3
hidden,3
runny,3
bang,3
loud,3
raw,3
seem,3
pointe,3
orleans,3
theme,3
polenta,3
pretzel,3
dente,3
com,3
suggest,3
buffets,3
spin,3
sushi,3
upscale,3
bottles,3
make,3
yes,3
mayo,3
meats,3
fox,3
ice,3
everything,3
accommodate,3
crowd,3
medium,3
average,3
roll,3
together,3
charge,3
standards,3
team,3
quick,3
seasoning,3
sports,3
thru,3
soup,3
awesome,3
lounge,3
remember,3
st,3
talk,3
shake,3
cold,3
views,3
fires,3
et,3
little,3
draft,3
bits,3
say,3
cheap,3
texture,3
ways,3
diners,3
dates,3
highlights,3
period,3
comments,3
same,3
events,3
omelette,3
world,3
mood,3
hipster,3
intimate,3
area,3
desert,3
spicy,3
trips,3
herbs,3
pool,3
consider,3
chinese,3
lack,3
dollar,3
month,3
presentation,3
difference,3
rate,3
pass,3
attitudes,3
hash,3
pick,3
family,3
excuse,3
potatoe,3
vegan,3
courses,3
energy,3
issue,3
bistro,3
owners,3
done,3
saint,3
albeit,3
towards,3
oyster,3
pretty,3
hip,3
set,3
tender,3
spirits,3
reasons,3
meeting,3
great,3
hostess,3
while,3
fun,3
ready,3
sounding,3
bonus,3
cucumber,3
questions,3
alternative,3
horseradish,3
parents,3
format,3
couple,3
bc,3
salmon,3
range,3
charm,3
rolls,3
boys,3
un,3
lemon,3
ambience,3
garden,3
waiting,3
thats,3
names,3
duck,3
use,3
chefs,3
crab,3
rich,3
starter,3
balls,3
do,3
something,3
la,3
orange,3
hands,3
realize,3
timer,3
produce,3
need,3
mit,3
disappointments,3
bear,3
looks,3
drank,3
layer,3
bucks,3
tomatoes,3
thought,3
press,3
soft,3
pepper,3
pasta,3
tiny,3
vegetables,3
gluten,3
hh,3
cake,3
pig,3
detail,3
yelp,3
jack,2
enjoy,2
request,2
blue,2
textures,2
daughter,2
credit,2
county,2
tell,2
adult,2
honey,2
hop,2
description,2
types,2
croissant,2
oysters,2
muffin,2
nett,2
avocado,2
better,2
savory,2
inventory,2
break,2
band,2
filling,2
heat,2
greasy,2
filter,2
lettuce,2
downside,2
wasn,2
spinach,2
too,2
tangy,2
airy,2
iron,2
feeling,2
fashion,2
seen,2
alors,2
plenty,2
episode,2
points,2
pineapple,2
personality,2
klein,2
wedding,2
twice,2
thumbs,2
lemonade,2
fail,2
glasgow,2
fruits,2
however,2
news,2
pita,2
been,2
vorstellung,2
quantities,2
worker,2
craft,2
chile,2
n,2
near,2
cons,2
broth,2
exterior,2
european,2
kept,2
left,2
kinks,2
interior,2
margherita,2
melting,2
sends,2
flaws,2
o,2
octopus,2
ahi,2
rounds,2
was,2
offering,2
arepas,2
bargain,2
porky,2
na,2
smell,2
juices,2
welcome,2
yelper,2
terrasse,2
mile,2
marks,2
brown,2
trouble,2
crescent,2
comforting,2
port,2
rum,2
snack,2
cinnamon,2
hotels,2
working,2
memory,2
can,2
sense,2
tipper,2
guys,2
crepe,2
indeed,2
thank,2
mais,2
faves,2
window,2
signage,2
salads,2
cobb,2
sangrias,2
quite,2
g,2
carnival,2
yum,2
adventure,2
necessarily,2
district,2
huh,2
thai,2
wandering,2
slab,2
cheesecake,2
hungry,2
wing,2
moon,2
shop,2
rating,2
outside,2
going,2
precios,2
pumpkin,2
leather,2
sear,2
seat,2
parking,2
august,2
tub,2
butte,2
eatery,2
sticky,2
myself,2
different,2
tour,2
gentlemen,2
finish,2
burrito,2
money,2
cilantro,2
dark,2
always,2
tvs,2
tots,2
turkey,2
power,2
island,2
favorite,2
clams,2
spice,2
rush,2
dirty,2
cream,2
evenings,2
poor,2
peas,2
parmesan,2
blueberries,2
fall,2
gf,2
list,2
crush,2
contrast,2
component,2
sweetness,2
stuffing,2
ask,2
garnish,2
hamburger,2
joints,2
potatos,2
hamburgers,2
needs,2
menus,2
influences,2
quebecois,2
stir,2
waitstaff,2
short,2
orchard,2
help,2
beyond,2
misses,2
wisconsin,2
friday,2
cookie,2
disposition,2
put,2
underwhelming,2
gourmet,2
number,2
instances,2
fees,2
bland,2
grocery,2
guest,2
indulgent,2
comfy,2
smile,2
kind,2
applebee,2
orders,2
lit,2
moist,2
eaten,2
windows,2
gold,2
businesses,2
caramel,2
tamales,2
pictures,2
creme,2
attention,2
league,2
patty,2
cakes,2
dietary,2
crack,2
understand,2
batch,2
antithesis,2
moment,2
game,2
d,2
spring,2
decision,2
run,2
costumer,2
anything,2
complimentary,2
services,2
homemade,2
line,2
cafe,2
amounts,2
tart,2
mustard,2
beverage,2
berries,2
issues,2
culinary,2
spoon,2
rack,2
goodies,2
booth,2
ummm,2
got,2
casino,2
makes,2
ceasar,2
crap,2
women,2
f,2
clients,2
tap,2
high,2
carrot,2
tab,2
forest,2
taco,2
lines,2
serrano,2
martini,2
including,2
le,2
lv,2
sweets,2
flair,2
apologize,2
measure,2
puertorican,2
cause,2
wines,2
yard,2
owner,2
heirloom,2
accent,2
system,2
establishments,2
tourists,2
lot,2
mojitos,2
nobody,2
herself,2
varieties,2
cleo,2
latino,2
unless,2
representation,2
michigan,2
joint,2
timing,2
streamliner,2
btw,2
beverages,2
joe,2
restrictions,2
etc,2
jersey,2
otherwise,2
tuesday,2
walk,2
decent,2
diversity,2
waitresses,2
gets,2
transaction,2
nonetheless,2
less,2
rooms,2
eateries,2
checking,2
lose,2
works,2
napa,2
est,2
jalapeno,2
blowing,2
puposas,2
letters,2
mushrooms,2
wise,2
byob,2
reservations,2
goodness,2
coffees,2
stay,2
kinda,2
foie,2
mackerel,1
andre,1
hate,1
buddy,1
ocasions,1
whatsoever,1
suns,1
voil,1
ale,1
rise,1
eggrolls,1
smack,1
messy,1
skills,1
pinch,1
clientele,1
handout,1
cherries,1
consistent,1
elegant,1
crozes,1
air,1
errors,1
christ,1
liberty,1
minty,1
designing,1
croutons,1
crunch,1
mimosas,1
jasmine,1
meh,1
batches,1
cart,1
wagyu,1
dry,1
forum,1
aioli,1
envoy,1
umami,1
smoke,1
reste,1
criticism,1
golden,1
divide,1
straw,1
glance,1
slivers,1
nora,1
bike,1
breathe,1
females,1
relax,1
excellent,1
hole,1
circumstances,1
mc,1
accomplishment,1
clubby,1
henry,1
im,1
cans,1
estate,1
veggies,1
foody,1
turn,1
complaining,1
song,1
frites,1
moron,1
swine,1
gaming,1
funny,1
spago,1
lay,1
appreciate,1
greek,1
vapor,1
barfood,1
fit,1
fix,1
imo,1
writing,1
versus,1
tourist,1
safe,1
represents,1
vidal,1
backgrounds,1
wooden,1
spotless,1
americans,1
went,1
waffle,1
drinker,1
whiz,1
saturday,1
perception,1
fava,1
fave,1
fieri,1
inexpensive,1
ish,1
isn,1
soda,1
caught,1
drexyl,1
supper,1
sober,1
hoof,1
hood,1
toy,1
provolone,1
top,1
engagement,1
elevator,1
confirming,1
john,1
bitter,1
curtains,1
rewards,1
serve,1
western,1
somewhat,1
distance,1
medley,1
shower,1
entr,1
minus,1
palace,1
portraits,1
modern,1
peppercorns,1
seed,1
mins,1
mint,1
tells,1
wholesome,1
gripe,1
elegance,1
zest,1
perigord,1
contact,1
doors,1
hum,1
memorabilia,1
mario,1
mouth,1
glow,1
zealand,1
singer,1
potency,1
grove,1
duckling,1
m,1
scotch,1
notion,1
anyones,1
visitor,1
tequila,1
prix,1
quaint,1
sugar,1
bliss,1
folks,1
wearing,1
di,1
nasty,1
du,1
relish,1
crispyn,1
greens,1
dipping,1
accueillent,1
release,1
steam,1
disaster,1
habit,1
fluffy,1
resist,1
depends,1
allure,1
result,1
brasserie,1
smoothies,1
capacity,1
venezuelian,1
score,1
sorts,1
terimisu,1
lazy,1
dedication,1
fault,1
hummus,1
chandeliers,1
encore,1
argue,1
groupon,1
colombian,1
bathroom,1
grapefruit,1
interest,1
plateau,1
life,1
relaxing,1
hairdo,1
combos,1
cracker,1
ceilings,1
stopping,1
smoky,1
remembering,1
shame,1
cant,1
storefront,1
id,1
saw,1
lindeman,1
bella,1
drawback,1
patient,1
harmony,1
unfortunate,1
showing,1
characters,1
redneck,1
mentioning,1
smokey,1
charlie,1
heverlee,1
client,1
mother,1
concoctions,1
traditions,1
distribute,1
gravity,1
thanks,1
human,1
guacamole,1
bagel,1
hills,1
alchemy,1
cranberries,1
plasma,1
flavorings,1
gave,1
breaky,1
bands,1
background,1
unique,1
atmospheres,1
flavoring,1
mustards,1
meringue,1
ole,1
somehow,1
edinburgher,1
escape,1
contaminating,1
ick,1
dense,1
resto,1
bottom,1
opposite,1
intolerant,1
plantain,1
garnishes,1
discount,1
post,1
ffffrrrrroooozzzeeeen,1
plug,1
bricktop,1
filipino,1
dollars,1
citizens,1
magazine,1
afternoon,1
coins,1
arms,1
pair,1
wrap,1
cafeteria,1
wan,1
waits,1
mixology,1
stuck,1
overhead,1
bert,1
artichoke,1
avions,1
marinara,1
talents,1
verde,1
heap,1
daddy,1
upset,1
thanksgiving,1
sprouts,1
mediocre,1
triangles,1
ny,1
phoenix,1
coronas,1
update,1
diet,1
fell,1
highness,1
overdue,1
bfast,1
affair,1
qualm,1
alternatives,1
focus,1
silverware,1
slushie,1
row,1
layers,1
yummy,1
fancier,1
cheat,1
melon,1
must,1
southwest,1
jerk,1
recipe,1
baggie,1
hatter,1
blast,1
tortillas,1
couches,1
did,1
die,1
hawaii,1
round,1
upper,1
insignificant,1
rouge,1
cgm,1
cargo,1
melt,1
lucille,1
falling,1
knickknacks,1
concepts,1
appetites,1
understanding,1
alone,1
box,1
boy,1
crumbles,1
atomosphere,1
queue,1
hospitality,1
weird,1
influx,1
ipa,1
extra,1
radish,1
bloody,1
omelets,1
should,1
tequilas,1
bulbs,1
vampy,1
dude,1
live,1
wood,1
club,1
aoili,1
oregon,1
downtown,1
effort,1
soul,1
sour,1
cab,1
meatball,1
carolina,1
nearest,1
stream,1
december,1
stole,1
pino,1
mehr,1
brand,1
sundae,1
till,1
flank,1
peerless,1
may,1
slush,1
mad,1
atas,1
brussel,1
approximation,1
benny,1
si,1
truck,1
tahini,1
chardonnays,1
cute,1
cole,1
birds,1
caf,1
smoothie,1
curls,1
attraction,1
main,1
texas,1
non,1
tropicana,1
ketchup,1
nor,1
down,1
term,1
january,1
pizza,1
em,1
el,1
brews,1
en,1
yeah,1
amaretto,1
neighbourhood,1
blt,1
brooks,1
partner,1
training,1
calories,1
gosling,1
gordon,1
ono,1
mastro,1
yourself,1
mignon,1
spanish,1
carry,1
array,1
mazemen,1
anyone,1
white,1
gives,1
hub,1
moscow,1
boba,1
flowery,1
wongs,1
professionals,1
favors,1
metabolism,1
r,1
knives,1
germany,1
were,1
cards,1
fruity,1
crumblies,1
gathering,1
froth,1
slaw,1
topics,1
premier,1
locations,1
slap,1
sull,1
rent,1
kevin,1
sat,1
veteran,1
ideas,1
hotspot,1
zoo,1
online,1
palazzo,1
pain,1
takeaways,1
track,1
complaints,1
sauteed,1
cuban,1
show,1
german,1
speakeasy,1
spaces,1
inconsistent,1
mazing,1
corner,1
calamari,1
maine,1
ground,1
upgrade,1
flapjack,1
notfrozen,1
cheeseburger,1
awareness,1
jazz,1
expectation,1
milkshakes,1
mission,1
cheeburger,1
settings,1
amanda,1
steakhouses,1
anyways,1
impressions,1
surfaces,1
satisfying,1
glaze,1
behind,1
chewy,1
checks,1
blame,1
sausalido,1
singers,1
je,1
cities,1
quiet,1
sudachi,1
comes,1
flavorless,1
color,1
pop,1
sampling,1
boar,1
crew,1
marg,1
blenders,1
toss,1
ravioli,1
direction,1
fours,1
squash,1
coulis,1
case,1
sit,1
accommodating,1
cash,1
cast,1
newspaper,1
situation,1
twists,1
ribeye,1
cluster,1
someone,1
experiance,1
property,1
everyday,1
bags,1
pas,1
check,1
ya,1
macaroni,1
pan,1
booths,1
producers,1
delicate,1
sunken,1
ranch,1
flakes,1
alfredo,1
flakey,1
dancers,1
rest,1
aspect,1
refills,1
hint,1
thinking,1
seems,1
except,1
treatment,1
taffer,1
styles,1
crusty,1
stools,1
preference,1
rocky,1
fortune,1
oxtail,1
tower,1
vangie,1
making,1
deduct,1
laisser,1
respect,1
diving,1
redeeming,1
octane,1
lentils,1
substance,1
vkind,1
fondue,1
stops,1
nook,1
tubs,1
football,1
wheat,1
seconds,1
equivalent,1
francis,1
ol,1
oj,1
industry,1
meaning,1
chop,1
road,1
amber,1
ladies,1
coupon,1
nowadays,1
zuchinni,1
lou,1
lox,1
hazelnuts,1
downstairs,1
strawberry,1
sadness,1
avacado,1
coconut,1
jenga,1
pillows,1
pear,1
lovers,1
chris,1
tendencies,1
building,1
mimis,1
hello,1
deluxe,1
ceaser,1
mozzerella,1
zing,1
fixtures,1
children,1
baddest,1
regulars,1
thursday,1
good,1
tail,1
fountain,1
roadway,1
activities,1
liter,1
worse,1
sitting,1
jalape,1
sons,1
ticket,1
cable,1
burritos,1
hawk,1
cookies,1
opting,1
grease,1
perspective,1
rye,1
cheeses,1
diam,1
section,1
deliciousness,1
hasn,1
mule,1
buzzing,1
bakeries,1
vegetarian,1
pics,1
members,1
pulls,1
eye,1
chestnut,1
company,1
hurry,1
none,1
des,1
sucks,1
paragraph,1
compare,1
magenta,1
dress,1
information,1
wracking,1
musicians,1
couvrir,1
okay,1
advice,1
par,1
plane,1
response,1
arizona,1
breads,1
turnover,1
chicks,1
lavash,1
soon,1
mousse,1
trade,1
hele,1
resorts,1
paper,1
smiling,1
brig,1
saucy,1
arteries,1
pests,1
resort,1
macallan,1
bypass,1
peanuts,1
margarita,1
hurting,1
return,1
americain,1
foot,1
bigger,1
easily,1
wash,1
denny,1
token,1
everyone,1
weight,1
fist,1
leave,1
flower,1
alcohol,1
linens,1
yellowtail,1
ass,1
pun,1
horse,1
pub,1
pleasant,1
rises,1
pur,1
temperature,1
definition,1
airport,1
w,1
assign,1
ding,1
valentine,1
miss,1
maple,1
cirque,1
heads,1
benedict,1
twenty,1
trend,1
store,1
lease,1
park,1
drunkenness,1
schon,1
b,1
haddock,1
stall,1
stalk,1
risks,1
microbrews,1
dane,1
interactive,1
charlotte,1
alongside,1
hangout,1
ahahah,1
poulet,1
meltdown,1
self,1
cornbread,1
play,1
components,1
distaste,1
sets,1
nasal,1
poke,1
darts,1
chard,1
ballyhoo,1
sometimes,1
crunchburger,1
humid,1
booze,1
fillet,1
font,1
vodkas,1
giant,1
believe,1
deserts,1
unhappy,1
starters,1
hit,1
king,1
sunny,1
tortellini,1
trees,1
batter,1
combinations,1
squeaky,1
banquet,1
sleeve,1
breading,1
art,1
overwhelm,1
sea,1
aberdeen,1
locals,1
yelpers,1
hibiscus,1
visiting,1
nutella,1
fans,1
champagne,1
milder,1
korea,1
outfit,1
incident,1
succeed,1
c,1
cubes,1
brunches,1
les,1
finds,1
whatever,1
scallop,1
simply,1
souffle,1
devil,1
suburbs,1
damn,1
maintenance,1
stomping,1
brick,1
delights,1
pm,1
doggery,1
fire,1
towne,1
else,1
clumpy,1
pricey,1
demand,1
towns,1
chatter,1
plants,1
talking,1
frozen,1
behavior,1
hooters,1
pound,1
drawbacks,1
rip,1
decoration,1
triple,1
quail,1
moxies,1
waterside,1
concoction,1
shorter,1
sliders,1
grand,1
torta,1
hallway,1
strips,1
snail,1
cigar,1
levels,1
cleaning,1
assortment,1
stack,1
picky,1
older,1
chickens,1
edge,1
consistency,1
y,1
entry,1
hotdog,1
belinda,1
coup,1
lobsters,1
cheddar,1
aroma,1
regardless,1
tableabd,1
prince,1
ipe,1
eager,1
cue,1
grit,1
pals,1
sorbet,1
pricing,1
mirror,1
vinagrette,1
seller,1
ticking,1
dating,1
rub,1
agreement,1
step,1
lover,1
br,1
lottery,1
pitchers,1
intense,1
aswell,1
che,1
faith,1
goods,1
delish,1
page,1
deserves,1
block,1
tofu,1
custom,1
blow,1
sections,1
invite,1
specialty,1
aragula,1
swagger,1
drinkers,1
restaraunt,1
insignia,1
adults,1
doesn,1
spoonfuls,1
poussin,1
graham,1
peach,1
labyrinth,1
favourite,1
bussing,1
drag,1
fructose,1
structure,1
land,1
happier,1
wafer,1
everywhere,1
scroll,1
once,1
farms,1
gm,1
adjustment,1
peanut,1
uniqueness,1
suite,1
wave,1
drinking,1
entire,1
asparagus,1
button,1
having,1
michael,1
verdict,1
smaller,1
visuals,1
frisee,1
cupcakes,1
chicago,1
tuesdays,1
sangria,1
valet,1
ramekins,1
napkins,1
anther,1
capital,1
bird,1
cozy,1
objects,1
pancake,1
douchey,1
asiago,1
leaving,1
existent,1
win,1
app,1
baskets,1
staple,1
buerre,1
thirsty,1
porch,1
tangerine,1
visibility,1
fillings,1
thik,1
donut,1
anywhere,1
praise,1
speciality,1
tar,1
bones,1
arnie,1
panna,1
tan,1
contempt,1
hesitate,1
friendlier,1
noises,1
merlot,1
palates,1
sin,1
blocks,1
watch,1
waters,1
ties,1
cabbage,1
coast,1
counter,1
dinners,1
classy,1
pastries,1
move,1
embers,1
comme,1
pine,1
bunch,1
perfect,1
chanel,1
therefor,1
crowds,1
empanadas,1
ddukbokkgi,1
front,1
cocoa,1
enchiladas,1
cider,1
pasilla,1
patron,1
pistachios,1
category,1
entertainment,1
chaos,1
outings,1
grits,1
red,1
buds,1
activity,1
anglaise,1
salami,1
compote,1
spill,1
kiss,1
biting,1
margaritas,1
blown,1
apps,1
umbrellas,1
intermediate,1
shell,1
explanation,1
burlesque,1
accomendating,1
detection,1
colleagues,1
bother,1
tommy,1
candles,1
providing,1
steep,1
bet,1
behaviors,1
false,1
tonight,1
interruptions,1
element,1
bastard,1
prijs,1
scoop,1
oozing,1
mid,1
waffles,1
makeover,1
flourless,1
seasonings,1
lipton,1
pretzels,1
manor,1
camper,1
romaine,1
patties,1
volume,1
beets,1
mishaps,1
disease,1
face,1
michel,1
brew,1
midwesterner,1
anyway,1
persistance,1
yolks,1
mugs,1
knowledge,1
housewives,1
winner,1
surroundings,1
bourbon,1
spun,1
handle,1
means,1
stripes,1
perfection,1
areas,1
gray,1
approach,1
calling,1
tunes,1
artsy,1
closer,1
venetian,1
lux,1
pattern,1
meatballs,1
genius,1
state,1
routine,1
email,1
tent,1
cauliflower,1
habanero,1
key,1
disconnect,1
janel,1
commenting,1
joke,1
taking,1
torments,1
relevant,1
cc,1
arugula,1
laugh,1
libations,1
deliberation,1
recognize,1
upbeat,1
louisiana,1
crappy,1
portabella,1
bulb,1
welcoming,1
unlike,1
vanilla,1
promoter,1
kabobs,1
wild,1
hoagie,1
ripe,1
coating,1
demi,1
inspector,1
shooting,1
diets,1
member,1
chopshop,1
succulent,1
effect,1
phx,1
mignonette,1
croissants,1
lobby,1
center,1
mention,1
well,1
vinaigrette,1
stores,1
bananas,1
moments,1
accurate,1
executive,1
aquariums,1
raves,1
bell,1
sky,1
questionhere,1
restaurateur,1
citizen,1
teriyaki,1
captivating,1
knot,1
pataterie,1
crisp,1
georges,1
sizes,1
candy,1
garage,1
arepa,1
kaleidoscope,1
drop,1
elevators,1
feast,1
hair,1
demeanor,1
minste,1
neglecting,1
leaf,1
avoid,1
kettle,1
misters,1
wends,1
pasty,1
schedule,1
kitsch,1
patatas,1
sister,1
rare,1
getting,1
biscuit,1
seeds,1
hier,1
cranberry,1
seabass,1
stakes,1
gatsby,1
weather,1
promise,1
female,1
additions,1
caviar,1
slovakia,1
venezuelan,1
buy,1
chatting,1
coke,1
preparations,1
delivery,1
ho,1
larger,1
ha,1
bug,1
count,1
glory,1
argentinean,1
j,1
variations,1
empty,1
display,1
utensils,1
amiright,1
mash,1
mushroom,1
book,1
details,1
disposing,1
kinds,1
respects,1
toasty,1
homestyle,1
inspiration,1
ave,1
platter,1
cookbook,1
