time,15
place,9
quality,8
customer,7
und,7
store,7
things,7
kleine,7
selection,6
doch,6
part,6
buy,6
price,6
furniture,5
job,5
items,5
times,5
people,4
home,4
thing,4
pieces,4
shop,3
fixtures,3
elm,3
day,3
nichts,3
deal,3
informiert,3
ist,3
diapers,3
s,3
wars,3
gabs,3
hier,3
variety,3
range,3
lobby,3
help,2
prices,2
reviewer,2
staff,2
pies,2
stain,2
ross,2
get,2
washing,2
artist,2
didn,2
stuff,2
version,2
bids,2
receipt,2
pour,2
deals,2
jewelry,2
melange,2
niche,2
working,2
however,2
kitchen,2
experience,2
shrimp,2
had,2
changes,2
montreal,2
duty,2
copper,2
family,2
denis,2
couches,2
use,2
mundane,2
door,2
al,2
diaper,2
line,2
must,2
room,2
bargain,2
reviews,2
side,2
information,2
self,2
custom,2
showroom,2
answer,2
fools,2
couvrir,2
visits,2
gifts,2
bar,2
i,2
person,2
model,2
boutique,2
doorstop,1
infant,1
seeing,1
cheat,1
atmosphere,1
years,1
bright,1
serving,1
thumbs,1
southwestern,1
go,1
tables,1
apartment,1
scent,1
miscommunication,1
seems,1
denver,1
languages,1
idiots,1
thieves,1
location,1
trousers,1
styles,1
coffee,1
woman,1
checking,1
linens,1
none,1
bang,1
ones,1
every,1
compound,1
world,1
jesus,1
chips,1
projects,1
homestead,1
stranger,1
gift,1
chairs,1
souvenirs,1
fairs,1
item,1
t,1
guy,1
cheese,1
meal,1
replacement,1
set,1
art,1
light,1
immigrant,1
owner,1
books,1
downside,1
year,1
bargains,1
sprayers,1
satisfying,1
dawdle,1
space,1
visions,1
section,1
espresso,1
overload,1
markups,1
detergent,1
mug,1
einige,1
surprise,1
electronics,1
pistol,1
issue,1
cafetaria,1
patient,1
monster,1
tempe,1
opening,1
aquatics,1
fruity,1
water,1
discount,1
rows,1
york,1
same,1
dress,1
cities,1
super,1
change,1
aisle,1
stone,1
installation,1
gnome,1
selections,1
area,1
ten,1
threat,1
retail,1
heart,1
wall,1
visit,1
pop,1
walk,1
instances,1
geh,1
lundgren,1
names,1
fake,1
wrap,1
bizarre,1
trust,1
considering,1
coutu,1
fee,1
eye,1
guest,1
service,1
trips,1
hunky,1
fast,1
plastic,1
clothes,1
babygoods,1
call,1
way,1
valley,1
viele,1
selling,1
girls,1
consultation,1
park,1
delivery,1
gibt,1
baby,1
believe,1
plants,1
grill,1
television,1
compliments,1
pout,1
car,1
smooth,1
value,1
air,1
project,1
gro,1
while,1
cure,1
stories,1
budget,1
amount,1
display,1
brands,1
numbers,1
purchases,1
skarsgard,1
look,1
spectrum,1
say,1
curb,1
want,1
need,1
leather,1
clothing,1
cafe,1
ie,1
check,1
functions,1
grinder,1
merchandise,1
lamp,1
setting,1
take,1
products,1
smell,1
week,1
levy,1
straightening,1
mess,1
problems,1
drives,1
experiences,1
moss,1
unicorn,1
services,1
end,1
ikea,1
fair,1
infotheke,1
off,1
sehr,1
maybe,1
sale,1
tech,1
bottle,1
organization,1
notch,1
dream,1
scents,1
