place,24
time,20
breakfast,18
diner,16
food,14
thing,10
service,10
experience,9
chicken,9
toast,9
night,8
places,8
items,7
staff,7
bar,7
omelet,7
times,6
bitter,6
poutine,6
restaurant,6
burnt,6
server,6
people,6
burger,5
portions,5
lunch,5
meal,5
think,5
atmosphere,5
restaurants,5
review,5
trip,5
tables,5
portion,5
fan,4
options,4
visit,4
end,4
sauce,4
day,4
potatoes,4
reason,4
waitress,4
bite,4
locations,4
dinner,4
dishes,4
plates,4
i,4
know,4
deal,4
range,4
way,4
inside,4
problem,4
school,3
section,3
pancakes,3
wait,3
amount,3
guests,3
sandwich,3
basket,3
wine,3
style,3
year,3
space,3
southern,3
owners,3
language,3
spots,3
dining,3
selection,3
bear,3
morning,3
s,3
prices,3
things,3
off,3
burgers,3
seats,3
touch,3
yet,3
mix,3
either,3
t,3
cream,3
chain,2
dish,2
environment,2
decide,2
wooden,2
cooking,2
crust,2
casse,2
hours,2
employees,2
love,2
music,2
criteria,2
glass,2
muss,2
hour,2
reviews,2
pickle,2
foods,2
awkward,2
rye,2
fare,2
waters,2
mac,2
tacos,2
man,2
light,2
st,2
order,2
course,2
tso,2
le,2
coffee,2
bread,2
et,2
looking,2
bites,2
days,2
ist,2
anecdote,2
cheese,2
array,2
quality,2
syrup,2
friend,2
shell,2
park,2
part,2
coleslaw,2
hollandaise,2
eggs,2
sehr,2
layout,2
menu,2
plate,2
words,2
steak,2
24hrs,2
suspects,2
sweet,2
allegiance,2
crispy,2
considering,2
look,2
century,2
kailyn,2
rib,2
make,2
bowl,2
ingredients,2
machen,2
consistency,2
dose,2
mistakes,2
lady,2
location,2
innocent,2
gute,2
onion,2
steamies,2
pros,2
price,2
side,2
road,2
servers,2
lol,2
sides,2
valley,2
versions,2
haunt,2
doesn,2
twist,2
rapido,2
again,2
nice,2
meals,2
potato,2
berries,2
all,1
silverware,1
appetite,1
presentation,1
voil,1
deli,1
choice,1
spoon,1
ramen,1
level,1
list,1
brother,1
try,1
casinos,1
quick,1
booth,1
sausage,1
plays,1
preferences,1
waiting,1
croutons,1
body,1
hash,1
yelpers,1
mule,1
les,1
groups,1
kids,1
pics,1
resto,1
ein,1
montreal,1
family,1
straw,1
baskets,1
chunks,1
care,1
chocolate,1
beers,1
grill,1
fooling,1
bits,1
des,1
pour,1
cat,1
soup,1
sour,1
veggies,1
hamburger,1
estate,1
mouthfuls,1
awesome,1
bananas,1
pieces,1
honey,1
something,1
sense,1
chic,1
stole,1
hamburgers,1
sip,1
frites,1
menus,1
vancouver,1
pizza,1
rude,1
spot,1
produce,1
trees,1
taco,1
date,1
remember,1
counter,1
departure,1
block,1
talk,1
comfort,1
help,1
mousse,1
years,1
bunch,1
thank,1
wouldn,1
evening,1
das,1
meat,1
l,1
quarter,1
england,1
fish,1
ambiance,1
expect,1
girl,1
thick,1
category,1
deals,1
red,1
bistro,1
friday,1
chiles,1
failing,1
standard,1
ect,1
york,1
put,1
card,1
greasy,1
definition,1
district,1
flare,1
timer,1
turn,1
american,1
person,1
view,1
clump,1
feel,1
bars,1
bland,1
cups,1
maple,1
size,1
city,1
management,1
ordering,1
comfy,1
undergrads,1
dogs,1
option,1
mariani,1
preparation,1
store,1
fruits,1
tres,1
delia,1
fashion,1
slaw,1
modern,1
mind,1
say,1
taster,1
manner,1
kevin,1
depending,1
montrealer,1
makeover,1
sandwiches,1
mit,1
cornbread,1
serve,1
brioche,1
charm,1
nothing,1
don,1
metal,1
thanksgiving,1
face,1
reputation,1
patio,1
clean,1
notch,1
rating,1
shot,1
sangria,1
fond,1
cheap,1
serving,1
businesses,1
calamari,1
texture,1
theme,1
black,1
skimp,1
get,1
stop,1
ones,1
batter,1
combinations,1
chips,1
drinkers,1
stuff,1
boring,1
steakhouses,1
cocktails,1
impressions,1
terrine,1
behind,1
email,1
crede,1
garde,1
incarnation,1
however,1
awards,1
key,1
news,1
kitchen,1
breakie,1
league,1
dates,1
cup,1
disappointment,1
comes,1
breakfasts,1
wtf,1
point,1
pot,1
sampling,1
scallop,1
addition,1
hipsterdom,1
beer,1
peppers,1
brick,1
bbq,1
life,1
worker,1
pie,1
understand,1
brunch,1
sound,1
choices,1
near,1
balance,1
mistake,1
omelettes,1
layer,1
twists,1
poulet,1
decor,1
cafe,1
bacons,1
fill,1
events,1
tomatoes,1
week,1
traditions,1
fruit,1
delicate,1
opinion,1
stack,1
reste,1
bottle,1
coup,1
powering,1
moments,1
hands,1
cheddar,1
thumbs,1
alternative,1
cut,1
seems,1
cue,1
kick,1
take,1
were,1
bit,1
unique,1
candy,1
meats,1
pricing,1
trendy,1
kinds,1
pickles,1
meatloaf,1
octane,1
memories,1
avoid,1
be,1
pepper,1
chefs,1
step,1
patatas,1
anything,1
months,1
favorite,1
beans,1
parties,1
fast,1
crowd,1
hunks,1
area,1
aoli,1
offering,1
buttery,1
boys,1
strawberries,1
bun,1
eat,1
flavour,1
comics,1
smooth,1
minutes,1
acidity,1
curd,1
tasty,1
home,1
operation,1
peach,1
floor,1
water,1
sauces,1
nuance,1
felt,1
visits,1
dinerbar,1
fructose,1
consistancy,1
shattering,1
friends,1
pool,1
yelp,1
lot,1
together,1
mash,1
