food,72
time,66
chinese,63
place,31
restaurant,29
service,27
dishes,27
thing,26
sauce,23
restaurants,23
value,21
rice,18
meal,17
people,17
places,17
dim,16
i,15
chicken,15
beef,15
dish,14
quality,14
portions,14
options,13
reviews,13
selection,13
pot,13
things,13
experience,11
tao,11
times,11
menu,11
price,11
lunch,10
noodles,10
dumplings,10
taste,10
amount,9
part,9
night,9
visit,8
soup,8
flavor,8
pho,8
touch,8
portion,8
sign,7
items,7
think,7
parking,7
choices,7
know,7
way,7
minutes,7
hot,6
atmosphere,6
choice,6
fan,6
pork,6
pieces,6
words,6
tso,6
style,6
day,6
meat,6
stuff,6
prices,6
im,6
cuisine,6
deal,6
business,6
gewesen,6
friends,6
family,5
sour,5
cantonese,5
dinner,5
remember,5
order,5
expectations,5
item,5
tasting,5
find,5
bean,5
ones,5
taiwanese,5
sushi,5
person,5
favorite,5
curry,5
tofu,5
spicy,5
dumpling,4
ramen,4
sum,4
wait,4
hour,4
salty,4
veggies,4
types,4
years,4
course,4
texture,4
side,4
cities,4
dente,4
country,4
s,4
table,4
mushroom,4
decor,4
plates,4
hand,4
moment,4
broccoli,4
noodle,4
location,4
spring,4
pepper,4
shrimp,4
beans,4
area,4
seafood,4
tip,4
concept,3
compact,3
brown,3
neighborhood,3
sausage,3
version,3
nicht,3
others,3
follower,3
flavors,3
foodies,3
ribs,3
mess,3
spot,3
takeaway,3
attitude,3
appetizers,3
nach,3
non,3
occasions,3
courses,3
pao,3
expect,3
year,3
issue,3
reason,3
care,3
american,3
bite,3
option,3
thai,3
dans,3
mind,3
say,3
efficient,3
soap,3
rouge,3
bar,3
review,3
however,3
job,3
point,3
considering,3
addition,3
peppers,3
chili,3
hidden,3
chinatown,3
broth,3
vor,3
drawback,3
off,3
english,3
money,3
yet,3
ist,3
tables,3
pile,3
crusty,3
fusion,3
name,3
d,3
onion,3
server,3
sauces,3
trilogie,3
choy,3
nothing,3
homemade,3
parties,3
soy,3
heritage,3
call,3
war,3
curd,3
lineups,3
variety,3
meals,3
yelp,3
reviewers,2
silverware,2
aider,2
yummy,2
charge,2
ingredient,2
dessert,2
minute,2
salad,2
level,2
die,2
try,2
tea,2
streets,2
chef,2
messy,2
fillet,2
nes,2
yelpers,2
let,2
change,2
vinegar,2
vegetarian,2
entrees,2
apple,2
duck,2
chunks,2
use,2
delicacies,2
music,2
excellent,2
baby,2
hole,2
customer,2
room,2
f,2
kenny,2
blips,2
kenne,2
garden,2
end,2
awkwardness,2
fare,2
scottsdale,2
docking,2
sloppy,2
light,2
sont,2
egg,2
wine,2
bowl,2
cold,2
writing,2
weeks,2
sie,2
fish,2
ambiance,2
et,2
looking,2
friday,2
craving,2
days,2
takeout,2
veggie,2
lettuce,2
size,2
pots,2
white,2
pourrez,2
stomach,2
kind,2
bei,2
stale,2
nste,2
alles,2
locations,2
burgers,2
alors,2
hangover,2
buffet,2
peppercorn,2
don,2
staff,2
toast,2
plate,2
hit,2
steal,2
sehr,2
pouvez,2
screen,2
kitchen,2
quiet,2
china,2
comment,2
offerings,2
crispy,2
spices,2
else,2
tank,2
diarrhea,2
pan,2
week,2
cucumber,2
mention,2
floor,2
szechuan,2
services,2
coaster,2
mix,2
customers,2
dark,2
bit,2
unique,2
lady,2
t,2
ltnis,2
home,2
either,2
eating,2
word,2
pasta,2
etwas,2
range,2
chow,2
johns,2
rolls,2
fast,2
hear,2
pantry,2
line,2
eat,2
spice,2
bbq,2
lobster,2
problem,2
tasty,2
check,2
cream,2
star,2
variation,2
weekend,2
wonton,2
edm,1
sichuan,1
desserts,1
mile,1
asian,1
laksa,1
disk,1
decisions,1
strips,1
chain,1
vietnamese,1
juicy,1
peanut,1
ambience,1
road,1
pride,1
presentation,1
string,1
advantage,1
cctv,1
richtig,1
vegas,1
yellow,1
got,1
ma,1
margarita,1
christmas,1
tenderness,1
succession,1
quick,1
clothes,1
chew,1
specializes,1
goodies,1
design,1
honest,1
air,1
port,1
substitute,1
drinks,1
children,1
tips,1
appeal,1
told,1
doubt,1
french,1
hours,1
groups,1
chino,1
quite,1
dining,1
great,1
kids,1
abends,1
casino,1
bow,1
pick,1
weird,1
makes,1
montreal,1
thats,1
love,1
radish,1
baskets,1
screens,1
send,1
glance,1
rancho,1
super,1
watering,1
comparing,1
camera,1
crab,1
tacky,1
ramens,1
sort,1
wenig,1
door,1
combo,1
cashier,1
clue,1
escapist,1
goods,1
adult,1
glad,1
circumstances,1
animals,1
car,1
setup,1
clients,1
foods,1
thin,1
plump,1
pickle,1
something,1
figure,1
household,1
tuesday,1
want,1
sense,1
every,1
lamb,1
hesitate,1
needs,1
provide,1
mein,1
amazing,1
waren,1
answer,1
nyc,1
establishment,1
pizza,1
tipper,1
beauty,1
fungus,1
stars,1
lighting,1
date,1
man,1
tomato,1
purchase,1
anytime,1
chopsticks,1
serving,1
creamy,1
dishware,1
shreds,1
group,1
mais,1
la,1
lo,1
fix,1
better,1
awfulness,1
window,1
filets,1
savory,1
ball,1
evening,1
flour,1
walls,1
bankroll,1
disappoint,1
staples,1
coriander,1
instances,1
didn,1
rock,1
carlos,1
kann,1
everyone,1
warten,1
cloths,1
strip,1
idea,1
bowls,1
oil,1
turnip,1
saturday,1
magnet,1
marigolds,1
container,1
dialects,1
rounds,1
surprise,1
stews,1
atms,1
york,1
bites,1
card,1
shaanxi,1
waiter,1
ish,1
threat,1
hence,1
view,1
waitress,1
miso,1
connotation,1
dine,1
blown,1
feel,1
wave,1
done,1
representations,1
thick,1
gourmet,1
system,1
priority,1
airy,1
syrup,1
tourists,1
shelf,1
mentality,1
boba,1
downsize,1
western,1
varieties,1
bits,1
bother,1
handmade,1
game,1
dumb,1
feeling,1
bet,1
slaw,1
tonight,1
medium,1
su,1
rap,1
crew,1
sounding,1
sat,1
mountain,1
nipples,1
nights,1
escalator,1
temperedness,1
moist,1
take,1
province,1
gravy,1
sure,1
opposite,1
serve,1
eater,1
gt,1
experiences,1
toilets,1
america,1
oyster,1
hk,1
average,1
sometimes,1
points,1
clean,1
occasion,1
notch,1
salt,1
section,1
came,1
quantity,1
walking,1
siquan,1
violation,1
cheap,1
businesses,1
corner,1
font,1
snack,1
quaint,1
einige,1
pretty,1
cuisines,1
folks,1
abzug,1
carolina,1
get,1
stripes,1
appetizer,1
joint,1
pallets,1
flavour,1
nasty,1
gem,1
closure,1
dipping,1
bird,1
tiki,1
btw,1
fluffy,1
merits,1
sea,1
tender,1
close,1
cozy,1
results,1
ways,1
rundown,1
jose,1
attention,1
ignorance,1
blame,1
diners,1
extent,1
pity,1
outcome,1
fashioneds,1
ill,1
apdc,1
kinds,1
co,1
wall,1
pow,1
northeastern,1
batch,1
village,1
mafia,1
beer,1
featuring,1
duties,1
pm,1
box,1
life,1
families,1
restrictions,1
manchurian,1
orange,1
understand,1
child,1
chill,1
case,1
handling,1
caucasians,1
bill,1
tastes,1
while,1
hotpot,1
fun,1
situation,1
shops,1
property,1
smoky,1
mistake,1
cons,1
hoping,1
complaint,1
ducks,1
il,1
sprouts,1
lil,1
rib,1
anymore,1
waitresses,1
same,1
mole,1
gentlemen,1
checking,1
pad,1
difficult,1
finish,1
bonus,1
drink,1
speakers,1
ownership,1
chinois,1
schezuan,1
picks,1
tho,1
summer,1
less,1
das,1
product,1
sanitary,1
yes,1
refills,1
preparations,1
clark,1
workers,1
dinning,1
silver,1
sweet,1
save,1
loggins,1
kick,1
format,1
achalandage,1
couple,1
sneeze,1
judge,1
world,1
insert,1
crisp,1
sizes,1
eel,1
steps,1
works,1
seating,1
right,1
scottish,1
zimmern,1
chocolate,1
meters,1
pricing,1
proper,1
ontop,1
shrug,1
wow,1
besser,1
carts,1
memories,1
gratuity,1
ice,1
buddha,1
limitations,1
costumer,1
stereotypes,1
qing,1
filipino,1
dollars,1
months,1
darauf,1
stand,1
block,1
disclosure,1
ladies,1
communication,1
tenderloin,1
mushrooms,1
eine,1
risk,1
crowd,1
vegetables,1
question,1
chinesische,1
noting,1
forward,1
was,1
happy,1
media,1
funnel,1
szechwan,1
form,1
offer,1
brand,1
anywhere,1
landing,1
back,1
delivery,1
spam,1
ear,1
intestines,1
rush,1
made,1
versions,1
inside,1
tripe,1
cake,1
threw,1
doesn,1
utensils,1
ingredients,1
goodness,1
flight,1
cafe,1
crunchy,1
taro,1
amounts,1
detail,1
ol,1
evenings,1
warehouse,1
smell,1
roll,1
trip,1
francisco,1
mustard,1
stay,1
chance,1
reservation,1
bitchy,1
age,1
lot,1
fresh,1
gardens,1
