burger,149
time,123
food,75
burgers,68
place,64
service,64
thing,44
fries,44
meal,29
experience,29
night,29
breakfast,27
potato,25
times,22
cheese,22
places,22
think,21
visit,20
i,20
day,19
reviews,18
menu,18
options,17
sauce,17
quality,17
atmosphere,16
drinks,15
poutine,15
people,15
side,15
meat,14
fast,14
price,14
bar,14
egg,13
things,13
reason,12
restaurant,12
know,12
onion,12
size,11
bite,11
selection,11
beer,11
prices,11
flavor,11
wait,10
music,10
order,10
lunch,10
ambiance,10
toast,10
deal,10
diner,10
line,10
trip,10
bacon,9
amount,9
onions,9
spot,9
style,9
york,9
beef,9
week,9
location,9
na,9
curds,8
fan,8
customer,8
potatoes,8
part,8
locations,8
dog,8
staff,8
restaurants,8
drink,8
eggs,8
ingredients,8
portion,8
montreal,7
patio,7
gourmet,7
take,7
screen,7
brunch,7
mistake,7
decor,7
hand,7
fruit,7
either,7
toppings,7
way,7
taste,7
try,6
flavors,6
hour,6
end,6
dinner,6
mac,6
attitude,6
group,6
bread,6
days,6
american,6
waitress,6
option,6
fry,6
look,6
value,6
choices,6
off,6
tables,6
cut,6
truffle,6
seating,6
portions,6
minutes,6
tasty,6
salad,5
pork,5
items,5
glass,5
beers,5
joints,5
pieces,5
hot,5
man,5
remember,5
ketchup,5
friend,5
chicken,5
wood,5
steak,5
job,5
kitchen,5
s,5
patrons,5
crispy,5
fun,5
rib,5
party,5
touch,5
t,5
back,5
range,5
servers,5
spots,5
eat,5
space,5
concept,4
vibes,4
version,4
love,4
thru,4
chocolate,4
vibe,4
menus,4
years,4
expectations,4
peanuts,4
rock,4
idea,4
got,4
carb,4
view,4
establishments,4
las,4
plus,4
cheap,4
find,4
fans,4
go,4
stop,4
ones,4
stuff,4
see,4
alternative,4
review,4
beverages,4
table,4
considering,4
addition,4
make,4
waitresses,4
yet,4
mcdonald,4
und,4
problem,4
setting,4
chance,4
desert,4
chain,3
looking,3
juicy,3
pay,3
recipe,3
me,3
school,3
list,3
oder,3
water,3
sind,3
change,3
products,3
slices,3
while,3
gordon,3
sports,3
ribs,3
hamburger,3
milk,3
expecting,3
pizza,3
types,3
shake,3
cold,3
better,3
weeks,3
cool,3
half,3
enthusiasts,3
expect,3
bites,3
care,3
english,3
waiter,3
afternoon,3
fancy,3
syrup,3
king,3
shell,3
need,3
dishes,3
note,3
dining,3
charm,3
don,3
crowd,3
quaint,3
cheeseburger,3
get,3
milkshakes,3
die,3
locals,3
patties,3
however,3
disappointment,3
patty,3
deep,3
finish,3
variety,3
findet,3
kick,3
interior,3
name,3
offerings,3
guests,3
pickles,3
everything,3
shakes,3
noisy,3
seeing,3
right,3
call,3
inside,3
doesn,3
ordering,3
together,3
again,3
amounts,3
sauces,3
nice,3
weekend,3
all,2
ice,2
ipas,2
dish,2
chair,2
tu,2
sherbrooke,2
choice,2
decide,2
cook,2
word,2
level,2
wooden,2
teas,2
p,2
guy,2
round,2
neighborhood,2
seasoning,2
tea,2
sign,2
ummm,2
eating,2
n,2
sausage,2
section,2
thickness,2
tartars,2
yelpers,2
french,2
ratio,2
employees,2
flavour,2
chunks,2
glance,2
always,2
creamy,2
recommend,2
type,2
door,2
cashier,2
muss,2
room,2
pretend,2
soul,2
vege,2
toffee,2
plate,2
foods,2
salty,2
something,2
want,2
mix,2
dessert,2
fare,2
product,2
sandwich,2
mess,2
waters,2
stars,2
floor,2
tacos,2
snotty,2
jalape,2
read,2
st,2
truck,2
rewards,2
cole,2
lot,2
coffee,2
combination,2
fastfood,2
number,2
lemonade,2
lettuce,2
didn,2
filling,2
house,2
fish,2
rlich,2
year,2
saturday,2
neighbourhood,2
strangers,2
cause,2
friday,2
pub,2
aioli,2
w,2
soda,2
adventure,2
feel,2
wasn,2
management,2
system,2
too,2
murder,2
serve,2
took,2
whopper,2
flavours,2
street,2
happy,2
crescent,2
coleslaw,2
mind,2
slab,2
orders,2
indeed,2
buns,2
person,2
snob,2
salmon,2
sehr,2
memorabilia,2
windows,2
average,2
points,2
couples,2
haha,2
salt,2
yelper,2
came,2
quantity,2
anyway,2
colors,2
serving,2
layout,2
black,2
combo,2
do,2
de,2
joint,2
gem,2
albeit,2
set,2
cocktails,2
suspects,2
chili,2
hours,2
complain,2
wall,2
sweet,2
allegiance,2
walk,2
peppers,2
bbq,2
batch,2
goodness,2
complaint,2
check,2
sliders,2
lite,2
tomatoes,2
cucumber,2
favorites,2
omelette,2
entrees,2
damn,2
iburger,2
machen,2
components,2
consistency,2
cheddar,2
aspect,2
seats,2
ist,2
refills,2
ham,2
cherry,2
innocent,2
gute,2
customers,2
mayo,2
wings,2
chairs,2
ole,2
umami,2
competition,2
downside,2
hipster,2
anna,2
be,2
pepper,2
tartar,2
isn,2
super,2
anything,2
column,2
craft,2
luck,2
letters,2
hunks,2
tasting,2
beans,2
start,2
was,2
names,2
offer,2
medium,2
bun,2
hopes,2
count,2
breweries,2
variations,2
porky,2
rack,2
strawberry,2
servings,2
trips,2
wifi,2
item,2
haunt,2
twist,2
til,2
fter,2
polite,2
jarry,1
consider,1
reviewers,1
ale,1
manager,1
mile,1
shot,1
conversation,1
children,1
touches,1
literary,1
charge,1
dirty,1
smile,1
woman,1
song,1
far,1
disposition,1
vegas,1
jack,1
difference,1
tapiocas,1
posture,1
tang,1
heaven,1
wednesday,1
standards,1
spaces,1
recall,1
barbare,1
trustworthiness,1
enjoy,1
chew,1
work,1
core,1
burg,1
chef,1
rate,1
blowing,1
design,1
promoter,1
comforting,1
reggiano,1
tartare,1
sub,1
fine,1
rum,1
crust,1
caffeine,1
crush,1
turnaround,1
flowing,1
kulinarisch,1
ground,1
odor,1
hash,1
frites,1
pancakes,1
mussels,1
stature,1
meh,1
newspaper,1
busy,1
let,1
mozzarella,1
vinegar,1
great,1
kids,1
taps,1
crowds,1
casino,1
atomosphere,1
credit,1
cinnamon,1
smoke,1
action,1
ein,1
sweetness,1
sticking,1
teenage,1
apple,1
family,1
sunday,1
meats,1
frame,1
duck,1
foodie,1
hotels,1
limpness,1
crap,1
donuts,1
watering,1
asses,1
bliss,1
today,1
sans,1
teaser,1
warm,1
stick,1
excellent,1
lemony,1
starter,1
grill,1
rice,1
slogan,1
blah,1
hachoir,1
quebecers,1
foodies,1
napkins,1
values,1
praise,1
necessarily,1
thig,1
def,1
history,1
potatoe,1
compare,1
patron,1
pie,1
awesome,1
suggestions,1
ave,1
bowl,1
hamburgers,1
pink,1
pogo,1
island,1
sundae,1
lounge,1
drummer,1
forest,1
hi,1
persuasion,1
establishment,1
gash,1
blocks,1
description,1
rude,1
anecdote,1
latte,1
preferring,1
taco,1
date,1
salsa,1
guys,1
gravy,1
drop,1
crepe,1
burgr,1
sit,1
lines,1
bugs,1
pizzas,1
complaining,1
fingers,1
media,1
every,1
cute,1
comfort,1
interpretation,1
muffin,1
eater,1
course,1
including,1
artichoke,1
hell,1
brig,1
path,1
la,1
trying,1
edge,1
americano,1
bypass,1
wellness,1
orange,1
good,1
views,1
safe,1
bang,1
sips,1
alex,1
avons,1
l,1
skills,1
michaels,1
bills,1
shaking,1
flair,1
glasses,1
em,1
wrappers,1
en,1
cost,1
edinburgh,1
strip,1
bland,1
oil,1
et,1
beyond,1
specials,1
appetite,1
cocktail,1
factors,1
god,1
den,1
cobb,1
ass,1
branches,1
dirt,1
southern,1
story,1
quite,1
mmm,1
ect,1
cookie,1
dire,1
imagine,1
companion,1
craving,1
tabasco,1
chilli,1
owners,1
language,1
recipes,1
benedict,1
pepperoni,1
deshalb,1
mouth,1
superbowl,1
zak,1
veggie,1
tostada,1
wash,1
sober,1
city,1
guess,1
temperature,1
provolone,1
trend,1
gut,1
decorations,1
tangy,1
white,1
banana,1
booth,1
hotel,1
trippy,1
pickle,1
kept,1
believe,1
boyfriend,1
b,1
condiments,1
bits,1
bother,1
ganache,1
tourists,1
fruits,1
dispenser,1
fruity,1
bet,1
rag,1
counter,1
drippings,1
stomping,1
topics,1
alongside,1
slap,1
juice,1
say,1
graffiti,1
north,1
convenient,1
self,1
diligence,1
gripe,1
waffles,1
fitting,1
costs,1
chefs,1
greek,1
daves,1
mit,1
play,1
unless,1
bottle,1
park,1
vinaigrette,1
buffet,1
mimosa,1
palace,1
pleasure,1
nothing,1
hesitation,1
cap,1
pressait,1
picture,1
treats,1
soups,1
crunchburger,1
face,1
tech,1
yum,1
occasion,1
hotdog,1
shop,1
walking,1
humid,1
show,1
sangria,1
toujours,1
mmnm,1
tuesdays,1
orleans,1
giant,1
snack,1
representation,1
less,1
texture,1
employer,1
sacrilege,1
entities,1
hockey,1
personality,1
touchscreen,1
lit,1
dj,1
coast,1
bean,1
phillys,1
words,1
cheeburger,1
workouts,1
relish,1
ghetto,1
fox,1
temp,1
leather,1
approach,1
modern,1
eyebrow,1
morning,1
twice,1
coke,1
quattrons,1
bars,1
art,1
fair,1
fluffy,1
testing,1
notice,1
packet,1
seat,1
allure,1
imho,1
parking,1
terrine,1
aberdeen,1
barn,1
visiting,1
lots,1
pictures,1
cookies,1
prince,1
pouvez,1
outside,1
stall,1
nooks,1
visuals,1
champagne,1
across,1
tent,1
lazy,1
facepalm,1
terrace,1
otherwise,1
blame,1
centrale,1
distinguish,1
disconnect,1
cor,1
sanitation,1
deals,1
sodium,1
etc,1
objects,1
buzz,1
mean,1
comment,1
suggest,1
mariani,1
cm,1
pot,1
hardworking,1
arugula,1
denis,1
scottish,1
libations,1
bathroom,1
avacado,1
attraction,1
decent,1
satire,1
manners,1
treat,1
remplissent,1
tv,1
pile,1
treatment,1
life,1
carrots,1
monsieur,1
league,1
tap,1
else,1
policy,1
commenting,1
understand,1
toasting,1
quatre,1
hidden,1
marche,1
myself,1
holiday,1
welcoming,1
frozen,1
might,1
vanilla,1
bill,1
pace,1
evening,1
replica,1
ceilings,1
voice,1
uncompromising,1
omelettes,1
layer,1
cons,1
folksy,1
twists,1
sushi,1
coating,1
rip,1
brulerie,1
middle,1
focus,1
upscale,1
quail,1
protein,1
seem,1
licieux,1
cuisine,1
quand,1
hummus,1
tour,1
parts,1
grand,1
profile,1
couple,1
brand,1
plating,1
wafer,1
booths,1
tellement,1
delight,1
popcorn,1
assign,1
purpose,1
supper,1
positives,1
lobby,1
kid,1
smokey,1
mention,1
heverlee,1
thought,1
savings,1
contact,1
y,1
nachos,1
nearby,1
left,1
powering,1
sentence,1
moments,1
sporting,1
das,1
gastro,1
griddle,1
thumbs,1
yep,1
omissions,1
scattering,1
cilantro,1
cup,1
workers,1
had,1
calibre,1
color,1
alchemy,1
parents,1
wet,1
hoagie,1
eateries,1
format,1
checking,1
hint,1
period,1
mom,1
fatt,1
unique,1
burnt,1
atmospheres,1
pounds,1
server,1
reasons,1
barbecue,1
page,1
www,1
crunchy,1
frustrations,1
steamies,1
yolk,1
hair,1
slooooow,1
pricing,1
escape,1
star,1
neglecting,1
octane,1
deduct,1
scale,1
mood,1
bottom,1
memories,1
avoid,1
loads,1
bachi,1
slushie,1
moon,1
ticking,1
content,1
chains,1
business,1
intimate,1
camper,1
equivalent,1
costumer,1
host,1
stooge,1
pasta,1
sandwiches,1
chowing,1
intense,1
fella,1
getting,1
paints,1
months,1
als,1
stand,1
shiznaz,1
experiences,1
dude,1
mushrooms,1
services,1
artists,1
wrap,1
gooey,1
meals,1
coullis,1
america,1
grub,1
friends,1
housing,1
question,1
sides,1
windmill,1
aoli,1
besonders,1
valley,1
energy,1
amnesia,1
lowe,1
offering,1
bus,1
copoli,1
alway,1
basil,1
barman,1
tall,1
heap,1
squeeze,1
rush,1
made,1
yelp,1
comics,1
restaraunt,1
un,1
containers,1
daddy,1
tastes,1
examples,1
uber,1
auswahl,1
smashburger,1
sticks,1
acidity,1
metal,1
kisses,1
curd,1
yumminess,1
crepes,1
messy,1
cream,1
maybe,1
gay,1
tip,1
ne,1
event,1
boon,1
coffees,1
swine,1
smell,1
roll,1
truffles,1
kinds,1
clean,1
favourite,1
juices,1
helping,1
herbs,1
peak,1
brands,1
reservation,1
toasts,1
scallions,1
stops,1
land,1
faster,1
apology,1
rule,1
institutions,1
extras,1
smooth,1
everywhere,1
starting,1
decision,1
once,1
