food,168
mexican,140
time,83
place,80
service,74
tacos,55
taco,40
restaurant,38
portions,28
flavor,26
salsa,25
side,25
night,25
menu,25
meal,24
experience,24
thing,23
sauce,23
times,21
price,19
see,19
chips,19
quality,18
people,18
reviews,18
get,18
eat,17
bar,16
burrito,16
rice,15
prices,15
location,15
day,15
atmosphere,15
drinks,13
visit,13
group,13
review,13
taste,13
part,13
restaurants,13
places,13
portion,13
corn,12
flavors,12
bit,12
nice,12
try,12
dishes,12
home,12
deal,11
way,11
happy,11
chain,11
margarita,11
stuff,11
tasty,11
guacamole,11
find,11
rib,11
beans,11
go,11
value,11
chipotle,10
server,10
nothing,10
pretty,10
pastor,10
staff,10
drink,10
plate,9
sign,9
lunch,9
cheese,9
fan,9
amount,9
customer,9
margaritas,9
ingredients,9
items,8
end,8
dip,8
week,8
hour,8
patio,8
clean,8
shrimp,8
establishment,8
selection,8
toppings,8
school,7
better,7
got,7
beef,7
everything,7
heat,7
cheap,7
wait,7
spot,7
think,7
take,7
always,7
options,7
choice,7
owners,7
carne,7
outdoor,7
anything,7
bean,7
avoid,7
enchiladas,6
music,6
order,6
things,6
make,6
plates,6
enchilada,6
inside,6
tortillas,6
sunday,6
years,6
size,6
come,6
spicy,6
town,6
fish,6
sweet,6
crispy,6
back,6
tasting,6
homemade,6
vibe,6
chicken,6
soft,6
made,6
street,5
hole,5
hot,5
meat,5
luck,5
seem,5
came,5
appetizer,5
chile,5
nachos,5
right,5
burritos,5
die,5
item,5
guy,5
groups,5
soup,5
date,5
course,5
bite,5
friend,5
breakfast,5
texture,5
cilantro,5
dish,5
burger,5
attitude,5
house,5
least,5
bag,5
kind,5
person,5
tables,5
cup,5
great,5
talon,5
waitress,5
wall,5
party,5
crisp,5
piece,5
worth,4
enjoy,4
room,4
filling,4
days,4
twice,4
beer,4
couple,4
post,4
potato,4
amazing,4
say,4
tortilla,4
bowl,4
mole,4
area,4
valley,4
family,4
style,4
call,4
occasions,4
feel,4
number,4
bland,4
check,4
art,4
salsas,4
fun,4
cuisine,4
decor,4
onion,4
experiences,4
ambience,4
lime,4
choose,4
owner,4
coke,4
lots,4
voudrez,4
appetizers,4
table,4
decent,4
ever,3
mex,3
tell,3
warm,3
work,3
foodie,3
veggies,3
want,3
keep,3
horchata,3
avocado,3
expectations,3
coffee,3
crunchy,3
saturday,3
gon,3
mind,3
burgers,3
steak,3
noodles,3
offerings,3
tiny,3
families,3
chili,3
mexico,3
kept,3
left,3
thumbs,3
crowd,3
ice,3
pinches,3
super,3
dinner,3
flavour,3
floor,3
weekend,3
vegas,3
level,3
quick,3
change,3
montreal,3
creamy,3
going,3
thru,3
chocolate,3
figure,3
awesome,3
edinburgh,3
cold,3
policy,3
main,3
scottsdale,3
waiter,3
slaw,3
quartier,3
note,3
rating,3
madison,3
bright,3
black,3
cocktails,3
parking,3
concern,3
tortas,3
dates,3
disappointment,3
chorizo,3
color,3
bathrooms,3
middle,3
pay,3
either,3
mood,3
business,3
good,3
tex,3
choices,3
version,3
vegetarian,3
chunks,3
door,3
excuse,3
flan,3
eats,3
everyone,3
p,3
option,3
bottle,3
recommendations,3
tamales,3
pricey,3
look,3
grand,3
cut,3
queso,3
sauces,3
per,3
eating,3
servers,3
fries,3
beers,3
dessert,3
categories,3
let,3
others,3
makes,3
something,3
onions,3
stop,3
perfect,3
flour,3
management,3
mix,3
ones,3
walk,3
well,3
know,3
chance,3
j,3
friends,3
every,2
wooden,2
cochinita,2
musik,2
excellent,2
example,2
mess,2
las,2
attempt,2
bread,2
went,2
grease,2
leftovers,2
soda,2
loud,2
tijuana,2
tangy,2
tavern,2
speaking,2
mini,2
treats,2
tequila,2
colors,2
busy,2
sugar,2
folks,2
away,2
muy,2
nature,2
kitchen,2
hygiene,2
bathroom,2
air,2
mistake,2
unique,2
christmas,2
accommodate,2
offer,2
hear,2
trip,2
phoenix,2
terrasse,2
mile,2
bartender,2
minute,2
cooks,2
standards,2
pork,2
seasoning,2
melt,2
water,2
extra,2
frogs,2
man,2
remember,2
maybe,2
corona,2
basket,2
indeed,2
terrace,2
thank,2
non,2
half,2
el,2
year,2
container,2
space,2
looking,2
city,2
dining,2
knew,2
complaints,2
hungry,2
ground,2
screen,2
region,2
flavorless,2
marg,2
tasteless,2
pas,2
finish,2
favorites,2
rest,2
touch,2
seating,2
fillings,2
stand,2
coupon,2
start,2
strawberry,2
herbs,2
month,2
concept,2
fav,2
difference,2
ramen,2
neighborhood,2
design,2
section,2
destination,2
numbers,2
sense,2
sandwich,2
adventure,2
help,2
mousse,2
paper,2
generation,2
hard,2
engaging,2
ass,2
friday,2
put,2
guac,2
fancy,2
done,2
cups,2
hotel,2
believe,2
grocery,2
juicy,2
ratings,2
eggs,2
charm,2
plan,2
giggling,2
sometimes,2
businesses,2
fine,2
combinations,2
tender,2
please,2
milder,2
latin,2
secret,2
peppers,2
hostess,2
tip,2
batch,2
ready,2
torta,2
cucumber,2
customers,2
pricing,2
pet,2
eater,2
rolls,2
fast,2
hopes,2
beverage,2
entire,2
ummm,2
sangria,2
nacho,2
pushing,2
opinion,2
residents,2
standing,2
closing,2
tap,2
quesadillas,2
instead,2
tomato,2
move,2
le,2
la,2
walnut,2
glasses,2
ambiance,2
timer,2
hence,2
establishments,2
varieties,2
class,2
refreshing,2
fact,2
surroundings,2
overall,2
view,2
cegep,2
job,2
taking,2
tuesday,2
treat,2
thought,2
seats,2
match,2
sister,2
seeds,2
yorkers,2
cantina,2
spots,2
hi,2
problem,2
reservations,2
variety,2
powdery,1
straws,1
hate,1
sorry,1
allergy,1
screaming,1
pinch,1
venue,1
wednesday,1
haggis,1
jamaica,1
corvette,1
chef,1
n,1
liberty,1
lights,1
told,1
crunch,1
curry,1
meh,1
chino,1
ventures,1
employees,1
credit,1
fajitas,1
changes,1
divide,1
brought,1
meats,1
terasse,1
spoke,1
recommend,1
supporters,1
glass,1
connecticut,1
adult,1
circumstances,1
word,1
honkin,1
upscale,1
vodka,1
foods,1
vinegary,1
attract,1
santana,1
provide,1
travel,1
returning,1
pizza,1
mouths,1
cadillac,1
lump,1
modest,1
bucks,1
appreciate,1
timers,1
worst,1
vapor,1
murals,1
crew,1
tourist,1
combination,1
runny,1
band,1
roommate,1
bankroll,1
potatoes,1
roast,1
carlos,1
forgot,1
driving,1
fave,1
mistress,1
greasy,1
conversationalist,1
speedy,1
features,1
veggie,1
hearing,1
lettuce,1
positives,1
thick,1
hood,1
percentage,1
dogs,1
listen,1
serve,1
took,1
scenes,1
aztec,1
feeling,1
fashion,1
nutrition,1
mine,1
talking,1
sounding,1
mint,1
genuine,1
gripe,1
stargazing,1
hatch,1
pilgrimage,1
rider,1
menudo,1
mouth,1
plenty,1
neighborhoods,1
metal,1
competitors,1
dos,1
saying,1
hunger,1
quaint,1
situations,1
weekends,1
personality,1
champaign,1
watch,1
cushion,1
dipping,1
favors,1
fair,1
lemonade,1
pinot,1
cheladas,1
sorta,1
mug,1
finger,1
approach,1
news,1
oomph,1
gaspacho,1
fault,1
mariachi,1
chandeliers,1
cod,1
admission,1
trust,1
binge,1
interest,1
dilworth,1
fry,1
containers,1
life,1
chuy,1
combos,1
pungent,1
stopping,1
balance,1
cons,1
im,1
bottles,1
chilis,1
airport,1
split,1
hang,1
hand,1
qdoba,1
fridays,1
ownership,1
greeter,1
tuna,1
opportunity,1
carnitas,1
campy,1
yes,1
nudge,1
legion,1
cognac,1
gave,1
margherita,1
burnt,1
melting,1
flavoring,1
soap,1
festivities,1
mazama,1
meters,1
dense,1
bottom,1
peek,1
diner,1
ribs,1
plus,1
coraz,1
whats,1
tastier,1
soo,1
bats,1
wrap,1
cafeteria,1
stuck,1
gin,1
head,1
becoming,1
avions,1
verdi,1
versions,1
mannequins,1
sides,1
trio,1
hotter,1
sticky,1
mediocre,1
tooth,1
mold,1
shit,1
handmade,1
ne,1
power,1
elpasso,1
picture,1
surprise,1
felt,1
diet,1
transfers,1
longer,1
lineup,1
songs,1
befriend,1
regulars,1
dance,1
reviewers,1
alternatives,1
abundant,1
milk,1
layers,1
busboy,1
environment,1
veg,1
charge,1
henderson,1
jerk,1
munchings,1
cook,1
blast,1
staples,1
posts,1
limey,1
specials,1
diy,1
regret,1
talker,1
run,1
substitute,1
adds,1
stands,1
cleanliness,1
template,1
contemplate,1
alone,1
box,1
boast,1
suggestion,1
squeez,1
love,1
mocajete,1
tequilas,1
market,1
mexcian,1
memory,1
prep,1
today,1
sharing,1
afford,1
downtown,1
everywhere,1
cases,1
tostitos,1
cabeza,1
bites,1
claim,1
sample,1
offense,1
pina,1
mar,1
cocktail,1
granddaughter,1
guys,1
renovation,1
scrambling,1
tapas,1
st,1
q,1
switch,1
talk,1
refund,1
serving,1
birthdays,1
tort,1
window,1
offers,1
views,1
execute,1
name,1
drop,1
peasant,1
neighbourhood,1
formula,1
tecate,1
shows,1
patios,1
hefty,1
huli,1
besides,1
care,1
selections,1
calories,1
honest,1
swing,1
americano,1
spanish,1
cheesy,1
personalities,1
district,1
anyone,1
bits,1
exploring,1
huh,1
butt,1
copy,1
wide,1
yelping,1
lunches,1
pre,1
nicer,1
locations,1
rent,1
sat,1
speakers,1
aside,1
surf,1
sure,1
pain,1
track,1
buffet,1
visitors,1
forever,1
average,1
mrs,1
slope,1
shot,1
recipe,1
slow,1
vette,1
mexicans,1
tears,1
wood,1
hockey,1
pumpkin,1
bertos,1
stroll,1
aluminum,1
morning,1
asleep,1
mecca,1
satisfying,1
ways,1
spoons,1
beverages,1
farts,1
escabeche,1
yumm,1
diners,1
article,1
coupons,1
sketchy,1
patrons,1
comes,1
breakfasts,1
period,1
anyplace,1
considering,1
west,1
oder,1
spirit,1
case,1
cash,1
pollo,1
mound,1
brulerie,1
evening,1
protein,1
medio,1
mont,1
ya,1
html,1
booths,1
fruit,1
tradition,1
escorts,1
tapenade,1
puree,1
justify,1
duty,1
desolate,1
money,1
dancers,1
griddle,1
refills,1
hint,1
thinking,1
rosa,1
roller,1
pile,1
sampler,1
styles,1
stools,1
preference,1
mom,1
world,1
fryer,1
bracelet,1
greeting,1
facing,1
fives,1
competition,1
booming,1
slick,1
stops,1
juices,1
ethos,1
broken,1
comparison,1
ol,1
stations,1
oc,1
cornbread,1
bitty,1
ladies,1
imitates,1
parties,1
buds,1
aguas,1
meals,1
lot,1
regard,1
slushy,1
burro,1
gardunos,1
spice,1
pull,1
rush,1
dirty,1
trips,1
gone,1
tostadas,1
videos,1
birtos,1
deep,1
film,1
fill,1
genres,1
evenings,1
trash,1
cove,1
building,1
wife,1
wifi,1
sewer,1
mass,1
adam,1
god,1
forget,1
lack,1
follow,1
asada,1
tu,1
opportunities,1
dairy,1
smile,1
woman,1
premium,1
worse,1
verv,1
far,1
fat,1
fall,1
heaven,1
list,1
manager,1
puebla,1
vibes,1
chilaquiles,1
layover,1
crust,1
loose,1
hours,1
hass,1
losses,1
trainer,1
ask,1
readily,1
takes,1
puke,1
yinzerita,1
inquisition,1
chucks,1
glad,1
des,1
dousing,1
flautas,1
compare,1
joints,1
suggestions,1
wallet,1
information,1
needs,1
awkward,1
menus,1
notre,1
frills,1
backyard,1
ballads,1
buns,1
housemade,1
media,1
playing,1
brim,1
smiling,1
late,1
resort,1
bummer,1
someone,1
return,1
yo,1
sucker,1
michoacan,1
huddle,1
sundays,1
token,1
habits,1
found,1
needless,1
idea,1
expect,1
loops,1
deals,1
hill,1
issue,1
blaring,1
story,1
reason,1
imagine,1
appose,1
american,1
expecting,1
guess,1
avez,1
moat,1
store,1
appreciation,1
norms,1
b,1
applebee,1
gotten,1
anticipate,1
stale,1
remembers,1
coleslaw,1
juice,1
orders,1
nights,1
blanco,1
moist,1
paquime,1
finding,1
play,1
jamie,1
warnings,1
customize,1
eruption,1
reheat,1
blend,1
thomas,1
cornado,1
gooey,1
starters,1
hip,1
menchiladas,1
sunny,1
cheaper,1
feels,1
garcia,1
heaping,1
wrote,1
set,1
dump,1
flavours,1
cultura,1
sips,1
arm,1
locals,1
pictures,1
wow,1
fans,1
conditions,1
compliment,1
knowing,1
responses,1
missing,1
c,1
whole,1
point,1
reasons,1
improper,1
crisps,1
church,1
javs,1
meeting,1
empty,1
lives,1
frozen,1
straight,1
kick,1
behavior,1
rio,1
ethnicity,1
anymore,1
seek,1
dime,1
bonus,1
upbringing,1
husbands,1
levels,1
cleaning,1
wholesome,1
cocomo,1
noodle,1
picky,1
depending,1
county,1
picks,1
cuisines,1
guano,1
circling,1
alternative,1
workers,1
eager,1
showing,1
contraptions,1
ignore,1
continue,1
twinkle,1
decision,1
proficient,1
retro,1
salmon,1
stew,1
chola,1
plaza,1
colorado,1
hometown,1
grub,1
arcade,1
barbacoa,1
blow,1
hawaiian,1
raising,1
highlight,1
freak,1
chat,1
curl,1
lemon,1
peach,1
peace,1
ensalada,1
gables,1
problems,1
visits,1
allowing,1
fructose,1
desert,1
land,1
e,1
karma,1
buffalo,1
gf,1
issues,1
young,1
include,1
ingredient,1
putting,1
drinking,1
arrange,1
stiff,1
harbor,1
busier,1
crayon,1
redone,1
booth,1
marinade,1
sausage,1
zest,1
showcase,1
access,1
turnaround,1
cozy,1
punch,1
separation,1
imperfections,1
extreme,1
haunts,1
spices,1
heart,1
staple,1
use,1
crap,1
stream,1
oily,1
sort,1
porch,1
goujons,1
baby,1
ok,1
whisky,1
salad,1
oh,1
meet,1
drops,1
thirsty,1
process,1
halloween,1
pieces,1
bones,1
sip,1
sit,1
fare,1
entree,1
coast,1
counter,1
cutlery,1
takeaway,1
shreds,1
bunch,1
tso,1
orange,1
crowds,1
empanadas,1
knick,1
hands,1
freshness,1
chunk,1
category,1
marigolds,1
entertainment,1
defend,1
activity,1
craving,1
davio,1
conversation,1
housing,1
franks,1
hehe,1
monkey,1
system,1
shell,1
stomach,1
mojitos,1
shelf,1
completes,1
lover,1
steep,1
carrots,1
tidy,1
tonight,1
need,1
border,1
screw,1
seasonings,1
latino,1
servce,1
mimosa,1
socializing,1
disease,1
distinctive,1
chances,1
jar,1
employee,1
hope,1
lucky,1
listener,1
leviathan,1
btw,1
puddle,1
acquires,1
huuuuuuge,1
insulting,1
tend,1
state,1
opening,1
tripas,1
foreshadow,1
legit,1
etc,1
otherwise,1
comment,1
toilet,1
oregano,1
addition,1
waste,1
bbq,1
brunch,1
welcoming,1
unlike,1
homey,1
rectangular,1
partner,1
cross,1
parts,1
gets,1
tomatoes,1
difficult,1
center,1
mistakes,1
gmo,1
ample,1
facial,1
success,1
chairs,1
vibrant,1
works,1
meatloaf,1
happens,1
jalapeno,1
eyesore,1
pepper,1
schedule,1
host,1
rare,1
puts,1
tenderloin,1
weather,1
vegetables,1
biggest,1
north,1
brand,1
reminds,1
fundo,1
venetian,1
cake,1
display,1
utensils,1
inn,1
goodness,1
campus,1
details,1
fledgling,1
wing,1
talkin,1
star,1
remainders,1
stay,1
toasty,1
gorgonzola,1
yelp,1
factors,1
understand,1
petsmart,1
boutique,1
