food,1782
time,1369
place,1212
service,1054
restaurant,639
experience,507
meal,503
night,484
menu,442
thing,342
quality,322
times,307
price,294
visit,290
get,281
coffee,254
prices,252
atmosphere,242
dishes,238
places,231
restaurants,230
people,227
pizza,227
staff,226
day,225
try,224
portions,223
breakfast,219
burger,219
selection,219
portion,218
lunch,215
bar,208
order,206
sauce,203
cheese,203
things,202
bread,202
dinner,201
part,199
taste,191
side,188
go,182
way,180
flavor,178
french,177
spot,172
reviews,172
beer,171
plate,169
location,168
deal,168
nice,168
sushi,166
wait,163
montreal,159
wine,157
dish,157
group,155
options,154
fries,152
mexican,151
course,150
tasty,147
bit,144
poutine,144
drinks,143
value,141
amount,140
salad,139
choice,135
dining,135
fan,132
end,132
eat,131
sandwich,130
find,129
meat,126
chicken,122
review,122
music,121
steak,120
tables,120
dessert,119
und,114
everything,112
hot,111
week,111
ingredients,111
brunch,110
chocolate,108
rib,106
york,106
meals,105
chips,105
drink,102
trip,102
plates,99
size,99
hour,99
evening,98
see,97
customer,95
items,95
decor,94
beef,94
burgers,92
year,92
make,91
think,91
party,89
bite,88
take,88
sweet,88
server,86
pieces,85
made,85
rice,84
soup,84
stuff,83
variety,83
school,83
choices,83
years,82
house,82
come,82
job,82
ist,81
style,81
date,80
bowl,80
better,79
always,78
spicy,78
nothing,77
right,76
die,76
chinese,76
feel,76
inside,75
fun,75
option,75
cuisine,74
happy,74
tacos,74
ambiance,73
town,72
got,72
tea,72
space,71
friends,71
amazing,71
potato,71
glass,70
waiter,70
came,69
cafe,69
thai,69
stop,69
expectations,68
fruit,67
home,67
person,66
flavors,66
business,66
pretty,66
look,66
went,66
back,66
half,65
fish,65
view,65
know,65
man,64
great,63
kitchen,63
looking,63
friend,63
pasta,63
waitress,62
potatoes,62
groups,62
table,62
bbq,62
pho,61
sehr,61
say,60
vibe,60
ones,60
door,59
seating,58
area,58
warm,58
eggs,58
sauces,58
tasting,57
family,57
kind,57
seafood,57
sandwiches,57
fast,57
indian,56
cocktails,56
either,56
vegas,55
lot,55
super,55
oil,55
sign,54
appetizer,54
considering,54
idea,54
took,54
pork,54
touch,53
clean,53
piece,53
dog,53
weekend,53
cut,53
pub,52
eating,52
point,52
occasion,52
notch,52
crispy,52
something,52
anything,51
ribs,51
street,51
plus,51
list,51
love,50
patio,50
worth,50
vegan,50
toppings,50
line,49
shrimp,49
light,49
crowd,48
buffet,48
let,48
et,48
crust,48
want,47
perfect,47
start,47
well,47
main,47
range,47
onion,46
chef,46
guy,46
room,46
tapas,46
beans,46
check,46
name,46
taco,46
bacon,45
work,45
sunday,45
found,44
garden,44
de,44
star,44
fine,44
level,44
wifi,44
note,43
tastes,43
cozy,43
customers,43
quite,42
cold,42
la,42
das,42
excellent,42
filling,42
days,42
busy,41
floor,41
chance,41
diner,41
serving,41
texture,41
yet,41
ramen,41
least,41
cup,41
however,41
presentation,41
walk,41
city,40
couple,40
war,40
comes,40
sausage,40
maybe,40
disappointment,40
thought,40
quick,40
beers,40
servers,39
gut,39
egg,39
reason,39
mit,39
appetizers,39
sure,39
whole,39
number,38
owner,38
good,38
water,38
cocktail,38
ok,38
sit,38
summer,37
desserts,37
entree,37
neighborhood,37
enjoy,37
conversation,37
rich,36
fact,36
wines,36
bottle,36
tender,36
tip,36
version,36
orange,36
kinds,36
types,35
offer,35
cheap,35
ask,35
left,35
creamy,35
curry,35
entrees,35
cake,35
kids,34
unique,34
attitude,34
occasions,34
experiences,34
treat,34
ever,34
combination,34
im,34
item,34
lots,33
minute,33
change,33
rolls,33
call,33
terrace,33
cheesecake,33
favourite,33
others,33
setting,33
flavour,33
chairs,32
bartender,32
concept,32
extra,32
butter,32
outdoor,32
hopes,32
noodles,32
corn,32
decent,32
far,32
bland,32
awesome,31
salty,31
w,31
fresh,31
bring,31
chunks,31
juicy,31
naan,31
share,31
lamb,31
saturday,31
ice,31
medium,31
windows,31
spots,30
caf,30
noch,30
problem,30
addition,30
foods,30
gem,30
morning,30
money,30
ambience,30
feeling,29
chain,29
care,29
american,29
ready,29
nicht,29
rye,29
salmon,29
vietnamese,29
le,29
seats,29
soft,29
vegetables,29
serve,29
friday,29
wild,29
life,28
roll,28
salt,28
world,28
hours,28
decorations,28
lack,28
toast,28
german,28
month,28
recommendations,28
need,28
type,28
loud,28
manager,28
interior,28
black,28
spring,28
strip,28
mix,28
italian,28
pot,28
veggie,27
chili,27
leave,27
going,27
lobster,27
opinion,27
sides,27
put,27
mistake,27
hand,27
selections,27
help,27
specials,27
bars,27
tell,27
modern,27
felt,27
pricey,27
bill,27
f,27
salsa,27
n,27
birthday,27
wife,27
ate,26
sat,26
burrito,26
char,26
establishment,26
tomato,26
ordering,26
told,26
window,26
recommend,26
luck,26
surprise,26
bites,26
rating,26
pie,26
standards,26
avons,26
wood,26
parking,26
apple,26
onions,26
wall,26
deli,25
rest,25
intimate,25
owners,25
les,25
steakhouse,25
vegetarian,25
crab,25
fare,25
mac,25
shot,25
middle,25
pay,25
orders,25
homemade,25
multi,25
oysters,25
plenty,25
port,25
return,25
cloth,25
tao,25
foie,25
hole,24
sense,24
greek,24
finish,24
combinations,24
espresso,24
cause,24
impression,24
resto,24
slices,24
offerings,24
dip,24
bistro,24
yelp,24
environment,24
charge,24
courses,24
everyone,24
noodle,24
flavours,24
refreshing,24
average,23
herbs,23
section,23
makes,23
korean,23
veggies,23
las,23
crepe,23
non,23
menus,23
front,23
management,23
mushroom,23
sour,23
talk,23
parties,23
cool,23
someone,23
art,23
kick,23
use,23
gets,23
st,22
curds,22
pour,22
less,22
dogs,22
away,22
es,22
issue,22
mushrooms,22
greasy,22
balance,22
pizzas,22
round,22
der,22
meats,22
dumplings,22
accommodate,22
turn,22
hungry,22
slice,22
expect,22
getting,22
class,22
steaks,21
screen,21
suggestions,21
crisp,21
l,21
thick,21
grab,21
mediocre,21
show,21
sitting,21
needs,21
eats,21
simple,21
crunchy,21
broth,21
gave,21
ways,21
mood,21
hit,21
wooden,20
orleans,20
quaint,20
tuna,20
edinburgh,20
cream,20
dressing,20
pouvez,20
stars,20
gravy,20
buffets,20
husband,20
event,20
eater,20
bet,20
mind,20
guys,20
mais,20
chewy,20
patrons,20
entire,20
head,20
hotel,20
looks,20
brought,19
dente,19
nachos,19
bright,19
guess,19
face,19
tiny,19
delivery,19
air,19
ein,19
chefs,19
pastries,19
yummy,19
corner,19
done,19
peppers,19
longer,19
cook,19
dort,19
seems,19
fancy,19
instead,19
shell,19
soy,18
foodie,18
latte,18
bagels,18
case,18
pick,18
company,18
wieder,18
stomach,18
hier,18
woman,18
mayo,18
en,18
banana,18
close,18
minutes,18
seem,18
box,18
speaking,18
efficient,18
shop,18
bunch,18
bean,18
pleasant,18
story,18
moist,18
lemon,18
waiting,18
tomatoes,18
never,17
son,17
dark,17
etwas,17
means,17
months,17
lady,17
scallops,17
add,17
bon,17
reservation,17
yelpers,17
dim,17
thru,17
downtown,17
basket,17
views,17
seat,17
waiters,17
none,17
park,17
alternative,17
charming,17
welcoming,17
pepper,17
bun,17
phoenix,17
stand,17
parmesan,17
design,17
lighting,17
might,17
alcohol,17
questions,17
crepes,17
set,17
weather,17
coffees,17
fix,16
upscale,16
neighbourhood,16
calamari,16
rush,16
dirty,16
hote,16
compliment,16
buttery,16
monday,16
cost,16
building,16
juice,16
amounts,16
products,16
starter,16
stay,16
credit,16
word,16
cuts,16
moment,16
desert,16
eine,16
every,16
treats,16
news,16
thumbs,16
platter,16
hip,16
filet,16
choose,16
fry,15
tartare,15
saw,15
aside,15
hostess,15
eingeganngen,15
vinegar,15
counter,15
glasses,15
cr,15
waste,15
lust,15
rooms,15
truffle,15
nett,15
savory,15
wi,15
juices,15
together,15
cosy,15
market,15
produce,15
favorites,15
rude,15
whatever,15
empty,15
visits,15
einfach,15
tuesday,15
spinach,15
mine,15
bag,15
effort,15
island,15
preference,15
aber,15
store,15
reasons,15
batch,15
duck,15
combo,15
mouth,14
ham,14
chair,14
varieties,14
mousse,14
alle,14
un,14
high,14
h,14
etc,14
ck,14
muffin,14
speak,14
kept,14
heard,14
slaw,14
snack,14
damn,14
blend,14
guests,14
lettuce,14
einen,14
girls,14
somewhat,14
fluffy,14
employees,14
complaint,14
afternoon,14
girl,14
spice,14
deep,14
difference,14
businesses,14
ingredient,14
lime,14
areas,14
weekends,14
variations,14
mess,14
croissant,14
raw,14
twice,14
bathroom,14
heat,14
diners,14
quiet,14
eaters,14
omelette,14
polite,14
gibt,14
nights,14
plateau,14
takeaway,14
please,14
words,14
yellow,13
fair,13
dollars,13
salads,13
bits,13
plan,13
sea,13
classy,13
sister,13
toll,13
portuguese,13
post,13
baguette,13
p,13
remember,13
read,13
cookies,13
beyond,13
game,13
wings,13
trendy,13
tofu,13
booth,13
zu,13
state,13
reservations,13
meh,13
une,13
ceilings,13
bottles,13
yes,13
dead,13
kebab,13
aioli,13
cheesy,13
satisfying,13
breakfasts,13
mom,13
students,13
cakes,13
sind,13
appetite,13
tourists,13
entertaining,13
nur,13
hearty,13
burnt,13
terrasse,13
focus,13
weird,13
white,13
paying,13
booths,13
refills,13
guacamole,13
brisket,13
english,13
split,12
smell,12
melt,12
winter,12
spanish,12
boyfriend,12
schade,12
sweetness,12
waitstaff,12
benedict,12
sometimes,12
community,12
cucumber,12
baby,12
daughter,12
japan,12
bang,12
terms,12
cod,12
refill,12
families,12
margarita,12
product,12
goat,12
honest,12
parts,12
breads,12
charlotte,12
run,12
hands,12
joint,12
twist,12
japanese,12
ayce,12
pancakes,12
wenn,12
preparation,12
points,12
sugar,12
mile,12
seasoning,12
sharing,12
cute,12
sounds,12
anyone,12
pile,12
fall,12
airport,12
believe,12
b,12
caesar,12
understand,12
talon,12
otherwise,12
comment,12
croissants,12
fixtures,12
chipotle,12
hear,12
today,12
tempura,12
quantity,12
recipe,12
eatery,12
hipster,12
ladies,12
taouk,12
okay,12
spices,12
sort,12
tap,12
beverages,12
rare,12
bitter,11
country,11
supper,11
servings,11
chorizo,11
stone,11
favorite,11
trips,11
patty,11
souffle,11
vor,11
levels,11
smoothies,11
entrance,11
southern,11
omelet,11
albeit,11
eggplant,11
bonus,11
noisy,11
bakery,11
soggy,11
timer,11
margaritas,11
locations,11
kid,11
tartar,11
complaints,11
gnocchi,11
smoothie,11
pastry,11
dollar,11
children,11
sashimi,11
hamburger,11
walls,11
sangria,11
decision,11
giving,11
request,11
j,11
detail,11
waffle,11
watch,11
discovery,11
christmas,11
figure,11
worse,11
worst,11
tes,11
donuts,11
glad,11
comfy,11
c,11
club,11
deals,11
surroundings,11
cooking,10
hidden,10
touches,10
jazz,10
cilantro,10
past,10
spaghetti,10
oyster,10
von,10
names,10
pastor,10
waffles,10
checking,10
glance,10
frites,10
fat,10
band,10
banh,10
iron,10
cappuccino,10
lemonade,10
hang,10
regret,10
fruits,10
steakhouses,10
poor,10
grill,10
ass,10
miss,10
maple,10
paella,10
wow,10
assortment,10
culinary,10
strange,10
roast,10
sounding,10
parsley,10
offering,10
skin,10
making,10
till,10
pint,10
little,10
bringen,10
dates,10
pad,10
aspect,10
jalape,10
eye,10
cups,10
veal,10
charm,10
carne,10
spent,10
spend,10
patient,10
mention,10
south,10
establishments,10
center,10
hair,10
venue,10
leaves,10
must,10
tourist,10
nite,10
ceiling,10
fashion,10
discount,10
sports,10
comfort,10
wide,10
components,10
valley,10
ten,10
drunk,10
deserts,10
attention,10
issues,10
rabbit,10
boring,10
gluten,10
bagel,10
waitresses,10
squeeze,10
kinda,10
wednesday,9
elegant,9
herb,9
poutines,9
therefore,9
score,9
reviewers,9
veg,9
jerk,9
teas,9
knew,9
grub,9
mean,9
smile,9
hash,9
england,9
sunny,9
scallop,9
pudding,9
cheddar,9
move,9
restrictions,9
ball,9
nonetheless,9
somewhere,9
avocado,9
conseille,9
airy,9
requests,9
tone,9
relaxing,9
spread,9
fusion,9
carb,9
card,9
forever,9
ground,9
media,9
spectacular,9
streets,9
excuse,9
gourmet,9
coleslaw,9
ratings,9
consistency,9
block,9
e,9
wave,9
meet,9
measure,9
bei,9
anyway,9
lights,9
forgot,9
grease,9
mini,9
mint,9
basis,9
save,9
margherita,9
walking,9
thank,9
rock,9
coconut,9
strawberry,9
palate,9
alright,9
forget,9
quebec,9
batter,9
fans,9
crusty,9
task,9
falafel,9
soups,9
philosophy,9
bartenders,9
tso,9
red,9
qui,9
deliver,9
recommendation,9
buy,9
hate,9
pate,9
phone,9
buns,9
soda,9
mother,9
gin,9
ne,9
picture,9
ausprobieren,9
offers,9
color,9
period,9
pop,9
delicate,9
hint,9
styles,9
slick,9
vibes,9
rate,9
joints,9
bigger,9
temperature,9
starters,9
creme,9
reduction,9
question,9
highlight,9
helping,9
spoon,9
layer,9
book,9
scottsdale,8
tree,8
best,8
chill,8
offen,8
tooth,8
burritos,8
alone,8
prefer,8
attraction,8
ketchup,8
nicer,8
impressions,8
costs,8
pull,8
play,8
fire,8
aroma,8
parents,8
gewesen,8
tart,8
elements,8
thin,8
books,8
craving,8
tonight,8
courtyard,8
neapolitan,8
smooth,8
pinch,8
crunch,8
appreciate,8
manner,8
cor,8
hummus,8
character,8
drop,8
kann,8
mains,8
olives,8
accommodating,8
montr,8
takes,8
locals,8
pictures,8
else,8
classics,8
pancake,8
keep,8
men,8
answer,8
runny,8
folks,8
il,8
milk,8
boy,8
wallet,8
crazy,8
california,8
pepperoni,8
bathrooms,8
compare,8
numbers,8
playing,8
nach,8
cirque,8
visiting,8
dietary,8
candle,8
per,8
peanut,8
putting,8
watery,8
lv,8
que,8
beat,8
perfection,8
taking,8
keine,8
homey,8
inviting,8
works,8
mozzarella,8
oven,8
top,8
reputation,8
colors,8
wedding,8
cajun,8
bargain,8
comforting,8
sterne,8
outside,8
turkey,8
spirit,8
googlen,8
ol,8
cheeses,8
quebecois,8
finding,8
brick,8
allerdings,8
mustard,8
tab,8
martini,8
crowds,8
hence,8
difficult,8
gute,8
clientele,7
spoke,7
yum,7
foremost,7
wikipedia,7
chile,7
child,7
durchschnitt,7
pricing,7
cooks,7
example,7
abende,7
bloody,7
su,7
mango,7
besides,7
grilling,7
tortilla,7
edamame,7
west,7
machen,7
aspects,7
gone,7
tight,7
mash,7
tv,7
pass,7
information,7
premises,7
hoping,7
picky,7
eager,7
influence,7
chat,7
scene,7
aufgeben,7
steep,7
soap,7
jam,7
hope,7
meant,7
vs,7
moments,7
eateries,7
pies,7
catherine,7
construction,7
details,7
spin,7
chew,7
smoke,7
navigate,7
convenient,7
hollandaise,7
pubs,7
condiments,7
mtl,7
jahre,7
clue,7
car,7
cat,7
lieferservice,7
chip,7
shows,7
flowers,7
slab,7
america,7
toffee,7
concern,7
language,7
bietet,7
stools,7
wheat,7
comparison,7
lol,7
knots,7
evenings,7
karlsruhe,7
sliders,7
older,7
berries,7
gr,7
asparagus,7
wir,7
whisky,7
farm,7
risotto,7
chunk,7
overwhelming,7
laurent,7
employee,7
sizes,7
liking,7
north,7
auf,7
vodka,7
honey,7
attempt,7
matter,7
zealand,7
exception,7
somehow,7
marks,7
beim,7
pizzeria,7
cuban,7
checks,7
schupi,7
mcdonald,7
sommes,7
fill,7
field,7
starting,7
response,7
energy,7
hard,7
mountain,7
pet,7
goods,7
delish,7
oily,7
lines,7
lover,7
taiwanese,7
denis,7
plain,7
vibrant,7
host,7
wise,7
byow,7
wish,7
variation,7
meaty,7
prosciutto,7
client,7
containers,7
tions,7
suggest,7
ich,7
peruvian,7
tortillas,7
cinnamon,7
pickle,7
array,7
district,7
stuck,7
season,7
pre,7
expectation,7
cafes,7
shops,7
competition,7
ltnis,7
respect,7
haitian,7
ale,7
als,7
apartment,7
fav,7
tex,7
sub,7
flan,7
underwhelming,7
syrup,7
stale,7
preise,7
latin,7
frozen,7
disappointing,7
depending,7
memory,7
warning,7
gro,7
ganz,7
lounge,7
fifties,7
vanilla,7
perhaps,7
branch,7
golden,6
hop,6
plantains,6
bowls,6
gripe,6
result,6
pita,6
horseradish,6
eastern,6
enchilada,6
east,6
hat,6
bottom,6
waits,6
truffles,6
team,6
mela,6
quarter,6
gordon,6
madison,6
carolina,6
memories,6
paninis,6
au,6
action,6
imagine,6
sell,6
burrata,6
breading,6
queso,6
age,6
moon,6
send,6
punch,6
casino,6
standing,6
realize,6
tempe,6
blown,6
hangover,6
avoid,6
tavern,6
lattes,6
phase,6
reserve,6
personality,6
du,6
steal,6
plating,6
tho,6
kale,6
octopus,6
brown,6
brownie,6
regardless,6
el,6
wrap,6
weekdays,6
form,6
begin,6
notice,6
throw,6
pool,6
messy,6
decide,6
heaven,6
study,6
sooo,6
match,6
cleaning,6
dips,6
specialty,6
wohl,6
gf,6
barbecue,6
poke,6
basement,6
including,6
hle,6
entertainment,6
immer,6
bucks,6
lost,6
vraiment,6
strawberries,6
enchiladas,6
nes,6
weeks,6
bone,6
banter,6
fave,6
explain,6
said,6
basil,6
shame,6
smokey,6
marinara,6
diet,6
dit,6
bot,6
bezeichnen,6
wert,6
napkin,6
je,6
mark,6
protein,6
pas,6
mon,6
road,6
ordnung,6
lasagna,6
den,6
brunches,6
strips,6
bis,6
boys,6
constant,6
staple,6
bones,6
mid,6
sausages,6
noise,6
coke,6
gucken,6
blue,6
zesty,6
gon,6
laid,6
approach,6
catch,6
melting,6
regulars,6
comments,6
des,6
cashier,6
tunes,6
given,6
population,6
definite,6
ravioli,6
direction,6
tasteless,6
tigen,6
couples,6
stops,6
oh,6
pistachio,6
anniversary,6
screens,6
stick,6
turnover,6
resort,6
health,6
schon,6
dans,6
hin,6
yorker,6
buffalo,6
drinking,6
app,6
citrus,6
g,6
accent,6
pretzels,6
watching,6
closer,6
meatballs,6
unlike,6
goodness,6
haben,5
complaining,5
feature,5
fit,5
rt,5
rewards,5
prix,5
theme,5
greens,5
pretzel,5
fail,5
gerne,5
blonde,5
ownership,5
izakaya,5
yelper,5
subway,5
upgrade,5
queue,5
faves,5
container,5
mignon,5
draft,5
opposite,5
slow,5
haunt,5
clam,5
pickles,5
essen,5
hey,5
consider,5
burgundy,5
sent,5
features,5
caesars,5
bummer,5
sucker,5
piping,5
avez,5
tummy,5
factor,5
blow,5
eingerichtet,5
equivalent,5
straight,5
sesame,5
shorter,5
us,5
um,5
beverage,5
melts,5
rack,5
popcorn,5
thats,5
doubt,5
fillings,5
balls,5
clients,5
prawns,5
comme,5
spill,5
hawaiian,5
damit,5
festival,5
system,5
bother,5
jersey,5
brew,5
jar,5
taxes,5
heaters,5
ce,5
arugula,5
wee,5
teriyaki,5
garage,5
freshness,5
peas,5
brownies,5
dazu,5
textures,5
kudos,5
magen,5
provide,5
disappoint,5
sont,5
break,5
dieses,5
werde,5
nahe,5
fuss,5
board,5
handmade,5
dance,5
live,5
mocha,5
marins,5
apples,5
hookah,5
online,5
crawfish,5
glaze,5
pastas,5
puree,5
thinking,5
treatment,5
habe,5
chow,5
besucht,5
thursday,5
expecting,5
heavy,5
gyrosteller,5
charcuterie,5
station,5
selling,5
grocery,5
aussi,5
towards,5
eaten,5
friteuse,5
rumpsteak,5
feels,5
patties,5
anymore,5
grand,5
hallway,5
showing,5
escargot,5
rub,5
smells,5
fishy,5
adults,5
nan,5
smiles,5
button,5
verdict,5
wie,5
crap,5
donut,5
scoop,5
walnut,5
screw,5
brand,5
samosa,5
winner,5
overall,5
shake,5
admit,5
buzz,5
steaming,5
display,5
chippy,5
crave,5
tips,5
confit,5
purchase,5
rosemary,5
einer,5
ginger,5
pointe,5
mushy,5
hunger,5
bay,5
favors,5
near,5
mexico,5
henfl,5
delight,5
qualit,5
royal,5
background,5
zum,5
fork,5
sticks,5
sticky,5
venison,5
skip,5
disgusting,5
mussels,5
tartares,5
suggestion,5
sake,5
soul,5
sample,5
nyc,5
staying,5
tall,5
seeing,5
carry,5
eyes,5
speakers,5
potential,5
pain,5
paid,5
cheeseburger,5
shopping,5
sound,5
different,5
pan,5
fondue,5
thali,5
coupon,5
wett,5
u,5
overdone,5
stood,5
component,5
destination,5
awkward,5
coat,5
dragon,5
pleasure,5
vorab,5
dont,5
valentine,5
gotten,5
fand,5
tamales,5
cubes,5
meeting,5
bruschetta,5
pupusas,5
chicago,5
access,5
existent,5
dinners,5
collection,5
lentil,5
interaction,5
recipes,5
nun,5
beets,5
bye,5
nevertheless,5
vinaigrette,5
bench,5
est,5
chains,5
byob,5
pig,5
jack,5
consistent,5
ales,5
god,5
snow,5
pineapple,5
report,5
habit,5
liquor,5
michelin,5
grandmother,5
games,5
beet,5
judge,5
clubs,5
bisque,5
versions,5
annoying,5
vietnam,5
prompt,5
foodies,5
meatball,5
midnight,5
conversations,5
term,5
calories,5
cash,5
events,5
justify,5
eigentlich,5
includes,5
present,5
attitudes,5
flag,5
scientist,5
brother,5
cookie,5
introduction,5
feed,5
dine,5
dann,5
brioche,5
vide,5
dill,5
hnchen,5
notes,5
folk,5
metro,5
larger,5
women,5
sip,5
eher,5
mojito,5
holiday,5
flour,5
grits,5
echt,5
movie,5
seaweed,5
qu,5
opening,5
joe,5
student,5
supply,5
nachts,5
church,5
daran,5
secret,5
gelato,5
china,4
wagyu,4
feedback,4
gesch,4
speedy,4
wash,4
tangy,4
legs,4
bomb,4
fennel,4
layout,4
nature,4
substance,4
voulez,4
filipino,4
coronado,4
smelling,4
occurrence,4
understanding,4
ipa,4
fake,4
vege,4
si,4
tte,4
splurge,4
square,4
training,4
rzt,4
awards,4
situation,4
ribeye,4
traffic,4
tvs,4
power,4
package,4
marshmallow,4
hen,4
complete,4
chilies,4
tail,4
contrast,4
keeping,4
mall,4
states,4
backyard,4
paper,4
kobe,4
avec,4
plat,4
toujours,4
aufgefallen,4
spirits,4
incident,4
funny,4
stack,4
stylish,4
sight,4
shall,4
bf,4
scratch,4
shrimps,4
odd,4
wurden,4
waren,4
allow,4
mojitos,4
serrano,4
latino,4
thanksgiving,4
btw,4
omg,4
co,4
drank,4
ultra,4
phx,4
wet,4
desk,4
become,4
choosing,4
irish,4
ink,4
gardens,4
haggis,4
chez,4
celebration,4
smoky,4
haha,4
restos,4
nuts,4
quand,4
fleckigda,4
versus,4
prawn,4
monkey,4
genuine,4
sehen,4
dj,4
da,4
brasserie,4
props,4
handful,4
cons,4
contact,4
hassle,4
disappointments,4
mole,4
welcome,4
update,4
silverware,4
rubbery,4
heart,4
kilkennny,4
whenever,4
indeed,4
birds,4
pommes,4
happen,4
lunches,4
halibut,4
sauteed,4
panierte,4
ratio,4
hawai,4
nearby,4
oder,4
soir,4
gentlemen,4
tradition,4
theater,4
improvement,4
nuggets,4
trying,4
dumpling,4
fountain,4
baristas,4
souffl,4
flaws,4
hamburgers,4
brasseries,4
peanuts,4
starbucks,4
foot,4
sundays,4
houses,4
pur,4
translation,4
microbrews,4
wasnt,4
hype,4
forgotten,4
dinning,4
uses,4
roaster,4
reviewer,4
lacking,4
gratuity,4
bellagio,4
rum,4
perk,4
uber,4
excellents,4
geschmeckt,4
ramsey,4
remains,4
kenne,4
cutlery,4
university,4
culture,4
carrots,4
michigan,4
mgm,4
tend,4
skill,4
ample,4
gorgonzola,4
plants,4
skills,4
clothes,4
dry,4
watering,4
adult,4
setup,4
horchata,4
uns,4
dass,4
quantities,4
opportunity,4
thoughts,4
dense,4
subs,4
surprising,4
assume,4
hotels,4
everybody,4
pink,4
pina,4
pure,4
puri,4
schwartz,4
policy,4
brews,4
signage,4
walnuts,4
bringing,4
knives,4
lick,4
bolognese,4
gyro,4
plump,4
milkshakes,4
wonder,4
august,4
platziert,4
cabane,4
tour,4
teigig,4
serves,4
facing,4
entgegen,4
broken,4
mondays,4
romantik,4
videos,4
girlfriend,4
straightforward,4
probiert,4
caffeine,4
dem,4
quesadilla,4
advice,4
frills,4
print,4
beginning,4
statement,4
services,4
hubby,4
express,4
salsas,4
purpose,4
knusprig,4
alternate,4
scale,4
costumer,4
explaining,4
fussy,4
staffs,4
closing,4
didnt,4
snacks,4
waters,4
aufnahm,4
frying,4
cider,4
salami,4
seabass,4
nobody,4
laugh,4
lebanese,4
stores,4
stuffy,4
happens,4
slight,4
female,4
paris,4
pride,4
huile,4
changes,4
terasse,4
estate,4
description,4
vegans,4
enter,4
writing,4
ton,4
western,4
gekommen,4
tibetan,4
earth,4
overbearing,4
shots,4
bekannt,4
fault,4
craft,4
combos,4
beside,4
cherry,4
gift,4
cafeteria,4
rounds,4
na,4
alternatives,4
voudrez,4
artwork,4
couches,4
hospitality,4
msg,4
samosas,4
ewig,4
kartoffelsalat,4
spaces,4
freaking,4
college,4
spoons,4
reaction,4
region,4
afterwards,4
flakey,4
concoctions,4
lovers,4
carbs,4
boden,4
knows,4
influences,4
adventure,4
short,4
mitessen,4
guest,4
verdun,4
imports,4
heaping,4
village,4
rave,4
aussenbereiche,4
behavior,4
ignoriert,4
rip,4
prince,4
plaza,4
drinkers,4
meaning,4
include,4
smaller,4
goodies,4
chose,4
leaving,4
stream,4
clever,4
anywhere,4
batches,4
mcgill,4
practice,4
tray,4
institution,4
cksb,4
chances,4
planning,4
recommande,4
mugs,4
superb,4
vintage,4
shabby,4
leaf,4
pasty,4
says,4
apps,4
sich,4
squeak,4
hanging,3
errors,3
fingers,3
buddy,3
criticism,3
einiges,3
strike,3
circumstances,3
omelets,3
travel,3
bekommt,3
beauty,3
timers,3
wing,3
silver,3
encourage,3
grapes,3
breed,3
listen,3
idle,3
entr,3
boston,3
dozen,3
wholesome,3
doors,3
episode,3
saying,3
galement,3
dipping,3
anfangen,3
glasgow,3
groupon,3
pro,3
saltiness,3
umami,3
ckchen,3
pinches,3
benches,3
magazines,3
arepas,3
sprouts,3
bustle,3
skewer,3
santa,3
sky,3
working,3
vancouver,3
truck,3
overpowering,3
salade,3
rlich,3
formula,3
vegetarians,3
sah,3
alles,3
san,3
baggage,3
suspects,3
remarks,3
winters,3
settings,3
caring,3
stretch,3
vacation,3
wants,3
newspaper,3
blah,3
wrappers,3
schrimps,3
edges,3
comer,3
crusts,3
noon,3
apologize,3
plusieurs,3
ab,3
accents,3
az,3
mass,3
tr,3
investment,3
mound,3
healthier,3
mehr,3
ersetzt,3
atmospherics,3
operation,3
tiramisu,3
werktagen,3
appreciation,3
leith,3
cover,3
caramel,3
sips,3
knowing,3
connection,3
bell,3
scottish,3
snail,3
grapefruit,3
continue,3
sorbet,3
gruel,3
wenngleich,3
custom,3
essay,3
iim,3
tequila,3
mixing,3
categories,3
mediterranean,3
turnaround,3
flowing,3
bird,3
slabs,3
leg,3
residents,3
ceasar,3
francis,3
animals,3
process,3
coast,3
element,3
wontons,3
profile,3
chilli,3
prepare,3
cabbage,3
ckt,3
decade,3
tapa,3
bourbon,3
handle,3
allons,3
lucky,3
styrofoam,3
copain,3
chalkboard,3
louisiana,3
chinois,3
bananas,3
combine,3
jalapeno,3
passion,3
forgiven,3
blowing,3
schedule,3
commitment,3
pairing,3
ausstattung,3
shattering,3
comptoir,3
mansion,3
crackers,3
cantonese,3
jaleo,3
greet,3
bank,3
elevator,3
john,3
flavorful,3
bier,3
bien,3
com,3
tons,3
gourmando,3
adding,3
asking,3
laval,3
absent,3
lineup,3
songs,3
layers,3
zone,3
southwest,3
blast,3
rouge,3
discover,3
unsure,3
cab,3
clothing,3
affirme,3
birthdays,3
yeah,3
goose,3
pittsburgh,3
professionals,3
sublime,3
takeaways,3
celebrate,3
colours,3
vanier,3
monk,3
cares,3
chinatown,3
dabei,3
charges,3
dancers,3
restrooms,3
execution,3
fryer,3
suppliers,3
greeting,3
exciting,3
chop,3
sembl,3
cats,3
allergic,3
pitcher,3
peak,3
monta,3
splitting,3
blueberries,3
everywhere,3
deliciousness,3
loose,3
tracks,3
aimez,3
chunky,3
taken,3
hurry,3
history,3
bready,3
soon,3
hell,3
faire,3
yellowtail,3
pourrez,3
jamie,3
squeaky,3
vollkornfladen,3
haddock,3
lit,3
sets,3
popularity,3
finster,3
trees,3
grey,3
descriptions,3
missing,3
stallion,3
genre,3
likes,3
liver,3
success,3
step,3
boxes,3
disclosure,3
cheesesteak,3
heritage,3
russian,3
performances,3
outing,3
depth,3
rte,3
farms,3
compact,3
plays,3
paintings,3
experiment,3
win,3
singing,3
belgian,3
belongings,3
sweets,3
bachi,3
wartet,3
werden,3
seasonings,3
unagi,3
viateur,3
gras,3
breweries,3
powder,3
neither,3
key,3
hits,3
fashioneds,3
bahama,3
speaker,3
gastropub,3
candy,3
martin,3
museum,3
cantina,3
highest,3
delights,3
penny,3
members,3
einkehren,3
fois,3
aider,3
whose,3
aus,3
heading,3
met,3
mex,3
county,3
calm,3
laughs,3
pogo,3
maintain,3
deco,3
crew,3
negroni,3
panini,3
fatty,3
content,3
debit,3
tilapia,3
hood,3
hollywood,3
almond,3
tastiness,3
seen,3
danach,3
architecture,3
lazy,3
uni,3
interest,3
threw,3
website,3
cant,3
waterfall,3
pourboire,3
soweit,3
trilogie,3
zur,3
vorkommen,3
daddy,3
zudem,3
muffins,3
apology,3
jarry,3
father,3
unpleasant,3
retro,3
limes,3
dealing,3
adds,3
favour,3
fillet,3
appetites,3
stew,3
switch,3
african,3
interesting,3
listing,3
artist,3
living,3
personalities,3
performance,3
behind,3
reading,3
tub,3
according,3
stretches,3
unassuming,3
mart,3
mary,3
bags,3
pao,3
flavorless,3
nando,3
confirm,3
seconds,3
muhamarra,3
shells,3
file,3
hound,3
vinegary,3
fixings,3
languages,3
tacky,3
remain,3
potatos,3
gina,3
blood,3
versehen,3
dough,3
pesto,3
claypot,3
rutland,3
clams,3
connect,3
flower,3
discouraging,3
twenty,3
applebee,3
quiche,3
acts,3
create,3
talking,3
shoddy,3
lunchtime,3
century,3
decoration,3
concoction,3
rabattre,3
parfait,3
entry,3
snag,3
easter,3
manage,3
nose,3
calming,3
invite,3
restaraunt,3
metal,3
curd,3
dragging,3
mayonnaise,3
joel,3
busier,3
nacho,3
extreme,3
baskets,3
charcoal,3
praise,3
noises,3
feta,3
acheter,3
cutting,3
barley,3
frank,3
kostet,3
mir,3
unless,3
etwa,3
joke,3
assure,3
doner,3
squid,3
proximity,3
ads,3
smart,3
proper,3
esp,3
flaky,3
brands,3
yorkers,3
biggest,3
draught,3
unser,3
encounter,3
anglophone,3
guiding,3
voice,3
changer,3
brewdog,3
mi,3
london,3
drawback,3
driving,3
arizona,3
smokers,3
lieber,3
spite,3
situations,3
fragrant,3
taient,3
incarnation,3
kitties,3
chalkboards,3
trust,3
cracker,3
exterior,3
ocean,3
hearts,3
sanitary,3
apart,3
companions,3
plantain,3
baklava,3
booking,3
security,3
ahi,3
italien,3
heap,3
trio,3
miso,3
nj,3
til,3
ny,3
orchid,3
dane,3
advantage,3
posts,3
trend,3
stands,3
suppe,3
donnent,3
dress,3
meager,3
ensure,3
tipper,3
representation,3
importation,3
giada,3
authenticity,3
swing,3
requirement,3
huh,3
tarts,3
quartier,3
rent,3
ideas,3
emphasis,3
falls,3
summerlin,3
perch,3
lighter,3
savoury,3
tortas,3
guitar,3
cities,3
sampling,3
mezze,3
casa,3
macaroni,3
freundlichen,3
tapenade,3
except,3
furniture,3
oj,3
buds,3
grass,3
trash,3
opportunities,3
dairy,3
roe,3
sud,3
sun,3
sur,3
cucumbers,3
sticking,3
known,3
portugues,3
v,3
anecdote,3
trouble,3
cannoli,3
instructions,3
generation,3
consequence,3
bekommen,3
king,3
decadent,3
pizzazz,3
canadiens,3
cote,3
snowstorm,3
franchise,3
goats,3
pr,3
rio,3
quail,3
edge,3
workers,3
forkful,3
seller,3
complimentary,3
sections,3
skewers,3
peach,3
peace,3
ceviche,3
chilipulver,3
wishes,3
fastfood,3
zeit,3
wraps,3
sexy,3
thirsty,3
tax,3
tad,3
sie,3
attend,3
byo,3
ricotta,3
kommt,3
artists,3
organic,3
shallot,3
shelf,3
falafels,3
faux,3
teilte,3
hi,3
agreed,3
viet,3
milder,3
kimchi,3
joy,3
nigiri,3
recollection,3
press,3
flemings,3
empire,3
lean,3
urgem,3
volume,3
shown,3
toasty,3
nrw,2
screaming,2
basics,2
specialties,2
designing,2
reports,2
replace,2
vom,2
musik,2
hold,2
concepts,2
marchmont,2
absolute,2
hog,2
subtleness,2
revisit,2
modest,2
combler,2
murals,2
welcomes,2
fin,2
dorthin,2
queues,2
ups,2
master,2
ranging,2
pimms,2
wisdom,2
trek,2
hibachi,2
tres,2
runner,2
chako,2
preservatives,2
tech,2
bliss,2
klein,2
altogether,2
saut,2
release,2
mandatory,2
heirloom,2
pinot,2
souvenir,2
extent,2
roller,2
logic,2
raita,2
sommelier,2
gyoza,2
stadium,2
dave,2
k,2
remembering,2
chemex,2
photographers,2
limonade,2
cleo,2
ideal,2
innocent,2
meringue,2
old,2
ole,2
topping,2
fox,2
shakes,2
citizens,2
soo,2
greatness,2
nicest,2
macaroon,2
intend,2
rolling,2
ottawa,2
faisait,2
laika,2
midst,2
vey,2
stays,2
sigh,2
cleanliness,2
tartars,2
casse,2
influx,2
gulp,2
henri,2
papas,2
loving,2
pretend,2
values,2
slowness,2
pumpkin,2
frogs,2
offense,2
thanking,2
slush,2
convaincre,2
se,2
overhaul,2
lackluster,2
jim,2
tori,2
decades,2
superbement,2
bursting,2
amaretto,2
blt,2
cobb,2
suggesting,2
ono,2
spoken,2
erinnerungen,2
puppies,2
meatlovers,2
sag,2
sad,2
entschieden,2
wanting,2
mayer,2
mate,2
salsiccia,2
tears,2
hockey,2
assistant,2
freezing,2
southside,2
prime,2
earthiness,2
anyways,2
divey,2
veniez,2
charmer,2
supermarket,2
boat,2
pollo,2
starving,2
darn,2
fiver,2
pushy,2
divino,2
divine,2
suchi,2
motorino,2
act,2
ragu,2
al,2
remplace,2
beware,2
tu,2
th,2
taib,2
norm,2
sans,2
accompanying,2
sand,2
adjust,2
harry,2
hudsons,2
pics,2
select,2
learn,2
male,2
accept,2
plant,2
countryside,2
notre,2
plane,2
trade,2
brim,2
signs,2
smiling,2
travelling,2
wasabi,2
upstairs,2
gfs,2
scoops,2
calzone,2
driven,2
castle,2
guac,2
kippe,2
gennaro,2
saint,2
relationship,2
getaway,2
fter,2
blond,2
blackboard,2
chequers,2
gold,2
columns,2
gratin,2
distraction,2
cry,2
river,2
creator,2
aberdeen,2
loaf,2
uschend,2
allegiance,2
devil,2
representative,2
poppadom,2
pound,2
ding,2
rules,2
cigar,2
highchairs,2
picks,2
surprises,2
novelty,2
sogenannte,2
gnosh,2
deserves,2
hometown,2
spending,2
barman,2
diverse,2
scrub,2
land,2
consumer,2
hello,2
results,2
turkish,2
lombardi,2
visuals,2
video,2
fischgerichte,2
sauerkraut,2
sweaty,2
auswahl,2
chocolatey,2
chocolates,2
portugese,2
fulfill,2
wedge,2
quesadillas,2
docking,2
delay,2
blocks,2
testimony,2
pigs,2
morningside,2
artichoke,2
legendary,2
rotation,2
coriander,2
chevres,2
truth,2
shut,2
interactions,2
length,2
accompaniment,2
steel,2
colleagues,2
blew,2
imho,2
tamago,2
studying,2
amberjack,2
kokonut,2
devriez,2
streamliner,2
24hrs,2
cegep,2
email,2
ends,2
ahwatukee,2
puff,2
labne,2
cm,2
ca,2
vaut,2
va,2
ripe,2
feminine,2
afghan,2
broccoli,2
spelt,2
paul,2
web,2
hipsters,2
avoir,2
seeds,2
pigging,2
scones,2
hehe,2
housing,2
caviar,2
cosmopolitan,2
pantry,2
spinash,2
distribution,2
sirloin,2
inn,2
replica,2
ind,2
behold,2
ghost,2
tapping,2
yikes,2
neighbours,2
bike,2
profiteroles,2
whisk,2
neat,2
secure,2
sparkling,2
renovations,2
honkin,2
anderes,2
sons,2
green,2
frequency,2
saigon,2
highlights,2
pricier,2
safe,2
cornbread,2
carlos,2
leftovers,2
standard,2
tijuana,2
observations,2
nahm,2
target,2
burgundies,2
scenes,2
guilt,2
minus,2
stalls,2
seltzer,2
hingehen,2
aunt,2
guidance,2
di,2
dc,2
steam,2
discussions,2
gentleman,2
oomph,2
aim,2
property,2
cone,2
dosas,2
independent,2
moussaka,2
photo,2
korea,2
purple,2
wasting,2
loin,2
wan,2
crystal,2
rotisserie,2
hotter,2
reality,2
dulce,2
verre,2
tenaille,2
pakoras,2
entries,2
wenns,2
beignets,2
turns,2
upper,2
uniform,2
satisfy,2
italians,2
towers,2
can,2
abord,2
december,2
loungr,2
loungy,2
write,2
flank,2
corona,2
michel,2
gnocci,2
brain,2
cole,2
forms,2
chattering,2
relleno,2
sweettooth,2
patzich,2
moldings,2
message,2
sheer,2
nutrition,2
flowery,2
kabob,2
fruity,2
terrific,2
mrs,2
sunset,2
pastrami,2
leather,2
concert,2
burst,2
import,2
garde,2
blame,2
article,2
mont,2
pepperjack,2
jerky,2
rubs,2
brulerie,2
heels,2
extravaganza,2
closest,2
taxi,2
neon,2
fortune,2
hustle,2
leftover,2
choy,2
morin,2
log,2
hunks,2
interiors,2
bucket,2
describe,2
cabinets,2
pear,2
roasters,2
stringy,2
monte,2
ceaser,2
bakewell,2
croquette,2
pivnice,2
rogue,2
mild,2
cues,2
modify,2
answers,2
ahead,2
minso,2
brunswick,2
gourmand,2
albo,2
phrase,2
lacks,2
chops,2
sneak,2
tries,2
anytime,2
chicks,2
finer,2
ya,2
vomit,2
nectar,2
washrooms,2
dire,2
horse,2
blossom,2
croque,2
alongside,2
sentences,2
poulet,2
flaming,2
position,2
clear,2
tubes,2
boozy,2
janneau,2
booze,2
northern,2
workouts,2
gloves,2
attenant,2
league,2
shortcake,2
maintenance,2
territory,2
crack,2
anthony,2
grills,2
pace,2
pack,2
tellement,2
brussels,2
morsel,2
elves,2
cocoa,2
yolk,2
caliber,2
describing,2
rue,2
raspberry,2
faith,2
shiny,2
dude,2
nonsense,2
tableside,2
acidity,2
brunching,2
aprons,2
manhattan,2
draw,2
drag,2
heats,2
aria,2
suits,2
facebook,2
positions,2
jump,2
valet,2
pristine,2
haunts,2
buckwheat,2
danger,2
becomes,2
drops,2
kenny,2
speciality,2
waaaay,2
wonderful,2
friendlier,2
olympico,2
splurging,2
outer,2
filets,2
yogourt,2
lukewarm,2
stews,2
timey,2
membership,2
ciders,2
gros,2
playlist,2
privacy,2
touristy,2
fuzzy,2
ben,2
providing,2
border,2
montrealer,2
flourless,2
camper,2
mimosa,2
gallery,2
indoor,2
brighter,2
dodgy,2
messiness,2
contain,2
glendale,2
shhhhhh,2
humans,2
computer,2
buckets,2
herrliches,2
presentations,2
senses,2
allergies,2
http,2
effect,2
reflection,2
mistakes,2
lecker,2
riverside,2
warrant,2
munich,2
dudes,2
lager,2
irgendwie,2
drizzle,2
kettle,2
hinder,2
puposas,2
tenderloin,2
scharfe,2
couldnt,2
hk,2
hh,2
businesspeople,2
cherchez,2
utensils,2
beats,2
penne,2
hazelnuts,2
extras,2
mackerel,2
fronts,2
voil,2
voir,2
convenience,2
carnivore,2
cesar,2
chtern,2
cochinita,2
mes,2
cardboard,2
fajitas,2
tatin,2
arms,2
warn,2
shepherds,2
exceptions,2
root,2
shirt,2
afin,2
soaking,2
chatty,2
revolting,2
turning,2
cutest,2
shusi,2
ish,2
signature,2
floors,2
downside,2
deserving,2
stomping,2
memorabilia,2
competitors,2
scotch,2
armagnac,2
polenta,2
wearing,2
basserie,2
julien,2
tolerance,2
gutenbergplatz,2
olimpico,2
picking,2
gathering,2
height,2
hygiene,2
puts,2
basmati,2
replicate,2
tank,2
mouse,2
maki,2
bells,2
failing,2
sentence,2
identify,2
legion,2
opt,2
bailey,2
dreamy,2
brewpubs,2
clementine,2
platters,2
microwave,2
burn,2
tastier,2
creation,2
avions,2
tempeh,2
shit,2
warehouse,2
fell,2
happening,2
ipas,2
markt,2
ride,2
tends,2
wore,2
staples,2
dig,2
cambodian,2
verge,2
france,2
watthalden,2
armchairs,2
villeray,2
nearest,2
map,2
may,2
mal,2
gelegen,2
fondant,2
marshmallows,2
donnaient,2
kabuto,2
texas,2
omakase,2
careless,2
dutch,2
afghani,2
advance,2
carnival,2
standby,2
suisse,2
funky,2
frequent,2
americano,2
modernism,2
moscow,2
boba,2
victorian,2
venture,2
nste,2
wknd,2
answering,2
hotspot,2
roster,2
expectaions,2
shoe,2
dice,2
boundaries,2
coupons,2
tuck,2
sketchy,2
bisher,2
anyplace,2
marg,2
judging,2
coco,2
everyday,2
tout,2
climbing,2
roommate,2
rieur,2
griddle,2
dipper,2
serez,2
passionate,2
octane,2
gross,2
knife,2
stations,2
imadake,2
deer,2
fellow,2
rapide,2
lifetime,2
film,2
jenga,2
chris,2
forbidden,2
gp,2
enjoying,2
premium,2
puffy,2
richtig,2
einmal,2
abwechslungsreiche,2
zero,2
perception,2
outgoing,2
bakeries,2
storefront,2
splash,2
sondern,2
particular,2
lemony,2
cappuccinos,2
cluster,2
dep,2
recall,2
def,2
experiance,2
sirez,2
stir,2
suppose,2
par,2
coming,2
eatz,2
radar,2
remade,2
arteries,2
thrilling,2
sodium,2
hosomakis,2
complain,2
repeating,2
biscuits,2
exquisite,2
engaging,2
funding,2
disposition,2
instances,2
koi,2
indulgent,2
mama,2
slathering,2
ages,2
built,2
dancing,2
build,2
zucchini,2
giggling,2
impasto,2
giant,2
ruin,2
mein,2
luke,2
cheaper,2
dante,2
remove,2
champagne,2
complement,2
gypsy,2
raise,2
creativity,2
peppery,2
dropping,2
attire,2
gay,2
adresse,2
convert,2
chatter,2
omelettes,2
recht,2
butcher,2
torta,2
celebratory,2
finesse,2
distracting,2
shape,2
delane,2
source,2
mod,2
mins,2
matters,2
biz,2
knock,2
babaganoush,2
magnificent,2
examples,2
saag,2
piles,2
oatmeal,2
offshoot,2
schwierigkeiten,2
leute,2
servieren,2
fives,2
forward,2
stunning,2
jumbo,2
curb,2
jalapenos,2
fructose,2
overlooking,2
cooker,2
groceries,2
aranicini,2
sherbrooke,2
layouts,2
exchange,2
objects,2
imperfections,2
aromas,2
weekday,2
limp,2
oval,2
duper,2
train,2
carrot,2
fringe,2
stories,2
holds,2
forest,2
buildings,2
flair,2
poppins,2
airbnb,2
oriental,2
midi,2
franks,2
pots,2
solymar,2
hostesses,2
doughy,2
rotating,2
thicker,2
knowledge,2
photographs,2
stripes,2
bear,2
icecream,2
legit,2
upbeat,2
arrangements,2
partner,2
freshest,2
recommending,2
gleich,2
articles,2
slide,2
custard,2
chatting,2
bud,2
glory,2
benehmen,2
supreme,2
pit,2
campus,2
opinon,2
respects,2
yell,2
martinis,2
whatsoever,2
fireplace,2
crudites,2
sammie,2
surrounding,2
westcoast,2
hide,2
minty,2
hundreds,2
ventures,2
prints,2
straw,2
patience,2
swings,2
muss,2
abundance,2
stadt,2
ms,2
kebabs,2
eyeballs,2
mouths,2
plumbing,2
imo,2
choix,2
filter,2
attractions,2
tom,2
murder,2
brilliant,2
perspective,2
bridge,2
elegance,2
mannerisms,2
coin,2
flow,2
ach,2
random,2
radio,2
mixture,2
licking,2
ruins,2
resist,2
muy,2
mug,2
finger,2
jose,2
boss,2
faces,2
gamey,2
towels,2
curries,2
stopping,2
schnellb,2
chilis,2
inventory,2
chilie,2
papaya,2
fridays,2
positives,2
mentioning,2
jean,2
jaunt,2
focaccia,2
aubergine,2
bands,2
atmospheres,2
accoutrements,2
escape,2
ick,2
bisschen,2
ahh,2
bath,2
carafe,2
sunlight,2
barista,2
specialities,2
football,2
younger,2
trouverez,2
henderson,2
sloppy,2
wallets,2
yalp,2
hawaii,2
slower,2
voucher,2
substitute,2
goes,2
shwarma,2
pakora,2
aoili,2
cases,2
downfall,2
representations,2
renovation,2
bouffe,2
persian,2
factors,2
patios,2
oasis,2
flare,2
origin,2
earthy,2
convention,2
folgte,2
hui,2
outcome,2
conversion,2
surf,2
multiple,2
visitors,2
cheat,2
written,2
osso,2
homefries,2
bertos,2
aluminum,2
bison,2
bought,2
unappealing,2
como,2
berry,2
pole,2
bizarre,2
yeasty,2
rhum,2
andres,2
tiger,2
drives,2
ranch,2
relief,2
kill,2
rose,2
fridge,2
denny,2
lentils,2
caribbean,2
oc,2
ob,2
ou,2
weeknight,2
mandalay,2
cultures,2
regard,2
jus,2
diarrhea,2
pillows,2
cove,2
brass,2
follow,2
decisions,2
ignorant,2
liter,2
ticket,2
treating,2
sum,2
crush,2
allows,2
busboy,2
garnish,2
flaw,2
berto,2
division,2
simplicity,2
shortcomings,2
shady,2
shore,2
needless,2
wisconsin,2
threat,2
feet,2
fees,2
punters,2
instruction,2
stalk,2
somnelier,2
remodel,2
emulsion,2
vodkas,2
whistle,2
dose,2
activity,2
dump,2
bare,2
arm,2
empanada,2
nutella,2
solo,2
sold,2
hesitant,2
cheapest,2
duo,2
overlook,2
pb,2
fillets,2
demand,2
marche,2
antithesis,2
andouille,2
robust,2
hotdog,2
cuisines,2
gems,2
vendor,2
fremont,2
moody,2
ignore,2
stingy,2
prob,2
anna,2
weil,2
mignonette,2
summertime,2
declarations,2
worthwhile,2
tarka,2
sweetbreads,2
allowing,2
posters,2
cuppa,2
gins,2
marinade,2
ummm,2
capital,2
tiradito,2
ingwer,2
pushing,2
porch,2
gyros,2
taj,2
devez,2
worlds,2
feast,2
bills,2
category,2
puertorican,2
polentay,2
utensil,2
firehouse,2
ungew,2
umbrellas,2
dynamite,2
encore,2
afraid,2
scone,2
fiel,2
brenda,2
feat,2
cube,2
skimp,2
artsy,2
closes,2
grain,2
naples,2
sufficient,2
crappy,2
painter,2
hovering,2
cross,2
getr,2
succulent,2
antipasto,2
antipasti,2
usage,2
demeanor,2
meatloaf,2
floss,2
patatas,2
sweat,2
temp,2
venetian,2
boot,2
toasts,2
kalbi,2
advices,1
accueille,1
woods,1
centimeter,1
originality,1
ocasions,1
eggrolls,1
fattiness,1
hdtv,1
tantalizing,1
foul,1
wholemeal,1
ooos,1
greaaaat,1
oooh,1
fritter,1
souriant,1
chimichuri,1
corvette,1
miller,1
sterile,1
theory,1
thunder,1
hostile,1
specialist,1
hero,1
chino,1
robata,1
elaborate,1
spotty,1
pairings,1
divide,1
pallet,1
unis,1
unit,1
slivers,1
pancetta,1
accommodation,1
relax,1
brings,1
hurt,1
intake,1
hachoir,1
accomplishment,1
temperatures,1
sweeter,1
avaient,1
triple,1
pints,1
household,1
chasm,1
mcmuffin,1
parralel,1
machine,1
gouge,1
gaming,1
tomasos,1
wins,1
attracts,1
lasalle,1
tulip,1
keeps,1
wind,1
restriction,1
lampshades,1
activating,1
fig,1
accueilleront,1
schools,1
parkplatzlage,1
represents,1
ruth,1
renditions,1
pleasantries,1
spotless,1
woes,1
series,1
turnip,1
bookshop,1
plateware,1
escargots,1
hangouts,1
frenchie,1
foundation,1
succession,1
saisons,1
speedo,1
birdie,1
shelves,1
takeout,1
musicians,1
eatting,1
loudness,1
spinning,1
kfc,1
engagement,1
blossoms,1
critter,1
danish,1
cushions,1
snooty,1
finalement,1
endure,1
thar,1
cactus,1
escalator,1
causing,1
amusing,1
hum,1
hook,1
menudo,1
transactions,1
victoria,1
organization,1
singer,1
grove,1
drunks,1
meetings,1
pris,1
caper,1
herbivore,1
maisonneuve,1
champaign,1
pocket,1
cushion,1
chutney,1
sauv,1
piggy,1
shadyside,1
bleu,1
traverse,1
disaster,1
branding,1
pinor,1
venezuelian,1
claws,1
carbon,1
pity,1
accident,1
pits,1
adventures,1
genug,1
demandez,1
lookin,1
argue,1
matty,1
diff,1
ocassions,1
fri,1
muck,1
worker,1
erst,1
gritty,1
albiet,1
kohl,1
weirdness,1
letdown,1
anticipating,1
hong,1
portobello,1
format,1
babies,1
european,1
workforce,1
qdoba,1
refil,1
tune,1
acoustics,1
carnitas,1
reste,1
jerkey,1
absurdities,1
idiaz,1
disguise,1
rushing,1
snout,1
awhile,1
desire,1
maxburger,1
alice,1
remind,1
festivities,1
vats,1
czech,1
banchan,1
attendees,1
creative,1
witty,1
circ,1
indication,1
substitutes,1
sshe,1
boiling,1
meddle,1
anbieten,1
honeymoon,1
sol,1
furnishing,1
sow,1
essentiellement,1
koud,1
avait,1
support,1
happt,1
greggs,1
diggity,1
forming,1
glunk,1
verde,1
normalen,1
shisha,1
verdi,1
disgrace,1
triangles,1
posting,1
cambodia,1
pomodoro,1
role,1
palms,1
francophones,1
daughters,1
push,1
bfast,1
whoever,1
crocodile,1
skate,1
jarring,1
macht,1
fritte,1
treffpunkt,1
mahi,1
doggy,1
tear,1
loads,1
bizcocho,1
insignificant,1
boca,1
adulation,1
shirts,1
geniesse,1
waitservice,1
falling,1
grandparents,1
contemplate,1
address,1
vancouverite,1
abends,1
fledge,1
dusty,1
studies,1
nowhere,1
cacophony,1
vigour,1
afford,1
oregon,1
sparerib,1
juste,1
tostitos,1
descriptor,1
mirrors,1
locks,1
stole,1
katsu,1
savoy,1
elephant,1
vinigar,1
atas,1
filthy,1
stress,1
delmonicos,1
ss,1
sp,1
sa,1
sf,1
drunken,1
devonshire,1
nobu,1
kono,1
differences,1
experiments,1
drunker,1
twitching,1
creations,1
suspicion,1
avis,1
nontheless,1
records,1
raviolis,1
maintaining,1
roasty,1
roasts,1
wole,1
bowling,1
receipt,1
entering,1
linguini,1
internet,1
linguine,1
bordering,1
hairdresser,1
mime,1
dunno,1
retrieving,1
punk,1
puns,1
gordol,1
potter,1
tamari,1
barbacoa,1
constants,1
swoosh,1
floppy,1
flatscreen,1
iceberg,1
breadstick,1
yelping,1
counters,1
folle,1
crumblies,1
argument,1
alley,1
taster,1
saq,1
butters,1
zoo,1
havarti,1
discerning,1
pager,1
sala,1
sodas,1
yucatan,1
laws,1
lotus,1
jtm,1
vette,1
blinds,1
porchetta,1
outlet,1
boiler,1
originals,1
tiki,1
roger,1
landlord,1
worries,1
uncover,1
attiude,1
vision,1
likelier,1
mecca,1
harvey,1
sites,1
oyshi,1
moons,1
teens,1
farts,1
aufsuchen,1
umber,1
mans,1
geschmacksache,1
expression,1
twin,1
anti,1
breath,1
diatribe,1
restauranst,1
photos,1
queasy,1
variances,1
spoonfuls,1
ive,1
midwood,1
twists,1
ambient,1
sazerac,1
nuptials,1
hideaway,1
deft,1
cheery,1
awesomeness,1
escorts,1
2minutes,1
pacing,1
dimension,1
deceiving,1
reviendrons,1
instrument,1
dicks,1
around,1
fallowing,1
loos,1
clan,1
2miles,1
laisser,1
magma,1
potion,1
diving,1
tava,1
tots,1
tubs,1
contingent,1
aimerez,1
origins,1
oblig,1
industry,1
slighty,1
lent,1
homeless,1
aguas,1
glean,1
bookcases,1
commandiez,1
recommends,1
buying,1
october,1
rage,1
hooray,1
tripe,1
ac,1
ad,1
ah,1
tshirt,1
walks,1
yoga,1
hippyish,1
delishus,1
yummmo,1
friggin,1
estrie,1
isint,1
terre,1
a5,1
blazin,1
slang,1
tricky,1
mimis,1
goyemon,1
reussis,1
necissity,1
debris,1
alaskan,1
sympa,1
baddest,1
nori,1
te,1
ta,1
roadway,1
zapping,1
retourner,1
cable,1
mmmmmmmmmmmmmmmmmm,1
large,1
facsimile,1
laut,1
quicker,1
fleur,1
traditionals,1
hass,1
allergens,1
via,1
vip,1
pulls,1
mistress,1
sexiness,1
occassion,1
alcove,1
chucks,1
testen,1
lotsa,1
science,1
fiving,1
dazzle,1
burgr,1
boooo,1
neras,1
ethics,1
snotty,1
register,1
rowdy,1
daves,1
deafening,1
resorts,1
gesture,1
brig,1
saucy,1
katsuobushi,1
michoacan,1
hotdogs,1
everytime,1
assemblies,1
yellows,1
isle,1
schmick,1
shocking,1
status,1
bouquets,1
doses,1
silky,1
conceptualizing,1
research,1
bubbe,1
atms,1
pitfalls,1
conditioning,1
acorn,1
rises,1
bellinis,1
zufrieden,1
clump,1
guam,1
contender,1
crabhut,1
heads,1
jew,1
omnipresent,1
contre,1
tomatoe,1
stairs,1
refilling,1
marriage,1
hyde,1
remembers,1
bavarian,1
champignon,1
odors,1
bourbonade,1
self,1
brossard,1
kouign,1
chemesc,1
shortbread,1
hexenbock,1
brooklyn,1
experince,1
clamatto,1
yardhouse,1
exp,1
reheat,1
chowder,1
midwestern,1
desolate,1
entity,1
coins,1
worldler,1
indicator,1
condos,1
writer,1
gooey,1
sacrilege,1
sleeve,1
paddling,1
quattrons,1
scammy,1
cro,1
body,1
anniversaries,1
ses,1
iteration,1
frontrunner,1
knees,1
parrilhada,1
guinea,1
nope,1
latkes,1
turnoever,1
thon,1
pdc,1
messiah,1
load,1
rosa,1
picazzos,1
acceptance,1
satire,1
suburbs,1
extravagant,1
kitsun,1
yadda,1
squirrel,1
pirogies,1
towne,1
towns,1
usserst,1
packers,1
sweetbread,1
budget,1
error,1
dicaire,1
zeppoles,1
backing,1
averaging,1
caramelize,1
vos,1
housemate,1
delectables,1
seek,1
handroll,1
begendi,1
upbringing,1
euro,1
hinterher,1
admission,1
liqueur,1
accueillent,1
rigatoni,1
shitty,1
hitters,1
contraptions,1
genaro,1
sorting,1
allllllll,1
consensus,1
ramequin,1
spins,1
methods,1
goddamn,1
pals,1
speisekarte,1
dyckman,1
ursula,1
atmostphere,1
twinkle,1
dating,1
oweners,1
slopping,1
odor,1
agreement,1
bj,1
dissonance,1
bp,1
respite,1
br,1
reizt,1
chola,1
pietra,1
helpfulness,1
colorado,1
garbage,1
nschte,1
appropriate,1
contributor,1
arcade,1
occupy,1
addicting,1
suit,1
spat,1
jacks,1
inches,1
humus,1
link,1
aragula,1
meilleur,1
masago,1
chatime,1
uk,1
mouthwatering,1
insignia,1
chai,1
pepperonis,1
chap,1
taro,1
sunken,1
beginnings,1
bussing,1
dos,1
furthest,1
wafer,1
melty,1
broaden,1
softer,1
gossip,1
meinten,1
young,1
uniqueness,1
dislike,1
resources,1
continues,1
brininess,1
decorating,1
forks,1
tri,1
magic,1
stodgy,1
harbor,1
experiencing,1
tunisian,1
pappadeaux,1
tchoupitoulas,1
asap,1
celings,1
mouthgasm,1
delivering,1
licence,1
douchey,1
fifteen,1
casing,1
mussel,1
maker,1
steamers,1
kushiyaki,1
tools,1
confidence,1
causewayside,1
lube,1
lock,1
doubling,1
baba,1
casserole,1
devant,1
bajillion,1
publications,1
saba,1
thig,1
weaker,1
pawn,1
slim,1
loco,1
flours,1
weaken,1
rhubarb,1
destroying,1
pair,1
mumbles,1
palates,1
dominos,1
preferring,1
houston,1
broiling,1
relish,1
degrees,1
puerto,1
therefor,1
empanadas,1
knick,1
trouve,1
dock,1
snake,1
platzangebot,1
comedy,1
frittata,1
meininger,1
espressos,1
disco,1
wander,1
witness,1
borderline,1
silverton,1
boutique,1
oblong,1
bourgogne,1
temps,1
graze,1
machismo,1
latest,1
embarrass,1
ramekin,1
davio,1
compote,1
serenity,1
chills,1
scare,1
fait,1
soothing,1
stark,1
schnitzel,1
depressing,1
burlesque,1
coinage,1
justeat,1
extraordinarily,1
sourcing,1
kasbah,1
viewforth,1
defending,1
plogue,1
worldwide,1
manor,1
tousignant,1
courtesy,1
socializing,1
focicca,1
placement,1
stronger,1
painting,1
stehen,1
highballs,1
assholes,1
briny,1
yolks,1
podcast,1
motiviert,1
entities,1
tude,1
insight,1
prohibition,1
listener,1
molasses,1
abby,1
lala,1
rappel,1
ohio,1
guessing,1
frame,1
shreds,1
crayons,1
platanos,1
wird,1
insulting,1
faceless,1
barbershop,1
belinda,1
tlc,1
doorway,1
mutabbal,1
cc,1
cb,1
skylights,1
cd,1
rapidement,1
oregano,1
pluspart,1
gastropubs,1
libations,1
clumpy,1
guilin,1
rochelle,1
hottest,1
capriotti,1
miyako,1
manchurian,1
neighbour,1
toasting,1
spain,1
beaujolais,1
laser,1
himalayas,1
stuffing,1
chaleureuse,1
vu,1
bourboni,1
situ,1
cerna,1
tattoo,1
concealing,1
romance,1
ikes,1
bala,1
phd,1
infinite,1
command,1
oft,1
phad,1
newest,1
citrusy,1
roomy,1
cumbers,1
nvr,1
tick,1
daylight,1
almonds,1
ronin,1
transport,1
woohoo,1
friyay,1
digestif,1
pressure,1
pillowy,1
asks,1
slovakia,1
venezuelan,1
funnel,1
count,1
marquis,1
rancillio,1
excitement,1
convince,1
bearing,1
compete,1
maudite,1
iove,1
repeat,1
outlets,1
capers,1
vein,1
inspiration,1
niveau,1
struffoli,1
patisserie,1
rule,1
chedder,1
elaine,1
petsmart,1
oldest,1
relationships,1
stinky,1
blanket,1
entsprechende,1
tickets,1
daydream,1
casinos,1
poppy,1
nondescript,1
fogo,1
phones,1
tawak,1
bruntsfield,1
hors,1
machines,1
decadence,1
stardom,1
eaterie,1
bi,1
notions,1
richest,1
bookcase,1
pursuit,1
hairdo,1
syrah,1
envoy,1
browsing,1
benadict,1
diameter,1
yemisir,1
bro,1
kinks,1
total,1
rancho,1
bicky,1
cana,1
sauvignon,1
ammount,1
aware,1
escapist,1
criticizing,1
judys,1
cans,1
indie,1
indicates,1
aaah,1
moron,1
anderen,1
lam,1
jalea,1
lag,1
spago,1
tackle,1
law,1
austere,1
greed,1
salon,1
office,1
dirtiest,1
zen,1
innovative,1
bubbles,1
remplissent,1
higgeldy,1
harmony,1
carafes,1
jesus,1
crock,1
dingo,1
backgrounds,1
rocks,1
dingy,1
feeds,1
grandfather,1
cameras,1
diesem,1
medicine,1
chilaquiles,1
restourant,1
mvp,1
conversationalist,1
flawless,1
natto,1
drexyl,1
tangle,1
champi,1
mojo,1
neighboorhood,1
opting,1
happily,1
tagine,1
cereal,1
translating,1
hike,1
medley,1
accompany,1
strength,1
pilgrimage,1
padthai,1
bruch,1
germany,1
webcam,1
neighborhoods,1
quiches,1
grandpa,1
boyfriends,1
notion,1
sapparo,1
geyser,1
hrt,1
layman,1
adequate,1
dh,1
db,1
nasty,1
chanel,1
cannolis,1
beakfast,1
pupusa,1
depends,1
terrine,1
mangoes,1
erledigt,1
terimisu,1
accord,1
travellers,1
packages,1
cow,1
tage,1
ill,1
mariachi,1
kommen,1
brac,1
cog,1
exceeds,1
iberico,1
tony,1
buffett,1
warmth,1
droplets,1
catering,1
fest,1
extrablatt,1
pungent,1
yokato,1
abrupt,1
tissue,1
advertising,1
alittle,1
norwegian,1
redneck,1
soak,1
kaffir,1
drip,1
campy,1
mamma,1
gravity,1
quotes,1
liquour,1
farther,1
victim,1
alchemy,1
chingu,1
plasma,1
picasso,1
mille,1
flavoring,1
shucker,1
gandhi,1
sparse,1
shawarma,1
starvation,1
fluoride,1
antique,1
born,1
bore,1
confusing,1
humor,1
hodge,1
slushie,1
beating,1
participation,1
peek,1
posh,1
dolci,1
lucille,1
kabab,1
bahh,1
bahn,1
rallying,1
gingerbread,1
jacques,1
float,1
bound,1
slushy,1
ahahah,1
pilsner,1
wac,1
fight,1
quirks,1
quirky,1
fizz,1
diligence,1
becoming,1
true,1
reset,1
flecks,1
maximum,1
gemacht,1
thunderbird,1
mold,1
dying,1
holding,1
test,1
bundaberg,1
amusement,1
beds,1
daytime,1
recluse,1
grape,1
gigs,1
compensate,1
rhythm,1
breadth,1
soooo,1
revolution,1
brava,1
bravo,1
professionalism,1
cargo,1
appear,1
razzoo,1
sumatran,1
appeal,1
muslim,1
gorge,1
buck,1
rosemont,1
italiano,1
mocajete,1
spenders,1
flavory,1
envelope,1
unsere,1
clumps,1
slogan,1
cap,1
hardest,1
cabeza,1
croquettes,1
posing,1
chic,1
spreads,1
staircase,1
dive,1
yelps,1
grandson,1
benny,1
kurz,1
tahini,1
approx,1
neighbourhoods,1
kafka,1
playful,1
managers,1
rooftop,1
willow,1
artisan,1
lecter,1
nom,1
nod,1
noa,1
cheessy,1
emmener,1
lies,1
james,1
eh,1
laisse,1
ey,1
ex,1
pills,1
opener,1
showy,1
instate,1
punky,1
punks,1
advantages,1
waxy,1
british,1
devions,1
fluffyyyy,1
flying,1
toulouse,1
zak,1
striking,1
chocolatier,1
xx,1
rind,1
bollix,1
caught,1
yin,1
gamja,1
freebie,1
tattie,1
fo,1
larder,1
pomp,1
vermicelli,1
dinky,1
geht,1
delia,1
premier,1
slap,1
lowe,1
lumps,1
veteran,1
housemade,1
palazzo,1
chopsticks,1
banks,1
landing,1
failure,1
dream,1
implications,1
filing,1
speakeasy,1
maine,1
fifth,1
discounts,1
jolt,1
daal,1
legitimate,1
charities,1
cheeburger,1
staffed,1
leur,1
amanda,1
crepery,1
asleep,1
sport,1
palette,1
sapporo,1
stateside,1
yumm,1
armenian,1
playpark,1
hurts,1
impromptu,1
vrai,1
molson,1
apdc,1
schnell,1
pureed,1
jeans,1
promptness,1
rokerij,1
brats,1
jerks,1
exhaustion,1
odessa,1
amann,1
elvis,1
ruby,1
vespa,1
crumb,1
trick,1
cermitas,1
zenith,1
bias,1
eras,1
platefuls,1
succotash,1
medio,1
portaits,1
piri,1
foam,1
pasamontes,1
breezy,1
ccd,1
schoolers,1
greetings,1
hamachi,1
death,1
choclate,1
struck,1
momentum,1
ami,1
earnest,1
overlooks,1
snowfall,1
detract,1
amp,1
proponent,1
benefit,1
twelve,1
reggae,1
passions,1
dancefloor,1
atmoshere,1
cleanser,1
ethos,1
durchgeht,1
rumi,1
sixth,1
elodie,1
flourescents,1
choc,1
panna,1
journey,1
carribean,1
backup,1
nehmen,1
bitty,1
zuchinni,1
welches,1
lou,1
lox,1
flashlab,1
nellis,1
dominican,1
comics,1
tones,1
cornmeal,1
greyfriars,1
fusions,1
sales,1
moves,1
hygienists,1
fools,1
koobideh,1
coverage,1
tendencies,1
condensation,1
repas,1
redux,1
robert,1
exhibitions,1
blanche,1
mascarpone,1
grassmarket,1
monty,1
carpet,1
asada,1
referring,1
blanco,1
apport,1
khushi,1
verv,1
faudrait,1
sollte,1
deficient,1
bavette,1
ceasars,1
magdalena,1
fence,1
rectangular,1
darkness,1
creepy,1
arent,1
trainer,1
glitch,1
toys,1
metabolisms,1
selon,1
chestnut,1
yuck,1
pretense,1
dousing,1
commending,1
casanova,1
magenta,1
arabic,1
takoyaki,1
kabasa,1
gash,1
fu,1
fogie,1
acadian,1
fg,1
undergrads,1
overnight,1
meze,1
wreaking,1
held,1
steril,1
redfish,1
reluctance,1
macallan,1
fool,1
yh,1
yo,1
doughnuts,1
ye,1
ninja,1
trustworthiness,1
fairy,1
etouffee,1
predatory,1
squishy,1
brochette,1
meijer,1
bocata,1
offre,1
beurre,1
dirt,1
base,1
brightest,1
launch,1
servent,1
lavosh,1
beggars,1
businessmen,1
superbowl,1
probability,1
knocking,1
squirts,1
fuggin,1
norms,1
grew,1
passen,1
anticipate,1
crescent,1
evasion,1
lil,1
trance,1
scotland,1
lip,1
macs,1
promenade,1
roasties,1
gelataria,1
puddings,1
raving,1
ballyhoo,1
roadworks,1
zeifel,1
humid,1
celebrities,1
crayon,1
heavens,1
kaiseki,1
justice,1
flesh,1
flights,1
competing,1
molten,1
fluff,1
frickin,1
throwing,1
pizzookie,1
hibiscus,1
assistants,1
conditions,1
piss,1
jeden,1
cataloge,1
emilion,1
batters,1
deciding,1
manners,1
jure,1
phillys,1
doggery,1
circus,1
lives,1
heute,1
guide,1
sombre,1
stunde,1
wildflowers,1
mandoo,1
tandoori,1
belong,1
shag,1
pomegranate,1
soysauce,1
savvy,1
wedges,1
lobsters,1
powering,1
hiromaru,1
quarters,1
tasks,1
magpie,1
hotpot,1
guaranteed,1
pronouncing,1
soooooo,1
lection,1
paquime,1
march,1
achalandage,1
vests,1
signal,1
innapropriate,1
eel,1
sofa,1
roscoes,1
weiner,1
wingback,1
saturdays,1
yolo,1
zimmern,1
fresco,1
processing,1
rug,1
negatives,1
pitchers,1
scrawling,1
shine,1
megalomaniacs,1
wouldnt,1
punktabzug,1
pains,1
faits,1
dissatisfaction,1
slovak,1
consistancy,1
infuriating,1
placing,1
consultation,1
aftertaste,1
sick,1
paoli,1
hefeweizen,1
yakitori,1
helpings,1
nah,1
application,1
eerily,1
refrain,1
structure,1
wellbeing,1
orbit,1
foosball,1
neighbouring,1
pikilias,1
requires,1
gt,1
mores,1
gm,1
kanpai,1
suite,1
fond,1
barbary,1
stiff,1
michael,1
barbare,1
shish,1
shiso,1
booty,1
somali,1
za,1
boots,1
redone,1
tripolois,1
download,1
cell,1
costing,1
stockbridge,1
cela,1
decors,1
focuses,1
stance,1
papier,1
asiago,1
morsels,1
chang,1
wim,1
schweinhexen,1
wit,1
cloud,1
goujons,1
tangerine,1
visibility,1
brigens,1
glich,1
chianti,1
lapse,1
control,1
pappardelle,1
halloween,1
suds,1
boasting,1
arrangement,1
clair,1
abzug,1
fabulousness,1
rations,1
entres,1
congeler,1
mignardises,1
bakers,1
favourites,1
boils,1
costume,1
brittle,1
bresaola,1
pleine,1
psssssssssssssst,1
stout,1
handy,1
masters,1
mastery,1
mode,1
nye,1
unwind,1
matcha,1
brodie,1
marigolds,1
granddaughters,1
tuscon,1
thriving,1
umbrella,1
abuela,1
alchemiste,1
ect,1
princess,1
drowning,1
route,1
counterpart,1
keen,1
stainless,1
improving,1
drinker,1
fella,1
dishwashing,1
relations,1
attack,1
nastiest,1
beard,1
apologise,1
mariani,1
manifestation,1
photograph,1
beg,1
claim,1
cravings,1
cultura,1
behaviors,1
tabs,1
julian,1
espinacas,1
portrait,1
bastard,1
quartile,1
purchasing,1
makeover,1
sh,1
sewing,1
resplendent,1
hiphop,1
dubh,1
gyozas,1
consequences,1
landscaping,1
upset,1
scents,1
bordeaux,1
midwesterner,1
sourire,1
envy,1
tire,1
handcut,1
bases,1
francios,1
leber,1
sprouting,1
langouste,1
siphons,1
trouvez,1
endless,1
evident,1
shy,1
hardwood,1
huuuuuuge,1
sole,1
importance,1
foreshadow,1
efficiency,1
disconnect,1
career,1
spray,1
lofty,1
toro,1
suchen,1
bavettes,1
opposition,1
competent,1
pil,1
tiene,1
quit,1
yay,1
tort,1
yam,1
quibbles,1
kicks,1
smartphones,1
harder,1
harden,1
brainer,1
eruption,1
surface,1
smokiness,1
underground,1
fierce,1
destruction,1
poultry,1
biryanis,1
traffics,1
riff,1
draconian,1
accurate,1
dosa,1
aquariums,1
sources,1
geschafft,1
littttttle,1
umiges,1
homework,1
fats,1
fatt,1
upselling,1
loss,1
starry,1
page,1
hush,1
francisco,1
magnan,1
eyesore,1
grinding,1
nihon,1
sukiyaki,1
reviendrions,1
wends,1
medieval,1
goatee,1
rasch,1
offset,1
photoshoot,1
freedom,1
delicacies,1
recognizes,1
bombay,1
inner,1
schmeckt,1
crushing,1
napa,1
fountains,1
ho,1
eau,1
argentinean,1
chandler,1
critiques,1
carpaccio,1
balcony,1
macchiato,1
fledgling,1
talkin,1
cheesiest,1
remainders,1
traditionalist,1
refreshments,1
homestyle,1
grille,1
howie,1
persistent,1
steakem,1
bcp,1
bcs,1
rewievs,1
powdery,1
sichuan,1
straws,1
scenester,1
proviterlosl,1
swan,1
sweetest,1
teaspoon,1
sorry,1
baking,1
solution,1
farmhouse,1
force,1
across,1
sorbets,1
taverne,1
mee,1
niche,1
plexiglases,1
urbain,1
piercing,1
hooters,1
harass,1
exploring,1
mecha,1
hasbrown,1
overhear,1
army,1
cali,1
supporters,1
lungs,1
dogma,1
gelangweilt,1
qualm,1
kraut,1
rights,1
fresher,1
give,1
climax,1
foody,1
satt,1
quoi,1
faulty,1
recos,1
parsnips,1
untili,1
cadillac,1
coup,1
ove,1
risa,1
janis,1
uneingeschr,1
inhabitant,1
dishware,1
fellas,1
scoring,1
barfood,1
gents,1
overcome,1
bankroll,1
dejeuner,1
lucy,1
shiro,1
inserts,1
doux,1
tatty,1
navy,1
velvet,1
dime,1
ihop,1
fava,1
cutesy,1
whammy,1
backlit,1
favs,1
tabasco,1
starts,1
jamaica,1
grade,1
plugs,1
toothsome,1
villager,1
realization,1
cocomo,1
digs,1
helen,1
distance,1
upholstery,1
affront,1
boucan,1
mermaid,1
palace,1
quench,1
seed,1
tells,1
linger,1
koko,1
mario,1
regular,1
watercress,1
subtotal,1
pressait,1
punjabi,1
doe,1
pointy,1
dot,1
lyrics,1
nevada,1
crudit,1
divinity,1
celery,1
watermelon,1
earn,1
ban,1
bao,1
bam,1
effing,1
ears,1
reference,1
ces,1
sturgeon,1
allure,1
interruptions,1
kellar,1
subject,1
cheladas,1
peta,1
sorta,1
uppity,1
sorts,1
crede,1
fattoush,1
gaspacho,1
stylings,1
beetroot,1
hipsterdom,1
trigger,1
dilworth,1
topics,1
tolles,1
deeper,1
chun,1
freundlich,1
sunshine,1
sooooo,1
piste,1
fortement,1
chuy,1
tang,1
itinerary,1
pitas,1
ip,1
challah,1
amour,1
seattle,1
id,1
mako,1
belle,1
lindeman,1
bella,1
defies,1
unfortunate,1
hahaa,1
meets,1
garlic,1
vieux,1
auszutesten,1
kater,1
claims,1
etiquette,1
sporting,1
human,1
facts,1
yep,1
coho,1
wannaburger,1
nudge,1
affinity,1
cagibi,1
sukho,1
spiga,1
chimmie,1
dreams,1
unnecessary,1
etoufee,1
mazama,1
kazu,1
www,1
dean,1
kbbq,1
shapes,1
trace,1
carts,1
flounder,1
maitre,1
overcook,1
burg,1
entice,1
tartan,1
oreo,1
bricktop,1
magazine,1
zuh,1
thinner,1
whats,1
litmus,1
chimi,1
cones,1
annoyance,1
tennis,1
chevalier,1
pages,1
starve,1
fireworks,1
zeigt,1
surrender,1
preview,1
blueberry,1
whiskey,1
tucson,1
mmmmm,1
trotter,1
toss,1
foodiebear,1
tossing,1
elpasso,1
marinates,1
touche,1
tamale,1
dieu,1
chuchai,1
transfers,1
jacket,1
profits,1
overdue,1
befriend,1
peruse,1
cougars,1
mill,1
abundant,1
anticipation,1
fancier,1
technique,1
swoop,1
daryl,1
string,1
munchings,1
cleaners,1
limey,1
magnet,1
diy,1
attendre,1
talker,1
mmnm,1
cgm,1
filler,1
template,1
pine,1
sweaters,1
tibet,1
clerk,1
makeup,1
feng,1
elbow,1
frosting,1
canadian,1
institute,1
shift,1
extrem,1
backstep,1
teenage,1
oohhhh,1
franco,1
duds,1
labyrinth,1
downing,1
unexciting,1
quoting,1
arrive,1
scramblers,1
fuck,1
vnqalsa,1
craze,1
rays,1
pino,1
sundae,1
persuasion,1
drapery,1
mar,1
mad,1
hedonism,1
scrambling,1
permet,1
omen,1
q,1
enquiry,1
showstopper,1
cidre,1
shoes,1
shaky,1
chickpea,1
beaubien,1
tropicana,1
killer,1
chimichurri,1
fudge,1
peasant,1
nattering,1
canada,1
jackson,1
bday,1
miles,1
ymca,1
shepards,1
correct,1
tecate,1
porterhouse,1
earlier,1
monster,1
hefty,1
chiles,1
sonny,1
brooks,1
lay,1
americana,1
mastro,1
americans,1
auszugleichen,1
escort,1
wongs,1
butt,1
shitake,1
scraping,1
rioja,1
inexistante,1
dollop,1
yalla,1
lice,1
sull,1
encompassing,1
glassware,1
theatre,1
track,1
creatives,1
bowels,1
fills,1
theatresque,1
grassland,1
newer,1
cornet,1
flapjack,1
treasure,1
walgreens,1
awareness,1
employers,1
bitters,1
geo,1
steventology,1
lame,1
malaysian,1
undertone,1
finishing,1
lyft,1
crumbs,1
sear,1
marvin,1
kool,1
escabeche,1
unlv,1
tum,1
jk,1
singers,1
strands,1
trader,1
uninspiring,1
dwellers,1
footie,1
sportsbar,1
iceburg,1
arts,1
zabaglione,1
awfulness,1
aufgrund,1
borders,1
chalet,1
graveyard,1
spills,1
wake,1
bmw,1
quatre,1
praline,1
parmigiano,1
parmigiana,1
sincere,1
sleeping,1
macadamia,1
licieux,1
harsh,1
woodland,1
cabana,1
struggling,1
companion,1
running,1
saganaki,1
geishas,1
muzak,1
markup,1
spoonful,1
bicyclists,1
affair,1
gushin,1
adjustments,1
fisch,1
lightbulbs,1
cayenne,1
envitonment,1
luncheonette,1
moules,1
swooning,1
grit,1
mot,1
rocky,1
appies,1
audience,1
nosh,1
doll,1
matching,1
booming,1
besser,1
meinen,1
songstress,1
moderate,1
cramps,1
roar,1
violence,1
mixes,1
pockets,1
imitates,1
skillet,1
musscular,1
deadlines,1
balti,1
mornings,1
walkway,1
downstairs,1
gumbo,1
carpe,1
deterrent,1
genres,1
istanbul,1
personnel,1
goo,1
brandy,1
duire,1
20mins,1
roams,1
coulis,1
resembles,1
deluxe,1
surprendra,1
suns,1
allergy,1
thristy,1
zing,1
zinc,1
talks,1
expressions,1
porcini,1
daniel,1
award,1
bulgogi,1
sushis,1
mothers,1
benevolent,1
celebrity,1
puebla,1
donovan,1
gang,1
layover,1
ribbon,1
residue,1
diam,1
sakana,1
stool,1
trinken,1
kulinarisch,1
plush,1
movement,1
mule,1
operating,1
search,1
stupor,1
lasagne,1
milky,1
narrow,1
buses,1
transit,1
gristle,1
chalk,1
readily,1
shack,1
texting,1
puke,1
comparing,1
lassie,1
yinzerita,1
bulgarian,1
diamond,1
lemons,1
pinky,1
specializes,1
flautas,1
potatoe,1
rainstorm,1
rapport,1
ssen,1
whopper,1
charms,1
petite,1
sophistication,1
kaufen,1
orchard,1
remolacha,1
stains,1
lava,1
existence,1
insgesamt,1
latt,1
pests,1
late,1
hurting,1
uhm,1
detour,1
freundlicher,1
iranians,1
mystery,1
easily,1
huddle,1
crispness,1
suprise,1
micro,1
token,1
habits,1
fist,1
cioppino,1
sencha,1
pigeon,1
brewers,1
brewery,1
megaclub,1
circumstance,1
toscano,1
mmm,1
difficulty,1
rainforest,1
corkscrew,1
chocolatine,1
copper,1
donc,1
orieta,1
muscles,1
travail,1
para,1
drapes,1
envoie,1
drunkenness,1
percentage,1
polishing,1
outta,1
unafraid,1
meltdown,1
confirms,1
majority,1
chart,1
cupcakes,1
chard,1
sammies,1
reflections,1
ky,1
joining,1
thomas,1
baralo,1
cornado,1
unhappy,1
einige,1
fume,1
menchiladas,1
headmaster,1
breast,1
bedient,1
silk,1
resolve,1
garcia,1
doubles,1
vino,1
lion,1
burner,1
halves,1
sonst,1
misdemeanours,1
responses,1
gustatory,1
aloo,1
alot,1
chanterelles,1
baltimore,1
simply,1
kernels,1
ireland,1
laos,1
gal,1
soba,1
grainy,1
horseshoe,1
durlacher,1
mimosas,1
hofbrauhaus,1
sriracha,1
alize,1
ziehe,1
drawbacks,1
southpark,1
reign,1
windmill,1
husbands,1
realm,1
lasagnas,1
iffy,1
depanneurs,1
landmark,1
guano,1
circling,1
rundown,1
veganism,1
calibre,1
cue,1
snap,1
bridal,1
hates,1
bin,1
bil,1
bid,1
judgement,1
redeem,1
semolina,1
semi,1
disks,1
clunky,1
google,1
nicaragua,1
ontop,1
peu,1
proficient,1
pea,1
crispier,1
virtues,1
fee,1
crone,1
hippie,1
darauf,1
drama,1
gehalten,1
liege,1
manque,1
juicier,1
parmeggiano,1
conseil,1
potency,1
planet,1
curl,1
levity,1
dimmer,1
ensalada,1
cellar,1
enterprise,1
papa,1
diffferent,1
helpful,1
cater,1
depicting,1
admiring,1
foodtrucks,1
elseware,1
actuallybe,1
rinse,1
valves,1
unbefitting,1
query,1
westwood,1
unmurky,1
coeur,1
helps,1
cctv,1
lfte,1
athenian,1
romado,1
arrange,1
shock,1
havens,1
joey,1
frisee,1
zest,1
anthem,1
napkins,1
anther,1
spacing,1
baring,1
bachelor,1
sing,1
remark,1
talent,1
p2,1
honor,1
blizzard,1
votre,1
limo,1
festivals,1
cha,1
limpness,1
chu,1
oils,1
dripping,1
trail,1
arranging,1
harvest,1
alix,1
gruff,1
mouthfuls,1
proportions,1
syrupy,1
arnie,1
hangar,1
daring,1
varies,1
restautant,1
stock,1
sir,1
prefontaine,1
ladyboner,1
linen,1
addiction,1
eggplants,1
horno,1
embers,1
kiltlifter,1
flattering,1
butternut,1
lo,1
relativity,1
lh,1
labor,1
whites,1
dad,1
greater,1
pangs,1
dam,1
swordfish,1
ddukbokkgi,1
dak,1
blazing,1
psub,1
michaels,1
expliquer,1
junkie,1
rez,1
defend,1
seablue,1
rei,1
lecture,1
reg,1
yard,1
yumminess,1
conforting,1
finest,1
improvements,1
braces,1
observer,1
portraits,1
nut,1
goki,1
explanation,1
foamy,1
completes,1
pointers,1
ganache,1
sweden,1
occassions,1
seinen,1
tidy,1
seville,1
rtchen,1
sidecar,1
min,1
meuni,1
parks,1
mis,1
fasion,1
procure,1
servce,1
eight,1
hasbrowns,1
disease,1
ajillo,1
absurd,1
absorbing,1
text,1
chevre,1
inspiring,1
coloring,1
chateauneuf,1
reputations,1
timing,1
dome,1
crabe,1
cachet,1
exists,1
puddle,1
interview,1
cheaters,1
grieche,1
difficulties,1
routine,1
progress,1
colombian,1
cauliflower,1
superior,1
tripas,1
habanero,1
carmella,1
janel,1
commenting,1
instant,1
agree,1
kosher,1
attributes,1
swallow,1
highland,1
vent,1
relevant,1
mafia,1
pouring,1
copies,1
permanent,1
birtos,1
annonce,1
bulk,1
bull,1
portabella,1
napoleon,1
volunteer,1
appearance,1
washings,1
promotes,1
hoagie,1
cereals,1
fiddy,1
inspector,1
whirl,1
absinthe,1
diets,1
choisissez,1
tumbler,1
hendricks,1
finite,1
ils,1
caters,1
homesickness,1
chcken,1
oops,1
comparisons,1
muscle,1
restuarant,1
executive,1
anchiote,1
raves,1
gmo,1
questionhere,1
citizen,1
c11,1
incarnations,1
carpachio,1
dennoch,1
heel,1
fettuccine,1
slooooow,1
convey,1
spanakopita,1
shelter,1
assuming,1
seien,1
stellar,1
simpler,1
beaker,1
boards,1
gizzards,1
gravlax,1
knuckles,1
sneeze,1
samoosas,1
bus,1
aperetifs,1
preparations,1
reminds,1
bug,1
seit,1
condiment,1
cosiness,1
rabbits,1
pin,1
descript,1
svc,1
periods,1
cashew,1
oak,1
sewer,1
negronis,1
granita,1
dresses,1
adam,1
lactose,1
pierogies,1
hats,1
pide,1
sleek,1
feeding,1
rise,1
hervorragend,1
fishbowl,1
flashy,1
cloudiness,1
shining,1
beaten,1
liberty,1
cotes,1
philippe,1
socialize,1
bloomer,1
brule,1
hospital,1
nora,1
distributing,1
bayou,1
noting,1
assez,1
assessment,1
breathe,1
mush,1
sammich,1
waitor,1
connecticut,1
mc,1
mb,1
mu,1
henry,1
appraisal,1
overheard,1
attract,1
santana,1
eng,1
enh,1
returning,1
constructeur,1
oleek,1
lump,1
deshalb,1
parallel,1
amie,1
complexity,1
vapor,1
reaks,1
interpretation,1
nouvelle,1
entrances,1
tramp,1
mettre,1
decibel,1
tourism,1
bibimbap,1
gluttony,1
alex,1
detroit,1
lasting,1
hanger,1
diane,1
decedent,1
celebrating,1
combining,1
lait,1
3months,1
vegemite,1
creole,1
bald,1
serveur,1
rail,1
nie,1
westside,1
korma,1
priorities,1
artistry,1
puck,1
hearing,1
wrapper,1
greeter,1
sober,1
calorie,1
smashburger,1
tow,1
confirming,1
americanos,1
touff,1
ponzu,1
abandoning,1
scenario,1
roles,1
aztec,1
flame,1
ran,1
rah,1
rat,1
arepitas,1
rap,1
ray,1
nipples,1
stargazing,1
hatch,1
snob,1
rider,1
anthonys,1
parmigianno,1
peppercorn,1
glow,1
soupy,1
flor,1
rancid,1
lyle,1
sage,1
sagr,1
traditions,1
ocd,1
disgust,1
asians,1
shutting,1
thanks,1
disturbing,1
capacity,1
guillame,1
confusion,1
weak,1
adage,1
weat,1
wear,1
protect,1
sanitation,1
players,1
chandeliers,1
naks,1
sicily,1
conference,1
binge,1
cognac,1
nigth,1
cranberries,1
loft,1
wenig,1
experts,1
snobbery,1
bacci,1
complex,1
characters,1
schezuan,1
heverlee,1
savings,1
toque,1
laptop,1
scattering,1
flavorings,1
valvona,1
unter,1
breaks,1
roach,1
unten,1
hunt,1
julieta,1
lauwarm,1
mountaintop,1
serbian,1
hung,1
reams,1
overtone,1
petting,1
stereotype,1
edinburgher,1
sponge,1
meters,1
auch,1
icy,1
intolerant,1
grizzle,1
garnishes,1
charcuterrie,1
cork,1
mexcian,1
burbank,1
plut,1
tannin,1
cauldron,1
bats,1
virgin,1
fought,1
appts,1
metabolism,1
schauen,1
spam,1
porky,1
kitschy,1
adore,1
usher,1
shiney,1
candlelit,1
bristo,1
heater,1
silliest,1
ni,1
marys,1
nb,1
nc,1
tir,1
tin,1
papers,1
noda,1
scharf,1
radishes,1
alloko,1
quebon,1
neighbors,1
deliveries,1
llt,1
roy,1
laksa,1
oogling,1
fodo,1
passage,1
tournedos,1
federation,1
unfamiliar,1
chedar,1
clouds,1
porn,1
porc,1
distaste,1
groupe,1
fluke,1
entertain,1
witch,1
standout,1
sheriff,1
hhgg,1
guilty,1
stomachs,1
chateaubriand,1
ethiopian,1
employer,1
tequilas,1
ffffrrrrroooozzzeeeen,1
projector,1
criteria,1
prep,1
barkeep,1
altar,1
bouches,1
battu,1
streak,1
kyo,1
nursing,1
sandbar,1
snowcrabs,1
requirements,1
alway,1
speaks,1
begs,1
keepsake,1
granddaughter,1
quebecquios,1
gorges,1
liquid,1
nombreux,1
coraz,1
inform,1
glancing,1
chardonnays,1
refund,1
banquette,1
maps,1
whirlpool,1
qualifies,1
underneath,1
obscene,1
ppl,1
realise,1
wellness,1
sprinkle,1
inopportune,1
sangrias,1
phobic,1
burps,1
huli,1
attendez,1
motion,1
swine,1
childhood,1
frill,1
parasols,1
cubano,1
millions,1
necessarily,1
plastic,1
gives,1
hua,1
hub,1
shirley,1
copy,1
choux,1
r,1
sera,1
cards,1
ann,1
tarty,1
tarte,1
mates,1
resembling,1
ukrainian,1
clearer,1
sushiya,1
tendon,1
rosalie,1
shooter,1
uncle,1
luxor,1
slope,1
tron,1
mister,1
shimmer,1
crime,1
uncles,1
gruyere,1
closure,1
penguins,1
picnic,1
imposing,1
mannequins,1
apologies,1
tellies,1
exam,1
surfaces,1
mortgage,1
nooks,1
turbot,1
arrival,1
comp,1
sausalido,1
overcharge,1
coma,1
pens,1
saurkraut,1
mayybeee,1
duty,1
satisfaction,1
expresso,1
iterations,1
losses,1
howard,1
featuring,1
nigiris,1
bypass,1
attentive,1
mount,1
warten,1
cast,1
sometime,1
emeril,1
cusine,1
minds,1
downers,1
html,1
catfish,1
commande,1
reminder,1
tipsy,1
mozzas,1
refusal,1
driver,1
producers,1
persons,1
changing,1
renters,1
caliente,1
flakes,1
model,1
clog,1
techy,1
halfway,1
widest,1
ercol,1
laddies,1
lets,1
samples,1
sampler,1
aurez,1
bracelet,1
oxtail,1
tower,1
vangie,1
prendre,1
steamies,1
redeeming,1
kamel,1
nutty,1
knusprigkeit,1
nails,1
stereotypes,1
informing,1
amber,1
annoyances,1
vkind,1
amongst,1
cabinet,1
burro,1
gardunos,1
sleaze,1
bouillon,1
grasp,1
toilet,1
breakky,1
tostadas,1
rubber,1
iga,1
carnegie,1
applause,1
calls,1
nicolson,1
sicilian,1
duos,1
program,1
activities,1
prends,1
hemd,1
novel,1
papilio,1
lisa,1
tee,1
invention,1
hesitation,1
lawrence,1
overload,1
guns,1
multitude,1
combating,1
directions,1
outposts,1
crackling,1
hooootttt,1
semester,1
plonk,1
inquisition,1
definition,1
coating,1
flay,1
glam,1
glac,1
tapioca,1
wrestler,1
bruschettas,1
embarrassing,1
swung,1
court,1
goal,1
breaking,1
lobstahh,1
cannelloni,1
fessing,1
tesco,1
baggie,1
reflect,1
than10,1
ballads,1
departure,1
barbq,1
shade,1
barby,1
plaice,1
alotment,1
mission,1
avenue,1
stylo,1
fate,1
blenders,1
argentine,1
sucking,1
hunter,1
speechless,1
chopshop,1
milestone,1
mussten,1
juhl,1
letting,1
cinq,1
wildpark,1
loops,1
forni,1
linens,1
nepal,1
hill,1
paradise,1
calmari,1
blaring,1
enveloping,1
raspadas,1
appose,1
connotation,1
seeming,1
dink,1
geschichtet,1
construct,1
froms,1
traveler,1
blanc,1
passez,1
scallion,1
moat,1
baguettes,1
passersby,1
direkt,1
travels,1
dispenser,1
lease,1
kategorie,1
cleaner,1
uniforms,1
parc,1
sherry,1
hurling,1
pianist,1
eff,1
buff,1
warnings,1
customize,1
mentality,1
reach,1
langoustine,1
institutions,1
differentiate,1
stones,1
niggle,1
grandmas,1
font,1
grotesque,1
verrine,1
shepherd,1
yakisoba,1
frumpy,1
amici,1
fastest,1
compliments,1
banquet,1
jeanne,1
stroll,1
cartoons,1
baroque,1
wrote,1
resaturant,1
forego,1
barolo,1
defense,1
explosion,1
barn,1
distinctive,1
puisque,1
malhi,1
outfit,1
importers,1
accrocher,1
condo,1
liquors,1
caprese,1
became,1
baseball,1
finds,1
flies,1
flier,1
harbour,1
improper,1
crisps,1
ps,1
jugglers,1
strategy,1
pa,1
pf,1
javs,1
hulkify,1
po,1
panko,1
pm,1
siting,1
flight,1
sending,1
morimoto,1
boast,1
merguez,1
accomodate,1
bachelors,1
engineers,1
jy,1
styx,1
rim,1
rid,1
ethnicity,1
waterside,1
bacons,1
chicory,1
cutlets,1
restraint,1
painless,1
throwback,1
holidays,1
riesling,1
lower,1
chickens,1
anybody,1
analysis,1
edgy,1
cheer,1
abilities,1
handrolls,1
orientalist,1
margarine,1
tableabd,1
restauarant,1
moods,1
shabu,1
restroom,1
godiva,1
butterscotch,1
saucer,1
pros,1
innovation,1
cremenera,1
zombie,1
squeez,1
consolation,1
togetherness,1
shmear,1
witbier,1
pintade,1
madagascar,1
whims,1
besonders,1
mountains,1
perplexing,1
clots,1
proches,1
notfrozen,1
raising,1
tearoom,1
apricot,1
landscapes,1
stratosphere,1
crunchburger,1
rainy,1
neglecting,1
saffron,1
income,1
perusal,1
understatement,1
problems,1
wonton,1
happier,1
weights,1
karma,1
edm,1
steve,1
byows,1
adjustment,1
rag,1
bedrooms,1
moroccan,1
cksbuffet,1
banquise,1
posture,1
bistros,1
friendliness,1
locate,1
traveling,1
acid,1
showcase,1
tuesdays,1
degree,1
explore,1
gumps,1
separation,1
esque,1
pretentiousness,1
mindblowing,1
snobby,1
hue,1
buerre,1
lottery,1
icee,1
frog,1
examination,1
breadsticks,1
expanding,1
ramens,1
musician,1
sora,1
semifreddo,1
proof,1
tay,1
heaving,1
tan,1
summery,1
struggles,1
biryani,1
toddler,1
sin,1
bentos,1
tension,1
tastebuds,1
somethig,1
stakes,1
fizzy,1
whilst,1
cotts,1
nostalgia,1
nostalgic,1
tyler,1
richness,1
barbeque,1
flea,1
panang,1
ratatouille,1
edin,1
pleasures,1
macaroons,1
pistachios,1
additions,1
frontier,1
outings,1
tonkotsu,1
pours,1
uhmmmm,1
biting,1
inthailand,1
fum,1
unknown,1
drool,1
boil,1
shallow,1
regards,1
rarity,1
teenagers,1
skittles,1
oozing,1
trivia,1
centre,1
cracking,1
nancies,1
mishaps,1
dent,1
goals,1
imagining,1
fear,1
ha,1
enticing,1
rendre,1
candidates,1
piano,1
indignant,1
spun,1
bellies,1
partie,1
leviathan,1
ascertain,1
merite,1
acquires,1
vocation,1
closet,1
hiroshimayaki,1
genius,1
mexicans,1
rendition,1
linebacker,1
pants,1
ability,1
stucco,1
atleast,1
torments,1
makis,1
chiken,1
ox184,1
hindu,1
compos,1
nickel,1
bruscetta,1
ensuring,1
jalepeno,1
motif,1
thur,1
oumph,1
avo,1
ave,1
member,1
innenstadt,1
buddhism,1
inch,1
romeo,1
collar,1
fighting,1
rocket,1
camel,1
misoyaki,1
patrie,1
toilets,1
panther,1
smith,1
jars,1
northeastern,1
captivating,1
execute,1
facial,1
doughnut,1
pataterie,1
georges,1
downtowners,1
kunumoto,1
vortex,1
hosts,1
veritas,1
biaggio,1
elevators,1
employment,1
gables,1
promotion,1
mines,1
trout,1
paste,1
column,1
universe,1
conveyor,1
surge,1
carries,1
swear,1
perky,1
additives,1
em,1
aufmerksam,1
warrants,1
tag,1
pajamas,1
bechamel,1
tummys,1
appt,1
aoli,1
mozz,1
gazpacho,1
verantwortlich,1
bosnian,1
copoli,1
fundo,1
geblieben,1
gelatine,1
record,1
makhni,1
intimidating,1
coffeee,1
repute,1
clicks,1
goodlooking,1
plexiglas,1
june,1
sass,1
insipid,1
jewel,1
degustation,1
mosaics,1
