food,175
time,107
place,103
restaurant,101
pizza,91
service,70
meal,52
pasta,48
night,40
bread,38
experience,37
menu,33
dinner,33
dishes,32
day,29
quality,28
wine,27
times,27
staff,26
reviews,25
tasty,24
price,23
get,23
portion,23
oil,22
atmosphere,22
italian,22
things,21
thing,21
flavor,21
prices,21
visit,20
cheese,20
sauce,20
dish,20
part,20
das,20
try,19
restaurants,19
places,18
side,17
garden,17
options,16
year,15
nice,15
salad,15
kitchen,14
deal,14
noch,14
dining,14
portions,14
server,14
meals,14
crust,14
w,14
evening,14
york,14
coffee,13
und,13
people,13
lunch,13
ssen,13
shrimp,13
taste,13
tables,13
dessert,13
value,13
order,12
wait,12
family,12
location,12
go,12
selection,12
tomatoes,12
school,11
plate,11
years,11
course,11
fan,11
ingredients,11
f,11
party,11
eat,11
worth,10
mozzarella,10
glass,10
ist,10
pizzas,10
wieder,10
house,10
view,10
bar,9
way,9
die,9
drinks,9
spot,9
date,9
group,9
take,9
review,9
disappointment,9
amount,9
style,9
feel,9
option,9
rib,9
cuisine,9
chance,9
told,8
end,8
expectations,8
came,8
dente,8
right,8
specials,8
waiter,8
size,8
cocktails,8
help,8
always,8
look,8
servers,8
let,8
job,8
drink,8
piece,8
music,7
better,7
meat,7
took,7
stop,7
inside,7
trip,7
choice,7
appetizers,7
name,7
sounds,7
area,7
sandwich,7
patio,7
bit,7
char,7
spaghetti,7
espresso,7
vinegar,7
wines,7
mit,7
uns,7
pie,7
friends,7
nicht,6
items,6
room,6
amazing,6
hidden,6
went,6
got,6
whitefish,6
steak,6
yet,6
beef,6
make,6
butter,6
everything,6
happy,6
setting,6
minute,6
groups,6
montreal,6
love,6
man,6
main,6
bite,6
homemade,6
tastes,6
breakfast,6
glaze,6
comes,6
considering,6
bowl,6
aperetifs,6
der,6
idea,6
least,6
nothing,6
point,6
fun,6
waiters,6
sausage,6
pieces,6
holiday,6
know,6
made,6
cake,6
deli,5
kids,5
warm,5
nett,5
einer,5
nahe,5
modern,5
beer,5
plates,5
left,5
marinara,5
weekend,5
vegas,5
guy,5
bezeichnen,5
looking,5
star,5
good,5
week,5
lobster,5
start,5
herbs,5
hour,5
bistro,5
find,5
pretty,5
see,5
von,5
bis,5
cafe,5
sides,5
customer,5
instead,5
tomato,5
damit,5
gute,5
kick,5
nachts,5
street,4
work,4
days,4
appetizer,4
friend,4
plenty,4
noodles,4
bekannt,4
tiny,4
say,4
ceilings,4
crowd,4
christmas,4
ribs,4
mediocre,4
yummy,4
gut,4
sign,4
dem,4
french,4
change,4
creamy,4
chocolate,4
soup,4
maybe,4
serving,4
window,4
non,4
et,4
pepperoni,4
think,4
cheesy,4
ewig,4
bolognese,4
sure,4
seafood,4
gem,4
seat,4
pastas,4
mom,4
slice,4
aufnahm,4
romantik,4
poor,4
parmesan,4
paying,4
list,4
tes,4
found,4
bland,4
hote,4
experiences,4
burrata,4
please,4
whatever,4
crispy,4
reduction,4
empty,4
great,4
pricey,4
leave,4
bill,4
levels,4
lemon,4
entire,4
duck,4
use,4
bones,4
entree,4
eher,4
produce,4
mix,4
occasion,4
chicken,4
meatballs,4
keine,4
gets,4
variety,4
thought,4
home,4
mushrooms,4
chef,3
credit,3
slices,3
brought,3
meats,3
worst,3
purchase,3
schade,3
combination,3
potatoes,3
filling,3
spinach,3
somewhat,3
tastiness,3
seem,3
mouth,3
pointe,3
rich,3
foremost,3
never,3
chalkboards,3
offerings,3
board,3
life,3
families,3
upscale,3
hand,3
mother,3
yes,3
note,3
gave,3
margherita,3
ice,3
war,3
head,3
italien,3
hear,3
dense,3
longer,3
terrasse,3
concept,3
chain,3
cooks,3
standards,3
dip,3
pork,3
regret,3
favour,3
water,3
extra,3
charming,3
sunday,3
birthday,3
st,3
hot,3
half,3
kann,3
giada,3
space,3
pizzeria,3
marins,3
quite,3
card,3
care,3
selections,3
yum,3
season,3
wide,3
efficient,3
mains,3
cheap,3
wood,3
checks,3
come,3
chorizo,3
ravioli,3
platziert,3
check,3
teigig,3
occasions,3
seating,3
table,3
wheat,3
habe,3
ok,3
strip,3
valley,3
rush,3
ab,3
students,3
etwas,3
building,3
wife,3
platter,3
children,3
prosciutto,3
cookies,3
neighborhood,3
past,3
anniversary,3
version,3
scallops,3
lasagna,3
town,3
den,3
sense,3
needs,3
return,3
tiramisu,3
issue,3
guess,3
reason,3
fruit,3
knots,3
kind,3
veal,3
eater,3
salmon,3
starters,3
hit,3
combinations,3
sea,3
whole,3
bruschetta,3
decor,3
bonus,3
person,3
spend,3
cut,3
eager,3
back,3
nose,3
eating,3
anything,3
range,3
classics,3
tasting,3
fast,3
filet,3
favourite,3
berries,3
desserts,3
ingredient,3
singing,3
starter,3
high,3
fare,3
watch,3
light,3
orange,3
citrus,3
front,3
conversation,3
waitress,3
bei,3
boring,3
bring,3
handle,3
means,3
stuff,3
walk,3
addition,3
brunch,3
welcoming,3
phx,3
english,3
pepper,3
squeeze,3
venetian,3
mushroom,3
branch,3
gelato,3
dazu,2
every,2
haben,2
chew,2
bacon,2
ever,2
meh,2
buddy,2
glance,2
landscape,2
type,2
excellent,2
il,2
honey,2
want,2
answer,2
modest,2
las,2
lost,2
negroni,2
crunchy,2
saturday,2
nite,2
greasy,2
ate,2
listen,2
wisdom,2
nahm,2
tree,2
preparation,2
fashion,2
mine,2
manner,2
points,2
limonade,2
reserve,2
toast,2
orleans,2
cappuccino,2
greens,2
habit,2
fluffy,2
result,2
away,2
score,2
however,2
requests,2
refill,2
parsley,2
catch,2
near,2
mistake,2
cone,2
bottles,2
split,2
papaya,2
kept,2
wings,2
unique,2
post,2
dann,2
afternoon,2
son,2
call,2
offer,2
flavour,2
floor,2
smell,2
phoenix,2
together,2
manager,2
disgusting,2
veg,2
charge,2
tenaille,2
level,2
posts,2
round,2
port,2
gnocchi,2
bon,2
entrees,2
italians,2
flavors,2
going,2
memory,2
meatball,2
heard,2
watching,2
wickeld,2
pint,2
mac,2
tapas,2
provide,2
talk,2
cute,2
lackluster,2
carafe,2
en,2
girl,2
salads,2
linguini,2
city,2
eyes,2
sah,2
san,2
nicer,2
sad,2
mayer,2
rating,2
shot,2
german,2
calamari,2
osso,2
moons,2
screen,2
alle,2
dates,2
tigen,2
eatery,2
eaters,2
weeks,2
accommodating,2
favorites,2
machen,2
puree,2
summer,2
rest,2
restrooms,2
seems,2
world,2
serves,2
either,2
ltnis,2
divino,2
mean,2
stars,2
spicy,2
pull,2
potato,2
dirty,2
ragu,2
girlfriend,2
cream,2
karlsruhe,2
wifi,2
wett,2
enjoying,2
woman,2
worse,2
far,2
overdone,2
difference,2
contrast,2
pick,2
put,2
donuts,2
sondern,2
door,2
remain,2
male,2
cannelloni,2
lighting,2
thrilling,2
cannoli,2
instructions,2
faire,2
piping,2
heavy,2
everyone,2
friday,2
beginning,2
fancy,2
avez,2
jamie,2
park,2
translation,2
believe,2
blond,2
mountain,2
cosy,2
windows,2
sangria,2
fine,2
dante,2
set,2
art,2
tender,2
close,2
iron,2
c,2
simple,2
sweet,2
church,2
picazzos,2
brick,2
hostess,2
recht,2
shirt,2
suggestion,2
moment,2
picky,2
older,2
consistency,2
aroma,2
sandwiches,2
lacking,2
moody,2
stylish,2
forkful,2
per,2
eggs,2
weil,2
summertime,2
amounts,2
mayonnaise,2
tart,2
gp,2
scratch,2
lombardi,2
fischgerichte,2
folk,2
exchange,2
others,2
metro,2
opinion,2
makes,2
wie,2
talon,2
sort,2
praise,2
meet,2
something,2
sit,2
cutlery,2
serrano,2
favourites,2
martini,2
perfect,2
byo,2
ricotta,2
parties,2
ambiance,2
measure,2
werden,2
red,2
salami,2
recipes,2
hence,2
takeaway,2
class,2
request,2
ckt,2
impression,2
joint,2
ones,2
words,2
h,2
ce,2
arugula,2
respect,2
treat,2
bbq,2
neapolitan,2
perhaps,2
pho,2
antipasto,2
antipasti,2
less,2
rooms,2
realize,2
details,2
inviting,2
works,2
irgendwie,2
empire,2
est,2
truffle,2
getting,2
gorgonzola,2
toppings,2
vegetables,2
apps,2
north,2
gluten,2
penne,2
neighbourhood,2
kinds,2
yelp,2
yellow,1
sleek,1
appetite,1
oldest,1
fronts,1
proviterlosl,1
auf,1
pancetta,1
ale,1
blanket,1
rise,1
hdtv,1
fireplace,1
venue,1
heading,1
fritter,1
enjoy,1
force,1
elegant,1
cesar,1
puns,1
designing,1
zesty,1
dort,1
men,1
cardboard,1
dry,1
daughter,1
k,1
permit,1
sass,1
worksam,1
changes,1
fireworks,1
tatin,1
recommend,1
tell,1
mush,1
waitor,1
warn,1
hold,1
word,1
kraut,1
temperatures,1
im,1
vodka,1
foodie,1
estate,1
foods,1
aaah,1
complaining,1
nuts,1
fondant,1
scottsdale,1
tomasos,1
types,1
uneingeschr,1
greet,1
greek,1
feedback,1
murals,1
oven,1
geschmacksache,1
somewhere,1
highlights,1
fix,1
savory,1
band,1
queues,1
l,1
pleasantries,1
roast,1
lasting,1
turnip,1
gon,1
god,1
vibes,1
laid,1
daniel,1
cigar,1
ordering,1
choices,1
signature,1
loud,1
farmhouse,1
thick,1
top,1
tangy,1
john,1
snooty,1
serve,1
anniversaries,1
deserving,1
feeling,1
runner,1
genuine,1
convenient,1
gripe,1
coin,1
subtotal,1
rancid,1
entertaining,1
bomb,1
lyrics,1
hunger,1
fennel,1
radio,1
touches,1
overwhelming,1
weekends,1
theme,1
adequate,1
rice,1
wedding,1
report,1
dipping,1
twice,1
steam,1
ears,1
bleu,1
blew,1
fair,1
nur,1
best,1
said,1
wi,1
souvenir,1
wear,1
cor,1
hummus,1
une,1
uni,1
soap,1
speak,1
basis,1
trigger,1
monkey,1
containers,1
relaxing,1
sooooo,1
shattering,1
kudos,1
chill,1
save,1
cracker,1
n,1
aim,1
balance,1
cons,1
broth,1
weirdness,1
rtchen,1
mako,1
beside,1
drawback,1
plating,1
fuss,1
workforce,1
garlic,1
tuna,1
tune,1
kid,1
acoustics,1
tho,1
voulez,1
cannolis,1
thanks,1
rushing,1
ham,1
cherry,1
character,1
spread,1
focaccia,1
east,1
spiga,1
apart,1
valvona,1
melting,1
glitch,1
mountaintop,1
gelateria,1
somehow,1
platters,1
ick,1
humor,1
participation,1
corn,1
pose,1
super,1
rallying,1
months,1
aber,1
loin,1
waits,1
fight,1
stuck,1
happt,1
zeigt,1
heat,1
renovations,1
expresso,1
sometime,1
handmade,1
ne,1
tir,1
roll,1
intend,1
felt,1
polite,1
apology,1
phone,1
assume,1
mall,1
skip,1
cougars,1
mile,1
comments,1
fritte,1
technique,1
busboy,1
brown,1
vegan,1
bustle,1
artwork,1
bartender,1
eats,1
item,1
quick,1
says,1
appeal,1
grandparents,1
entertain,1
rubbery,1
boy,1
cacophony,1
casanova,1
italiano,1
market,1
hotels,1
projector,1
working,1
sports,1
club,1
share,1
oregon,1
downtown,1
beers,1
car,1
cat,1
foodies,1
making,1
yadda,1
caf,1
nearest,1
crazy,1
stream,1
mirrors,1
awesome,1
posing,1
till,1
nyc,1
map,1
product,1
cocktail,1
varieties,1
whenever,1
si,1
sh,1
tahini,1
kono,1
midnight,1
terrace,1
cold,1
thank,1
mais,1
forms,1
views,1
noa,1
raviolis,1
term,1
goat,1
quarter,1
brews,1
es,1
internet,1
linguine,1
bordering,1
charlotte,1
advance,1
training,1
flare,1
honest,1
carry,1
little,1
swoosh,1
speaking,1
pittsburgh,1
flowery,1
dudes,1
apples,1
fruits,1
pre,1
tarty,1
saw,1
sat,1
aside,1
terrific,1
interior,1
pain,1
cheesecake,1
complaints,1
cutlets,1
hungry,1
salsiccia,1
bright,1
gustatory,1
texture,1
black,1
pumpkin,1
uncles,1
gruyere,1
geo,1
nontheless,1
settings,1
morning,1
source,1
husband,1
parking,1
impressions,1
wonder,1
satisfying,1
mortgage,1
behind,1
chewy,1
teens,1
travels,1
notice,1
marvin,1
awards,1
diners,1
playpark,1
tub,1
region,1
quiet,1
tour,1
nearby,1
breakfasts,1
color,1
endless,1
iceburg,1
unassuming,1
olives,1
zabaglione,1
west,1
breath,1
wants,1
attentive,1
case,1
cash,1
candlelit,1
situation,1
shops,1
parmigiano,1
middle,1
eras,1
downers,1
gentlemen,1
finish,1
booths,1
closest,1
deft,1
mozzas,1
edges,1
tradition,1
caliente,1
relief,1
model,1
outdoor,1
tip,1
aspect,1
refills,1
hint,1
dicks,1
starving,1
aspects,1
around,1
spectacular,1
fallowing,1
stools,1
earnest,1
traffic,1
furniture,1
fortune,1
mussten,1
anti,1
tvs,1
sommes,1
divine,1
atmoshere,1
memories,1
moon,1
football,1
contingent,1
business,1
intimate,1
chefs,1
roar,1
industry,1
violence,1
favorite,1
pistachio,1
amongst,1
jus,1
omelet,1
walkway,1
chilies,1
spice,1
accents,1
direction,1
az,1
brandy,1
coverage,1
brands,1
mash,1
sicilian,1
lack,1
dollar,1
splitting,1
expressions,1
mascarpone,1
apartment,1
opportunities,1
dressing,1
smile,1
premium,1
surprise,1
abwechslungsreiche,1
accompanying,1
papilio,1
streets,1
burger,1
cheeses,1
section,1
outgoing,1
hours,1
directions,1
luck,1
transit,1
screens,1
vip,1
plonk,1
chunks,1
sexiness,1
flaws,1
splash,1
company,1
excuse,1
known,1
pretense,1
none,1
resources,1
bruschettas,1
history,1
compare,1
suggestions,1
states,1
comfort,1
thumbs,1
menus,1
quebecois,1
okay,1
charms,1
petite,1
soda,1
response,1
short,1
plateau,1
breads,1
egg,1
turnover,1
chicks,1
arrogant,1
reluctance,1
resort,1
macallan,1
pesto,1
might,1
foot,1
courses,1
turns,1
notes,1
upstairs,1
fish,1
hard,1
beyond,1
event,1
alcohol,1
health,1
megaclub,1
wisconsin,1
calzone,1
toscano,1
enveloping,1
cookie,1
brightest,1
ask,1
pur,1
owners,1
introduction,1
bellinis,1
threat,1
zufrieden,1
dine,1
contender,1
doughnuts,1
valentine,1
occurrence,1
story,1
gourmet,1
statement,1
verdun,1
passen,1
para,1
albeit,1
bag,1
gotten,1
tummy,1
stale,1
deciding,1
wasnt,1
well,1
juicy,1
orders,1
sell,1
dancing,1
trance,1
lit,1
caesar,1
lip,1
zucchini,1
towards,1
components,1
vinaigrette,1
sometimes,1
passersby,1
clean,1
notch,1
schoolers,1
baralo,1
ruin,1
luke,1
grocery,1
trees,1
resolve,1
recommendations,1
hype,1
breading,1
cozy,1
visiting,1
pictures,1
wow,1
fans,1
creme,1
champagne,1
premises,1
sold,1
genre,1
caprese,1
connection,1
eggplant,1
loaf,1
manners,1
scallop,1
dietary,1
vide,1
unsere,1
damn,1
napa,1
peppers,1
siting,1
fire,1
grills,1
straight,1
sesame,1
pace,1
match,1
zeppoles,1
drawbacks,1
rip,1
ready,1
restraint,1
painless,1
staycation,1
brussels,1
lasagnas,1
finesse,1
edgy,1
abilities,1
powering,1
distracting,1
questions,1
tableabd,1
horseradish,1
bin,1
customers,1
rigatoni,1
couple,1
game,1
bloody,1
onion,1
semi,1
innapropriate,1
examples,1
falafel,1
sauces,1
pet,1
bellagio,1
reach,1
plaza,1
oatmeal,1
charm,1
faits,1
muzak,1
sonny,1
infuriating,1
heritage,1
tableside,1
hopes,1
line,1
treats,1
mouthwatering,1
landscapes,1
chap,1
application,1
draw,1
clue,1
fresh,1
peanut,1
ambience,1
suite,1
include,1
barbary,1
button,1
tre,1
booze,1
deals,1
busier,1
rack,1
za,1
hyde,1
crouton,1
paintings,1
chicago,1
waiting,1
flowing,1
caper,1
yelpers,1
punch,1
busy,1
asiago,1
haunts,1
existent,1
residents,1
maker,1
fulfill,1
apple,1
app,1
sicily,1
baskets,1
examination,1
brigens,1
train,1
semifreddo,1
balls,1
ride,1
pour,1
thin,1
drops,1
didnt,1
pappardelle,1
mixture,1
tab,1
batches,1
vibe,1
establishment,1
farm,1
collection,1
morningside,1
coast,1
counter,1
scoop,1
bakery,1
classy,1
bartenders,1
soggy,1
looks,1
outer,1
degrees,1
choose,1
rotation,1
masters,1
risotto,1
freshness,1
nye,1
glasses,1
unwind,1
chunk,1
brodie,1
lukewarm,1
entertainment,1
cause,1
tempe,1
utensil,1
umbrellas,1
management,1
reference,1
festival,1
accent,1
system,1
decorations,1
touristy,1
tourists,1
shell,1
stomach,1
lot,1
apologise,1
regards,1
manifestation,1
coinage,1
colleagues,1
flavours,1
lover,1
steep,1
bet,1
tabs,1
need,1
soak,1
skittles,1
purchasing,1
mis,1
romaine,1
nancies,1
refreshing,1
hostesses,1
indoor,1
doughy,1
planning,1
recommande,1
jar,1
bases,1
bourbon,1
meant,1
sprouting,1
prohibition,1
perfection,1
areas,1
tunes,1
requirement,1
state,1
neither,1
importance,1
overhaul,1
stucco,1
hits,1
taking,1
etc,1
atleast,1
attributes,1
highland,1
jersey,1
otherwise,1
co,1
wall,1
tiene,1
bruscetta,1
promotes,1
stunning,1
wild,1
layer,1
motif,1
ripe,1
squid,1
bucks,1
gelataria,1
ball,1
poultry,1
restuarant,1
stores,1
rocket,1
cakes,1
wee,1
recommending,1
reasons,1
add,1
umiges,1
eateries,1
checking,1
desk,1
doughnut,1
pies,1
crisp,1
chairs,1
candy,1
become,1
lager,1
biaggio,1
feast,1
hair,1
choosing,1
hipsters,1
jalapeno,1
lean,1
floss,1
assuming,1
locate,1
noise,1
slight,1
stellar,1
pressure,1
host,1
includes,1
sister,1
perky,1
pastries,1
aufmerksam,1
commitment,1
weather,1
artists,1
knuckles,1
spots,1
mozz,1
verantwortlich,1
delivery,1
liquor,1
eau,1
byow,1
stories,1
problem,1
minutes,1
reservations,1
twist,1
happen,1
nonetheless,1
dresses,1
monday,1
howie,1
jewel,1
extras,1
