time,13
place,10
store,8
price,8
und,7
buy,7
kleine,7
customer,6
doch,6
selection,5
job,5
items,5
quality,5
shop,4
furniture,4
part,4
pieces,4
things,4
times,4
help,3
fixtures,3
deal,3
people,3
home,3
hier,3
informiert,3
nichts,3
ist,3
diapers,3
thing,3
range,3
products,3
come,3
wars,3
gabs,3
information,3
self,3
staff,2
seems,2
pies,2
walls,2
stain,2
get,2
day,2
washing,2
couches,2
gift,2
artist,2
stuff,2
art,2
receipt,2
jewelry,2
section,2
everything,2
melange,2
niche,2
kitchen,2
anything,2
experience,2
shrimp,2
changes,2
montreal,2
copper,2
family,2
deals,2
use,2
showroom,2
visit,2
custom,2
wait,2
mundane,2
door,2
al,2
diaper,2
baby,2
work,2
speaking,2
purchases,2
side,2
variety,2
pour,2
answer,2
assist,2
gifts,2
brands,2
maybe,2
order,2
doorstop,1
atmosphere,1
super,1
cheese,1
cheat,1
nuts,1
cheap,1
restrooms,1
prices,1
bright,1
thumbs,1
dirty,1
southwestern,1
conversation,1
find,1
amount,1
frequent,1
apartment,1
terms,1
elm,1
fix,1
thursday,1
languages,1
wall,1
idiots,1
thieves,1
location,1
trousers,1
ross,1
styles,1
coffee,1
someone,1
return,1
checking,1
linens,1
end,1
exception,1
mention,1
bang,1
vegas,1
know,1
hands,1
world,1
bit,1
geh,1
projects,1
homestead,1
loss,1
charade,1
chairs,1
angle,1
tables,1
fairs,1
wooden,1
man,1
car,1
went,1
bought,1
discount,1
alexandre,1
clothes,1
version,1
lemieux,1
updating,1
immigrant,1
engaging,1
owner,1
books,1
pricing,1
pulls,1
girl,1
bargains,1
leave,1
sehr,1
satisfying,1
space,1
visions,1
espresso,1
overload,1
ammonia,1
markups,1
einige,1
galaxy,1
surprise,1
electronics,1
pistol,1
issue,1
cafetaria,1
caring,1
patient,1
monster,1
tempe,1
boutique,1
sippy,1
sprayers,1
water,1
difficulty,1
boxes,1
visits,1
ask,1
thailand,1
dress,1
cities,1
business,1
guy,1
stone,1
installation,1
working,1
selections,1
sparkle,1
area,1
year,1
swear,1
threat,1
experiences,1
retail,1
workers,1
york,1
miscommunication,1
consultation,1
question,1
hardworking,1
pop,1
walk,1
accommodate,1
instances,1
wrap,1
retrieve,1
mist,1
considering,1
coutu,1
eye,1
guest,1
service,1
merchandise,1
babygoods,1
call,1
lot,1
airy,1
fry,1
happy,1
viele,1
girls,1
meal,1
park,1
delivery,1
gibt,1
line,1
gills,1
buying,1
plants,1
grill,1
television,1
valley,1
compliments,1
target,1
unicorn,1
wish,1
smooth,1
bargain,1
value,1
air,1
project,1
gro,1
stories,1
field,1
problem,1
fruity,1
numbers,1
forest,1
item,1
likewise,1
modern,1
telephone,1
say,1
woman,1
curb,1
something,1
need,1
leather,1
clothing,1
cafe,1
ie,1
swedish,1
needs,1
grinder,1
make,1
opening,1
storage,1
mid,1
amazon,1
far,1
lamp,1
potential,1
tech,1
behold,1
smell,1
week,1
levy,1
unless,1
bottle,1
put,1
tops,1
macy,1
town,1
plenty,1
occasion,1
services,1
aisles,1
ikea,1
infotheke,1
organization,1
look,1
floor,1
sale,1
thought,1
person,1
mass,1
clean,1
tall,1
model,1
notch,1
scents,1
