pizza,192
food,79
time,57
place,56
service,52
restaurant,36
cheese,33
crust,31
experience,24
night,24
bread,21
quality,20
york,20
times,19
pizzas,19
meal,18
reviews,16
staff,15
get,15
things,15
salad,13
price,13
tasty,13
day,12
thing,12
prices,12
deal,12
toppings,12
try,11
order,11
lunch,11
part,11
people,11
fries,11
pie,11
sauce,10
und,10
ingredients,10
side,9
plate,9
bar,9
steak,9
restaurants,9
nice,9
portion,9
amount,8
wood,8
end,8
half,8
house,8
pepperoni,8
selection,8
menu,8
pasta,8
fast,8
portions,8
star,8
slice,8
school,7
told,7
wait,7
dining,7
options,7
visit,7
hot,7
spot,7
date,7
choice,7
knots,7
city,7
dogs,7
dishes,7
atmosphere,7
neapolitan,7
location,7
server,7
dinner,7
spaghetti,6
montreal,6
evening,6
feel,6
least,6
size,6
breakfast,6
mushroom,6
gets,6
flavor,6
dish,6
margherita,6
chance,6
way,6
eat,6
made,6
level,5
burger,5
family,5
warm,5
awesome,5
wine,5
style,5
orange,5
ambiance,5
et,5
einer,5
damit,5
took,5
nahe,5
eggs,5
patio,5
combinations,5
see,5
review,5
job,5
crispy,5
beer,5
bis,5
butter,5
gute,5
nachts,5
pepper,5
business,5
area,5
inside,5
taste,5
customer,5
check,5
stomachs,5
friends,5
charge,4
fan,4
nicht,4
mozzarella,4
love,4
slices,4
door,4
hour,4
thin,4
bezeichnen,4
man,4
tomato,4
light,4
mais,4
dem,4
pizzeria,4
w,4
ordering,4
ewig,4
levels,4
coleslaw,4
say,4
toujours,4
however,4
whole,4
comes,4
look,4
make,4
party,4
week,4
tables,4
italian,4
mood,4
everything,4
aufnahm,4
places,4
lobster,4
piece,4
concept,3
mile,3
go,3
looking,3
yummy,3
teigig,3
guy,3
drinks,3
let,3
plates,3
sign,3
charming,3
use,3
music,3
town,3
pour,3
sit,3
yum,3
help,3
front,3
meat,3
went,3
kann,3
idea,3
group,3
year,3
saturday,3
leave,3
got,3
bistro,3
marins,3
greasy,3
ate,3
tasting,3
note,3
guess,3
spinach,3
bite,3
thru,3
board,3
shrimp,3
mix,3
take,3
experiences,3
nothing,3
salt,3
bring,3
find,3
toast,3
stop,3
spicy,3
gem,3
copain,3
dente,3
intimate,3
steaks,3
waste,3
platziert,3
hostess,3
balance,3
cuisine,3
pastas,3
tomatoes,3
bonus,3
drink,3
hand,3
thought,3
components,3
mon,3
bit,3
ist,3
burnt,3
execute,3
crusts,3
schade,3
seating,3
right,3
sauces,3
est,3
noisy,3
benches,3
head,3
delivery,3
hear,3
hopes,3
un,3
amounts,3
tip,3
branch,3
juices,3
gorgonzola,3
rating,2
parmesan,2
conversation,2
milk,2
aranicini,2
dazu,2
gp,2
worth,2
waiters,2
ingredient,2
woman,2
deli,2
dessert,2
overdone,2
tacos,2
minute,2
entire,2
button,2
list,2
prosciutto,2
quick,2
ass,2
says,2
bacon,2
chef,2
street,2
bartenders,2
fischgerichte,2
eating,2
sausage,2
als,2
groups,2
change,2
great,2
kudos,2
daughter,2
salami,2
pick,2
apple,2
italians,2
glance,2
singing,2
pretty,2
haben,2
downtown,2
glass,2
rare,2
hold,2
diner,2
room,2
work,2
donut,2
remain,2
bites,2
wieder,2
albo,2
pieces,2
handle,2
watching,2
option,2
sandwich,2
mac,2
whilst,2
floor,2
types,2
think,2
soggy,2
years,2
hidden,2
dough,2
oven,2
depending,2
perfect,2
sososo,2
caesars,2
amazing,2
better,2
window,2
son,2
faire,2
crunchy,2
goat,2
filling,2
tray,2
everyone,2
strip,2
oil,2
variety,2
rude,2
banana,2
calzone,2
quite,2
put,2
training,2
waiter,2
hence,2
lighting,2
veggie,2
cheesy,2
umbrellas,2
gennaro,2
tea,2
eater,2
speaking,2
wisdom,2
posts,2
colleagues,2
martini,2
sad,2
blond,2
sure,2
park,2
consistency,2
plus,2
request,2
hungry,2
quantity,2
impression,2
shot,2
espresso,2
impasto,2
doughy,2
summertime,2
starters,2
dj,2
joint,2
poutine,2
dante,2
stuff,2
habit,2
fluffy,2
cocktails,2
parking,2
noodles,2
come,2
kitchen,2
minutes,2
etc,2
appetizers,2
sweet,2
pop,2
expectations,2
table,2
bathroom,2
beef,2
tiny,2
treat,2
naples,2
plateau,2
box,2
families,2
vinegar,2
c,2
else,2
pricey,2
kids,2
welcoming,2
might,2
bill,2
choices,2
mistake,2
good,2
cone,2
seem,2
bowl,2
trip,2
citrus,2
disappointment,2
hallway,2
phx,2
veal,2
das,2
rest,2
appetite,2
touch,2
extra,2
pies,2
reasons,2
gave,2
crisp,2
unique,2
lady,2
salsiccia,2
chairs,2
either,2
works,2
irgendwie,2
competition,2
ltnis,2
trendy,2
home,2
empire,2
per,2
christmas,2
noise,2
weil,2
sandwiches,2
habe,2
super,2
ribs,2
afternoon,2
en,2
start,2
call,2
medium,2
north,2
offer,2
squeeze,2
type,2
potato,2
customers,2
ragu,2
problem,2
vibe,2
nicholson,2
falafel,2
az,2
favourite,2
felt,2
building,2
yelp,2
motorino,2
came,2
quebec,1
breadth,1
sicilian,1
skip,1
lack,1
dollar,1
splitting,1
month,1
catch,1
manager,1
comments,1
bomb,1
gm,1
layers,1
proviterlosl,1
auf,1
fritte,1
brigens,1
disgusting,1
thursday,1
languages,1
ocasions,1
glad,1
scratch,1
ambience,1
taib,1
pay,1
premium,1
worse,1
internet,1
vegas,1
stays,1
unlike,1
fireplace,1
cool,1
mmmmmmmmmmmmmmmmmm,1
experiencing,1
forni,1
item,1
debris,1
plain,1
dip,1
rack,1
fritter,1
geschichtet,1
dinners,1
examination,1
seasoning,1
sigh,1
consistent,1
streets,1
za,1
batch,1
discerning,1
cesar,1
chair,1
machines,1
blue,1
errors,1
passen,1
section,1
cooking,1
favour,1
waiting,1
version,1
turnaround,1
sur,1
ever,1
chefs,1
decors,1
chose,1
arizona,1
apologise,1
mussels,1
never,1
component,1
meh,1
french,1
hours,1
wild,1
fluke,1
others,1
cardboard,1
syrah,1
items,1
k,1
rosemont,1
guilty,1
haunts,1
husband,1
credit,1
lasagna,1
opinion,1
entrees,1
changes,1
casanova,1
italiano,1
glitch,1
meats,1
verge,1
carry,1
taouk,1
cost,1
everybody,1
crap,1
spoke,1
rancid,1
papas,1
craving,1
creamy,1
therefore,1
shits,1
garnish,1
intend,1
charcoal,1
sons,1
sushi,1
dressing,1
aoili,1
chocolate,1
flag,1
clumpy,1
stick,1
levity,1
hole,1
starter,1
bartender,1
f,1
der,1
cat,1
meet,1
meatball,1
southwest,1
complain,1
something,1
vodka,1
acoustics,1
downfall,1
noch,1
near,1
foods,1
hier,1
sandbar,1
honest,1
onions,1
garden,1
complaining,1
mehr,1
nuts,1
flaky,1
magpie,1
lounge,1
far,1
main,1
quebecois,1
fudge,1
profile,1
timer,1
product,1
cocktail,1
watch,1
decor,1
scottsdale,1
lot,1
spots,1
crepe,1
varieties,1
occasions,1
counter,1
uneingeschr,1
cutlery,1
provide,1
sh,1
mcgill,1
classy,1
basket,1
facebook,1
addiction,1
talk,1
cute,1
serving,1
kono,1
move,1
choose,1
report,1
attitude,1
terrace,1
cold,1
bacci,1
ono,1
gentlemen,1
outer,1
willow,1
reluctance,1
avis,1
bresaola,1
weeks,1
freaking,1
mettre,1
team,1
coffee,1
return,1
combination,1
cannoli,1
walls,1
feature,1
term,1
holiday,1
aioli,1
always,1
edges,1
l,1
deco,1
careless,1
pan,1
realise,1
die,1
done,1
deals,1
glasses,1
fare,1
doughnut,1
pork,1
nontheless,1
owner,1
furniture,1
standards,1
salads,1
turn,1
shown,1
entertainment,1
tiramisu,1
horseradish,1
health,1
nite,1
paradise,1
innapropriate,1
cause,1
linguine,1
megaclub,1
charlotte,1
grease,1
wisconsin,1
tempe,1
activity,1
little,1
pleasant,1
bleiben,1
reason,1
please,1
cookie,1
soak,1
romeo,1
accommodation,1
card,1
advance,1
realize,1
days,1
einen,1
waterfall,1
zufrieden,1
view,1
housing,1
waitress,1
dont,1
notch,1
bland,1
force,1
thick,1
miss,1
twenty,1
accent,1
weekdays,1
establishments,1
tangy,1
verdun,1
syrup,1
nehmen,1
stomach,1
homemade,1
pepperonis,1
serve,1
dudes,1
frites,1
coinage,1
schon,1
royal,1
king,1
gotten,1
tree,1
vineyards,1
tummy,1
invention,1
friend,1
deserving,1
coat,1
steep,1
bet,1
deciding,1
sah,1
navigate,1
bolognese,1
juicy,1
lowe,1
manner,1
rtchen,1
st,1
sat,1
sell,1
tho,1
conversion,1
issue,1
person,1
trance,1
brossard,1
port,1
bagel,1
interior,1
mamma,1
mis,1
mir,1
soap,1
relief,1
parmigianno,1
brodie,1
vinaigrette,1
reach,1
victoria,1
preservatives,1
forever,1
yardhouse,1
marinara,1
gyro,1
sober,1
doe,1
points,1
tech,1
clean,1
nyc,1
occasion,1
turnover,1
away,1
fact,1
shop,1
liking,1
show,1
boozy,1
bloody,1
burrata,1
corner,1
chicken,1
fine,1
execution,1
coloring,1
deserts,1
tire,1
quaint,1
layman,1
fans,1
going,1
starving,1
rich,1
employee,1
boyfriend,1
tude,1
indignant,1
uncles,1
luke,1
coast,1
amici,1
ones,1
words,1
gnocci,1
dodgy,1
areas,1
einmal,1
resolve,1
settings,1
morning,1
recommendations,1
breading,1
bleu,1
likelier,1
bars,1
set,1
reference,1
variations,1
lemonade,1
pizzookie,1
bare,1
result,1
fail,1
close,1
yes,1
satisfying,1
visiting,1
boy,1
meatballs,1
lineup,1
mascarpone,1
pouvez,1
state,1
chewy,1
moons,1
teens,1
refreshing,1
checks,1
compliment,1
travels,1
solo,1
omg,1
jy,1
web,1
marvin,1
screen,1
deliver,1
wi,1
subs,1
diners,1
como,1
franchise,1
overhaul,1
hits,1
feeling,1
caprese,1
geschmacksache,1
admit,1
thon,1
games,1
atleast,1
eggplant,1
attributes,1
requests,1
mean,1
otherwise,1
comment,1
dill,1
simple,1
address,1
envoie,1
dot,1
church,1
refill,1
sunday,1
speak,1
considering,1
guests,1
addition,1
casa,1
create,1
buffets,1
breath,1
pa,1
tv,1
peppers,1
pile,1
brick,1
fire,1
sufficient,1
tigen,1
ratings,1
demand,1
brunch,1
pesto,1
chill,1
paying,1
bruschetta,1
east,1
aromas,1
cracker,1
cash,1
pace,1
hovering,1
fun,1
employees,1
cons,1
hoping,1
ripe,1
mexico,1
parmigiana,1
drawbacks,1
im,1
reports,1
kinds,1
experiance,1
downers,1
projector,1
belong,1
airport,1
beside,1
parts,1
split,1
fallowing,1
ball,1
somewhere,1
mozzas,1
driver,1
delicate,1
favorites,1
euro,1
kept,1
picky,1
smokey,1
freundlicher,1
charges,1
com,1
ranch,1
well,1
snobby,1
caliente,1
oops,1
english,1
entry,1
summer,1
powering,1
money,1
aroma,1
cannolis,1
mistakes,1
rooms,1
seats,1
regardless,1
geschafft,1
cut,1
deceiving,1
wee,1
cup,1
character,1
envitonment,1
add,1
n,1
umiges,1
apart,1
styles,1
clan,1
complaint,1
lacking,1
couple,1
dark,1
finding,1
know,1
wings,1
name,1
inviting,1
onion,1
vibrant,1
disks,1
serves,1
garage,1
yorker,1
become,1
soft,1
heel,1
lager,1
biaggio,1
naan,1
hassle,1
band,1
respect,1
pomodoro,1
jalapeno,1
pet,1
avoid,1
chips,1
reviendrions,1
truffle,1
content,1
flavors,1
run,1
takeaway,1
corn,1
serbian,1
olives,1
toasty,1
ol,1
ok,1
wouldnt,1
face,1
months,1
convenient,1
luck,1
ppl,1
tourists,1
al,1
commitment,1
servers,1
carafe,1
laval,1
sports,1
jerks,1
beers,1
weekend,1
vegetables,1
reduction,1
happt,1
mondays,1
mozz,1
yeasty,1
war,1
happy,1
fork,1
gluten,1
verantwortlich,1
coke,1
buttery,1
specialty,1
cutlets,1
heat,1
construction,1
tvs,1
liquor,1
straight,1
passersby,1
spice,1
pull,1
dirty,1
landscapes,1
care,1
expect,1
specials,1
instead,1
ac,1
sticks,1
accents,1
measure,1
deer,1
dog,1
sometime,1
goodness,1
penne,1
mediocre,1
puns,1
cream,1
hangouts,1
maybe,1
nah,1
doner,1
event,1
opinon,1
smell,1
clicks,1
dresses,1
phoenix,1
flaws,1
variation,1
etwas,1
vu,1
coverage,1
howie,1
alcohol,1
aperetifs,1
condensation,1
longer,1
phone,1
assume,1
wifi,1
mash,1
terrasse,1
extras,1
fresh,1
platter,1
noon,1
adult,1
