food,37
burger,30
time,27
place,26
fries,19
burgers,18
order,17
quality,14
sauce,13
fast,12
dog,11
night,10
thru,9
hot,8
lunch,8
times,8
thing,8
prices,8
location,8
try,7
bit,7
amount,6
sandwich,6
always,6
meal,6
cheese,6
size,6
chicken,6
menu,6
chips,6
things,6
spicy,6
offer,6
nicht,5
mexican,5
day,5
bread,5
meat,5
think,5
bite,5
dishes,5
price,5
poutine,5
people,5
curry,5
tasty,5
chippy,5
go,4
customer,4
choice,4
experience,4
visit,4
something,4
edinburgh,4
takeaway,4
part,4
find,4
staff,4
bag,4
value,4
drink,4
toppings,4
goodness,4
chilipulver,3
einiges,3
sharing,3
getting,3
figure,3
end,3
spot,3
occasions,3
looks,3
style,3
peanuts,3
greasy,3
service,3
way,3
vollkornfladen,3
bet,3
breakfast,3
option,3
hear,3
came,3
selection,3
pretty,3
chipotle,3
rice,3
get,3
stop,3
etwa,3
restaurants,3
smoothies,3
review,3
job,3
point,3
considering,3
decent,3
batch,3
amour,3
mayo,3
left,3
kebab,3
nando,3
detract,3
und,3
cinnabuns,3
deal,3
chicharron,3
gibt,3
eat,3
spice,3
flavour,3
places,3
taste,3
chinese,2
establishment,2
curds,2
nett,2
spoon,2
berto,2
school,2
haggis,2
smaller,2
bacon,2
cost,2
patient,2
business,2
lights,2
hours,2
employees,2
pick,2
portions,2
pakora,2
sunday,2
company,2
chocolate,2
particular,2
town,2
der,2
phrase,2
sit,2
chops,2
kebabs,2
mess,2
slush,2
fry,2
serving,2
midnight,2
years,2
version,2
half,2
wenn,2
relleno,2
die,2
girl,2
neighbourhood,2
god,2
looking,2
guess,2
quite,2
reason,2
qui,2
tasting,2
american,2
little,2
establishments,2
store,2
stomach,2
whopper,2
number,2
thai,2
alternative,2
tastes,2
sure,2
takeaways,2
mouth,2
plenty,2
sometimes,2
clean,2
chequers,2
salt,2
cheap,2
busy,2
cheeseburger,2
plate,2
allerdings,2
aufgenommen,2
premises,2
awards,2
franchise,2
c,2
patty,2
walk,2
beef,2
bbq,2
life,2
freundlich,2
chili,2
seem,2
par,2
make,2
delight,2
supper,2
ingredients,2
thought,2
bottle,2
seats,2
touch,2
flavor,2
ist,2
cup,2
pile,2
match,2
couple,2
pies,2
habe,2
piles,2
afternoon,2
area,2
happy,2
bun,2
beans,2
inside,2
pie,2
deep,2
doner,2
star,2
portion,2
consider,1
reviewers,1
beware,1
lack,1
hate,1
yummy,1
everything,1
culinary,1
dressing,1
pay,1
include,1
presentation,1
ale,1
worse,1
vegas,1
fan,1
entire,1
level,1
wholemeal,1
leave,1
verdict,1
quick,1
poppy,1
pork,1
neighborhood,1
regret,1
chef,1
pass,1
port,1
ribbon,1
cheeses,1
sausage,1
errors,1
hesitation,1
crust,1
waiting,1
experiment,1
flowing,1
crackling,1
ever,1
equivalent,1
told,1
crunch,1
french,1
others,1
cardboard,1
box,1
poutines,1
great,1
casing,1
credit,1
action,1
options,1
family,1
extra,1
app,1
prefer,1
brought,1
ask,1
names,1
chunks,1
glance,1
total,1
crap,1
call,1
calm,1
memory,1
type,1
tell,1
door,1
posting,1
alcove,1
cashier,1
glass,1
adult,1
baby,1
hole,1
slogan,1
choix,1
f,1
unexciting,1
work,1
reviews,1
den,1
vege,1
dissatisfaction,1
crazy,1
process,1
heard,1
veggies,1
want,1
chic,1
honest,1
onions,1
pink,1
mcmuffin,1
winter,1
till,1
amazing,1
plus,1
pizza,1
sprinkle,1
okay,1
description,1
mac,1
preferring,1
taco,1
salsa,1
cabbage,1
sloppy,1
man,1
liquid,1
buns,1
baggage,1
bakery,1
ones,1
firehouse,1
mission,1
course,1
cold,1
cole,1
hook,1
group,1
la,1
crew,1
better,1
choose,1
posture,1
texas,1
tourist,1
conseille,1
fastfood,1
nonsense,1
walls,1
rotation,1
ppl,1
instances,1
drop,1
l,1
dingy,1
filling,1
went,1
bills,1
luck,1
week,1
house,1
fish,1
prawn,1
waffle,1
expect,1
year,1
turn,1
deals,1
twice,1
stuff,1
got,1
subway,1
ass,1
marins,1
huli,1
cookie,1
westside,1
argument,1
timer,1
testament,1
feel,1
scene,1
staying,1
lettuce,1
done,1
spots,1
owner,1
temperature,1
spinach,1
festival,1
hollywood,1
las,1
dogs,1
shell,1
chez,1
park,1
took,1
foamy,1
tourists,1
friend,1
maybe,1
steep,1
rag,1
coconut,1
pro,1
modern,1
juicy,1
medium,1
sounding,1
saw,1
mountain,1
person,1
efficient,1
convenient,1
hangover,1
sandwiches,1
online,1
finding,1
clots,1
gravy,1
unless,1
tousignant,1
enter,1
nothing,1
class,1
cuban,1
average,1
sammies,1
face,1
notch,1
institutions,1
diy,1
shop,1
impression,1
fond,1
anyway,1
bright,1
soggy,1
fine,1
toast,1
texture,1
indian,1
black,1
mixture,1
de,1
molasses,1
fastest,1
gem,1
bar,1
morning,1
grab,1
steak,1
husband,1
forego,1
fair,1
allure,1
tender,1
best,1
sehr,1
satisfying,1
patties,1
mine,1
harvey,1
behind,1
chewy,1
letting,1
lazy,1
joy,1
attention,1
deliver,1
however,1
news,1
come,1
coupons,1
water,1
cow,1
restaurant,1
cafes,1
patrons,1
kasbah,1
exceeds,1
argue,1
whole,1
cakes,1
simple,1
sweet,1
likes,1
crispy,1
goats,1
olives,1
raise,1
peppery,1
interest,1
hottest,1
territory,1
loft,1
gay,1
eastern,1
locations,1
sausages,1
vespa,1
welcoming,1
look,1
choices,1
triple,1
vos,1
experiance,1
funny,1
trip,1
strange,1
party,1
gets,1
wrappers,1
tasteless,1
finish,1
ratings,1
purpose,1
student,1
stack,1
kid,1
kept,1
condiments,1
chinois,1
carnitas,1
costs,1
hrt,1
nachos,1
diarrhea,1
rest,1
product,1
thumbs,1
refills,1
tables,1
cut,1
nudge,1
mcdonald,1
calibre,1
improvement,1
snap,1
teriyaki,1
gave,1
eateries,1
desk,1
onion,1
chairs,1
cool,1
serves,1
mazama,1
soft,1
twelve,1
right,1
grub,1
steamies,1
pals,1
back,1
hush,1
sauces,1
slice,1
mood,1
steaming,1
ice,1
favourite,1
eating,1
posh,1
corn,1
super,1
throw,1
comparison,1
stone,1
ol,1
ok,1
concoctions,1
column,1
months,1
chance,1
side,1
range,1
experiences,1
mean,1
additives,1
dude,1
bound,1
nschte,1
mushrooms,1
squeak,1
soy,1
smells,1
beer,1
start,1
greggs,1
homemade,1
heritage,1
naan,1
hawaiian,1
coke,1
buttery,1
idea,1
hi,1
line,1
count,1
made,1
wish,1
oily,1
record,1
dirty,1
highlight,1
problem,1
minutes,1
trips,1
care,1
videos,1
flow,1
check,1
variety,1
nan,1
excuses,1
book,1
es,1
yummmo,1
friggin,1
nice,1
students,1
felt,1
stay,1
helping,1
herbs,1
meaning,1
bundaberg,1
rolling,1
transfers,1
pizzas,1
yelp,1
potato,1
mash,1
jacket,1
fact,1
tao,1
