hair,23
salon,16
time,15
cut,12
haircut,11
job,11
get,7
stylist,7
style,6
experience,6
color,6
talk,6
highlights,5
appointment,5
day,5
done,5
service,5
price,5
staff,4
looking,4
hairdresser,4
place,4
family,4
customer,4
look,4
prices,3
go,3
lady,3
always,3
morning,3
guy,3
review,3
ombre,3
thing,3
visit,3
maintenance,3
haircuts,3
work,3
suggestions,3
way,3
barber,3
anyway,2
atmosphere,2
cuts,2
find,2
weekends,2
technique,2
curls,2
employee,2
easier,2
personality,2
styles,2
results,2
foot,2
minute,2
skills,2
anglophone,2
right,2
ambiance,2
year,2
home,2
event,2
try,2
access,2
body,2
use,2
let,2
care,2
makes,2
confident,2
today,2
took,2
part,2
problem,2
hairstylist,2
want,2
need,2
amount,2
book,2
difficult,2
students,2
mani,2
short,2
changes,2
colour,2
space,2
left,2
summer,1
shot,1
impression,1
hands,1
dollar,1
therapist,1
advice,1
grays,1
still,1
guys,1
carry,1
layers,1
knowledge,1
front,1
knew,1
environment,1
straw,1
going,1
favourite,1
halo,1
sweet,1
desk,1
achieve,1
brown,1
colours,1
conversations,1
instructors,1
none,1
listener,1
haircolor,1
fan,1
manicure,1
bleach,1
bit,1
difference,1
room,1
shoulder,1
gray,1
school,1
stuff,1
alex,1
die,1
settings,1
colors,1
leave,1
someone,1
perfectionist,1
recommendations,1
balayage,1
page,1
zen,1
luck,1
enjoy,1
week,1
pitch,1
self,1
born,1
bouncy,1
choosing,1
ur,1
techniques,1
walking,1
friend,1
describing,1
mood,1
visiting,1
ways,1
pictures,1
ombr,1
lights,1
individuals,1
com,1
scalp,1
routine,1
surprise,1
across,1
told,1
perfect,1
welcome,1
wears,1
makeup,1
ist,1
understanding,1
pleasant,1
coloring,1
ask,1
weary,1
super,1
box,1
owners,1
daughter,1
working,1
license,1
getting,1
brilliant,1
taking,1
area,1
put,1
honest,1
length,1
phx,1
decent,1
skin,1
experiences,1
think,1
comment,1
priorities,1
ladies,1
love,1
seeming,1
miscommunication,1
instruments,1
crazy,1
wash,1
brunette,1
owner,1
trust,1
evokes,1
roni,1
basis,1
twenty,1
damp,1
night,1
feat,1
attack,1
finding,1
music,1
coarse,1
forward,1
quirky,1
kid,1
bitter,1
location,1
manicures,1
knows,1
carissa,1
great,1
phone,1
extensions,1
consult,1
catch,1
rare,1
atlanta,1
opaque,1
kind,1
made,1
compliments,1
locks,1
challenge,1
royal,1
worth,1
clips,1
career,1
taste,1
smart,1
items,1
fun,1
situation,1
root,1
mistake,1
barbers,1
fashion,1
chat,1
process,1
modern,1
stations,1
blah,1
hier,1
seen,1
spa,1
freshen,1
times,1
salons,1
end,1
offering,1
allison,1
pay,1
discussion,1
tip,1
butcher,1
saturday,1
amazing,1
take,1
sams,1
products,1
homemade,1
poor,1
product,1
quote,1
english,1
spot,1
airy,1
jumping,1
student,1
fits,1
choice,1
weekend,1
types,1
staci,1
kept,1
move,1
inspires,1
person,1
craft,1
american,1
insight,1
make,1
