burger,147
time,89
food,71
place,65
service,60
burgers,56
fries,46
breakfast,25
experience,24
night,24
meal,23
get,22
visit,21
thing,20
menu,20
order,19
times,19
cheese,19
price,19
poutine,19
drinks,18
quality,15
bar,15
go,14
try,14
fast,14
sauce,13
selection,13
side,13
tasty,13
potato,13
meat,12
size,12
beer,12
prices,12
day,12
places,12
wait,11
think,11
bite,11
restaurant,11
location,11
portion,11
reviews,10
spot,10
went,10
trip,10
onion,10
diner,10
toppings,10
way,10
atmosphere,9
montreal,9
fan,9
york,9
find,9
deal,9
taste,9
amount,8
options,8
music,8
lunch,8
reason,8
american,8
customer,8
dog,8
come,8
beef,8
mistake,8
drink,8
flavor,8
people,8
eggs,8
line,8
eat,8
patio,7
style,7
gourmet,7
got,7
part,7
patty,7
sweet,7
value,7
make,7
week,7
fruit,7
fry,7
seating,7
idea,7
made,7
portions,7
french,6
great,6
end,6
bread,6
stop,6
however,6
amazing,6
considering,6
things,6
touch,6
bit,6
everything,6
hot,5
bacon,5
version,5
fun,5
items,5
gordon,5
glass,5
pieces,5
option,5
mess,5
mac,5
attitude,5
group,5
expectations,5
half,5
always,5
ambiance,5
greasy,5
waitress,5
las,5
charm,5
nothing,5
salt,5
staff,5
pretty,5
plate,5
steak,5
restaurants,5
screen,5
kitchen,5
tastes,5
choices,5
rib,5
decor,5
party,5
mayo,5
variety,5
left,5
couple,5
unique,5
back,5
carb,5
range,5
servers,5
happy,5
medium,5
problem,5
concept,4
number,4
pay,4
pork,4
love,4
door,4
hamburger,4
joints,4
share,4
onions,4
establishment,4
sandwich,4
egg,4
choose,4
busy,4
front,4
ketchup,4
house,4
expect,4
looking,4
pub,4
waiter,4
conversation,4
benedict,4
took,4
potatoes,4
friend,4
say,4
plus,4
clean,4
quaint,4
see,4
lots,4
review,4
job,4
wall,4
juicy,4
brunch,4
ready,4
cut,4
name,4
right,4
truffle,4
flavors,4
und,4
super,4
strip,4
spots,4
ingredients,4
setting,4
sauces,4
chocolate,4
desert,4
curds,3
jalape,3
vegas,3
school,3
salad,3
level,3
neighborhood,3
seasoning,3
pepper,3
cost,3
water,3
sind,3
products,3
brought,3
tap,3
thru,3
beers,3
excellent,3
rare,3
hour,3
vege,3
figure,3
something,3
vibe,3
pizza,3
waters,3
man,3
maybe,3
shake,3
better,3
peanuts,3
combination,3
catherine,3
filling,3
dinner,3
sitting,3
view,3
owner,3
establishments,3
lot,3
fruits,3
locations,3
saw,3
note,3
take,3
windows,3
oder,3
sometimes,3
ways,3
recipe,3
anyway,3
bring,3
cheeseburger,3
milkshakes,3
die,3
alternative,3
beverages,3
hours,3
patrons,3
disappointment,3
whole,3
comes,3
point,3
crispy,3
pricey,3
look,3
finish,3
kept,3
well,3
thought,3
less,3
mcdonald,3
book,3
customers,3
dark,3
wings,3
crowd,3
noisy,3
ok,3
inside,3
strawberry,3
item,3
year,3
amounts,3
town,3
chance,3
u,3
chain,2
chair,2
send,2
sherbrooke,2
far,2
dessert,2
choice,2
cook,2
cool,2
wooden,2
teas,2
list,2
standards,2
round,2
sign,2
ummm,2
tartare,2
section,2
tartars,2
damn,2
ms,2
ratio,2
kudos,2
flavour,2
entrees,2
sweetness,2
glance,2
sports,2
creamy,2
knows,2
fter,2
stick,2
muss,2
must,2
pretend,2
soul,2
ribs,2
awesome,2
want,2
ist,2
hamburgers,2
sunday,2
disappoint,2
sandwiches,2
fare,2
whopper,2
date,2
guys,2
fine,2
st,2
interior,2
truck,2
allow,2
worst,2
rewards,2
soggy,2
words,2
muffin,2
course,2
workouts,2
window,2
coffee,2
fastfood,2
indeed,2
l,2
batch,2
found,2
tacos,2
fish,2
product,2
rlich,2
oil,2
saturday,2
yet,2
god,2
farm,2
cause,2
guess,2
guy,2
english,2
area,2
put,2
days,2
w,2
anecdote,2
adventure,2
feel,2
fancy,2
city,2
trend,2
store,2
murder,2
tourists,2
favorites,2
coleslaw,2
seem,2
sat,2
person,2
efficient,2
bailey,2
machen,2
sure,2
enter,2
sehr,2
memorabilia,2
giggling,2
average,2
points,2
bartenders,2
hear,2
yelper,2
quantity,2
rating,2
shot,2
toast,2
layout,2
weekends,2
going,2
combo,2
de,2
menus,2
combinations,2
spicy,2
chips,2
stuff,2
fair,2
lemonade,2
cocktails,2
locals,2
suspects,2
patties,2
tend,2
fans,2
chili,2
ramsey,2
allegiance,2
walk,2
offerings,2
denis,2
table,2
refill,2
decent,2
treat,2
tv,2
mean,2
airbnb,2
modern,2
wet,2
kids,2
upgrade,2
good,2
protein,2
sliders,2
shell,2
gets,2
slab,2
hand,2
cucumber,2
purpose,2
omelette,2
performance,2
know,2
consistency,2
tip,2
cheddar,2
aspect,2
seats,2
waitresses,2
tables,2
ham,2
help,2
parents,2
innocent,2
gute,2
kick,2
gave,2
game,2
burnt,2
either,2
competition,2
hair,2
bottom,2
asking,2
anna,2
shakes,2
eating,2
ipas,2
pasta,2
sister,2
craft,2
luck,2
nonsense,2
mushrooms,2
tasting,2
buns,2
beans,2
hopes,2
breweries,2
variations,2
rack,2
un,2
bbq,2
servings,2
trips,2
wifi,2
haunt,2
hungry,2
together,2
til,2
nice,2
cor,2
weekend,2
longer,2
yelp,2
space,2
came,2
dish,2
jarry,1
forget,1
impression,1
skip,1
beware,1
ale,1
michaels,1
baby,1
stops,1
liquor,1
barbecue,1
porcini,1
hate,1
children,1
consider,1
bars,1
content,1
everywhere,1
peanut,1
tu,1
father,1
languages,1
charge,1
grab,1
lamb,1
dressing,1
ambience,1
presentation,1
worth,1
woman,1
grill,1
spoon,1
every,1
difficult,1
decide,1
fall,1
word,1
difference,1
entire,1
heaven,1
couples,1
wednesday,1
p,1
vibes,1
gut,1
barbare,1
loads,1
dip,1
trustworthiness,1
enjoy,1
chew,1
clients,1
regret,1
ten,1
tea,1
streets,1
chef,1
zero,1
crescent,1
comforting,1
earth,1
tartar,1
n,1
appetite,1
putting,1
sausage,1
sub,1
chicago,1
tuesdays,1
rum,1
crust,1
caffeine,1
melt,1
milk,1
turnaround,1
flowing,1
suppose,1
tips,1
ground,1
ever,1
odor,1
pressait,1
movement,1
cookies,1
pancakes,1
mussels,1
never,1
meh,1
snack,1
operating,1
groups,1
others,1
vinegar,1
daughter,1
aioli,1
brilliant,1
employees,1
casino,1
leaving,1
credit,1
cinnamon,1
smoke,1
pick,1
action,1
weird,1
pairings,1
sticking,1
teenage,1
apple,1
auswahl,1
extra,1
prefer,1
vegetarians,1
meats,1
chunks,1
total,1
lime,1
standing,1
use,1
limpness,1
chefs,1
donuts,1
flavory,1
watering,1
funky,1
splash,1
therefore,1
crab,1
blonde,1
type,1
tell,1
today,1
mvp,1
sharing,1
suggestions,1
cashier,1
charming,1
downtown,1
warm,1
hole,1
given,1
effort,1
majority,1
slogan,1
room,1
blah,1
hachoir,1
cruncy,1
wallet,1
chez,1
values,1
www,1
fiddy,1
meet,1
toffee,1
thig,1
def,1
history,1
crazy,1
pie,1
heard,1
foods,1
sense,1
chic,1
pink,1
hog,1
dazzle,1
mcmuffin,1
burgr,1
summery,1
meager,1
sundae,1
revisit,1
lounge,1
alway,1
forest,1
persuasion,1
gash,1
okay,1
description,1
cocktail,1
funny,1
pleasant,1
different,1
latte,1
constructeur,1
stars,1
floor,1
preferring,1
taco,1
cabbage,1
sloppy,1
response,1
types,1
sans,1
crepe,1
remember,1
janis,1
sit,1
appreciate,1
booths,1
complaining,1
baggage,1
suggest,1
basket,1
imagining,1
serving,1
areas,1
midnight,1
feature,1
comme,1
including,1
terrace,1
hell,1
cole,1
brig,1
cheeburger,1
tilapia,1
perfect,1
la,1
trying,1
crew,1
offers,1
bypass,1
orange,1
hidden,1
posture,1
pleine,1
views,1
break,1
bang,1
overpowering,1
dissatisfaction,1
moist,1
sundays,1
drop,1
avons,1
blazing,1
cayenne,1
skills,1
bills,1
glasses,1
em,1
wrappers,1
en,1
bday,1
artists,1
et,1
girl,1
amaretto,1
fatty,1
leave,1
gon,1
praise,1
lukewarm,1
factors,1
den,1
laid,1
snob,1
cobb,1
ass,1
dirt,1
quite,1
mmm,1
quick,1
ect,1
cookie,1
dire,1
ask,1
tabasco,1
chilli,1
picture,1
language,1
recipes,1
pepperoni,1
deshalb,1
mouth,1
superbowl,1
zak,1
scene,1
staying,1
lettuce,1
vinaigrette,1
story,1
management,1
bonus,1
temperature,1
system,1
master,1
decorations,1
white,1
syrup,1
banana,1
bachelors,1
villager,1
crowds,1
park,1
mariani,1
depressing,1
foamy,1
lemony,1
frites,1
thai,1
boyfriend,1
albeit,1
kind,1
b,1
specials,1
bother,1
rate,1
slaw,1
express,1
street,1
dispenser,1
outcome,1
steep,1
fruity,1
booth,1
rag,1
counter,1
stomping,1
topics,1
alongside,1
spent,1
juice,1
selling,1
anytime,1
unafraid,1
seen,1
turn,1
orders,1
screw,1
genuine,1
offering,1
smooth,1
preise,1
waffles,1
dining,1
costs,1
greek,1
barn,1
mit,1
begin,1
unless,1
deafening,1
shall,1
tousignant,1
camper,1
buffet,1
mimosa,1
courtesy,1
satisfying,1
plenty,1
barby,1
hesitation,1
coin,1
pager,1
class,1
check,1
treats,1
rosalie,1
crunchburger,1
mrs,1
tech,1
movie,1
haha,1
fact,1
shop,1
walking,1
ones,1
chances,1
saltiness,1
toujours,1
winter,1
swine,1
interpretation,1
chicken,1
heavens,1
mister,1
orleans,1
coloring,1
sentence,1
waiting,1
texture,1
employer,1
sacrilege,1
entities,1
black,1
chipotle,1
sporting,1
personality,1
mixture,1
hit,1
sooo,1
molasses,1
fastest,1
lighter,1
years,1
kulinarisch,1
gem,1
ghetto,1
overbearing,1
temp,1
greens,1
wellness,1
lala,1
morning,1
twice,1
quattrons,1
boring,1
server,1
husband,1
likelier,1
forego,1
set,1
art,1
concert,1
fluffy,1
seat,1
allure,1
imho,1
divey,1
originals,1
close,1
aberdeen,1
seems,1
asks,1
visiting,1
harvey,1
pouvez,1
chewy,1
john,1
nooks,1
visuals,1
champagne,1
checks,1
dirty,1
letting,1
crayons,1
handful,1
terms,1
ability,1
wannaburger,1
edge,1
focus,1
cheap,1
guitar,1
franchise,1
disconnect,1
commenting,1
sanitation,1
money,1
deals,1
sodium,1
etc,1
tour,1
buzz,1
chorizo,1
argue,1
comment,1
cm,1
pot,1
likes,1
away,1
libations,1
bathroom,1
yumminess,1
raise,1
addition,1
satire,1
add,1
tiny,1
mark,1
pb,1
manners,1
remplissent,1
pile,1
brick,1
waste,1
meeting,1
treatment,1
loft,1
gay,1
eastern,1
fire,1
face,1
sweaty,1
anthony,1
policy,1
understand,1
neighbourhood,1
toasting,1
quatre,1
weeks,1
honest,1
main,1
welcoming,1
frozen,1
might,1
bill,1
profile,1
pace,1
replica,1
ceilings,1
match,1
behavior,1
newspaper,1
holiday,1
hoagie,1
layer,1
tall,1
goodness,1
coating,1
complaint,1
brulerie,1
middle,1
upscale,1
triple,1
cuisine,1
quand,1
spectacular,1
hummus,1
portobello,1
bowl,1
chatting,1
split,1
grand,1
tomatoes,1
palace,1
plating,1
wafer,1
fuss,1
tellement,1
friends,1
delight,1
popcorn,1
supper,1
positives,1
condiments,1
older,1
walls,1
savings,1
contact,1
command,1
components,1
nachos,1
nearby,1
draconian,1
proximity,1
fatt,1
anchiote,1
locks,1
liquour,1
thumbs,1
yep,1
scattering,1
prince,1
refills,1
cilantro,1
cup,1
slices,1
calibre,1
simple,1
alchemy,1
cash,1
veggies,1
teriyaki,1
eateries,1
ample,1
format,1
checking,1
looks,1
fridge,1
period,1
resembling,1
darn,1
mom,1
desk,1
color,1
atmospheres,1
knock,1
lost,1
chairs,1
representation,1
glasgow,1
reasons,1
loud,1
tower,1
soft,1
names,1
ole,1
frustrations,1
spring,1
umami,1
yolo,1
slooooow,1
hassle,1
pricing,1
escape,1
home,1
pickles,1
divine,1
neglecting,1
stuffy,1
octane,1
hearty,1
scale,1
mood,1
avoid,1
bachi,1
slushie,1
moon,1
retro,1
hotels,1
chains,1
burg,1
business,1
intimate,1
bartender,1
equivalent,1
rock,1
costumer,1
empty,1
edin,1
oumph,1
craze,1
leftover,1
post,1
throw,1
phillys,1
fella,1
faith,1
anything,1
oh,1
column,1
als,1
heverlee,1
birdie,1
stand,1
cow,1
mmnm,1
experiences,1
block,1
hi,1
garbage,1
pizzas,1
dude,1
splitting,1
soo,1
services,1
par,1
female,1
gooey,1
cafeteria,1
meals,1
tuesday,1
america,1
hunks,1
das,1
housing,1
question,1
daves,1
custom,1
doubt,1
windmill,1
aoli,1
steamies,1
besonders,1
call,1
transitioning,1
peppers,1
fork,1
media,1
head,1
complete,1
form,1
diligence,1
copoli,1
buttery,1
specialty,1
eater,1
basil,1
barman,1
bun,1
heap,1
squeeze,1
refreshing,1
count,1
rush,1
apology,1
comics,1
restaraunt,1
porky,1
barbershop,1
sides,1
daddy,1
minutes,1
care,1
bearing,1
smashburger,1
videos,1
metal,1
deep,1
cap,1
warning,1
crepes,1
ronin,1
work,1
campus,1
veggie,1
mushroom,1
na,1
tossing,1
ne,1
event,1
coffees,1
containers,1
mayonnaise,1
trash,1
roll,1
truffles,1
met,1
kinds,1
games,1
phoenix,1
favourite,1
juices,1
polite,1
stay,1
helping,1
peak,1
kinda,1
brands,1
constant,1
land,1
e,1
rule,1
institutions,1
chippy,1
extras,1
alright,1
awake,1
fussy,1
starting,1
decision,1
