food,237
time,228
service,188
place,164
night,93
experience,87
meal,81
menu,78
restaurant,75
thing,52
bar,46
cheese,46
burger,45
atmosphere,45
restaurants,43
price,41
times,41
portion,40
dinner,39
visit,39
get,39
things,38
hour,37
part,35
fries,35
quality,34
order,33
beer,33
deal,33
course,33
places,32
wine,31
breakfast,31
side,30
flavor,30
options,30
rib,30
day,30
poutine,29
portions,28
wait,28
staff,28
steak,27
spot,27
dining,27
taste,27
sauce,27
items,26
nice,26
location,26
reviews,25
plate,24
plates,24
dish,24
music,23
people,23
lunch,23
review,23
try,23
customer,23
salad,23
dishes,23
eat,23
drinks,22
prices,22
tables,22
meals,22
bread,21
server,21
tasty,21
potatoes,20
burgers,20
potato,20
chocolate,20
half,20
choice,20
find,20
variety,20
end,19
way,19
bite,19
party,19
week,18
selection,18
amazing,17
happy,17
pretty,17
go,17
make,16
amount,16
tacos,16
date,16
years,16
year,16
fan,16
house,16
feel,16
dessert,16
chicken,16
job,16
brunch,16
trip,15
fruit,15
see,15
bit,15
drink,15
expectations,14
coffee,14
vegas,14
bowl,14
right,13
everything,13
ribs,13
flavors,13
group,13
hot,13
say,13
sandwich,13
american,13
option,13
look,13
stuff,13
know,13
ingredients,13
street,12
got,12
weekend,12
french,12
cocktail,12
waiter,12
think,12
size,12
take,12
ok,12
shrimp,12
start,12
nothing,12
york,12
view,12
choices,12
friends,12
glass,11
inside,11
manager,11
mac,11
seating,11
style,11
decor,11
let,11
light,11
ambiance,11
waitress,11
home,11
made,11
work,10
meat,10
took,10
dog,10
rice,10
corn,10
bartender,10
friend,10
cocktails,10
either,10
business,10
ask,10
patio,10
reason,10
clean,10
tasting,10
appetizer,10
stop,9
kitchen,9
back,9
concept,9
guy,9
love,9
sunday,9
man,9
space,9
come,9
area,9
version,9
experiences,9
notch,9
sweet,9
great,9
cut,9
beans,9
others,9
something,9
entree,9
perfect,9
lot,9
onion,9
problem,9
bacon,8
came,8
super,8
water,8
entrees,8
bites,8
appetizers,8
looking,8
attitude,8
idea,8
recommendations,8
whole,8
fun,8
person,8
anything,8
servers,8
fast,8
pour,8
onions,8
vibe,8
chips,8
value,8
well,8
school,7
room,7
went,7
plenty,7
chili,7
unique,7
crowd,7
cool,7
pork,7
serving,7
name,7
care,7
sure,7
evening,7
wall,7
scallops,7
eats,7
sandwiches,7
fine,7
compliment,7
pricey,7
montreal,7
sausage,7
pieces,7
establishment,7
table,7
treat,7
bbq,7
soft,7
piece,7
town,7
worth,6
tell,6
warm,6
better,6
filling,6
days,6
ist,6
busy,6
lots,6
kids,6
customers,6
tuna,6
left,6
plus,6
suggestions,6
charge,6
dip,6
groups,6
creamy,6
st,6
note,6
shot,6
disappointment,6
breakfasts,6
favorites,6
pupusas,6
touch,6
setting,6
occasions,6
lobster,6
strip,6
rush,6
wife,6
presentation,6
list,6
door,6
mexican,6
help,6
call,6
hotel,6
juicy,6
patty,6
point,6
bill,6
wings,6
eggs,6
desserts,6
curds,6
eating,6
occasion,6
walk,6
decent,6
thought,6
pie,6
enjoy,5
never,5
employees,5
excellent,5
luck,5
girls,5
toast,5
however,5
beef,5
child,5
yet,5
war,5
medium,5
check,5
tip,5
chain,5
environment,5
minute,5
standards,5
leave,5
item,5
comforting,5
extra,5
sports,5
cold,5
las,5
seafood,5
black,5
flavour,5
morning,5
seat,5
middle,5
outdoor,5
money,5
intimate,5
month,5
steakhouse,5
tea,5
hours,5
chunks,5
share,5
mistake,5
england,5
fish,5
story,5
banana,5
sign,5
kind,5
bottle,5
tender,5
crispy,5
hostess,5
ready,5
cuisine,5
questions,5
hopes,5
bars,5
asparagus,5
opinion,5
apple,5
talon,5
crab,5
sit,5
parties,5
southern,5
spicy,5
fact,5
impression,5
ones,5
glasses,5
gluten,5
bun,5
empty,5
yelp,5
venue,4
chef,4
pancakes,4
foods,4
want,4
mess,4
combination,4
runny,4
dogs,4
somewhat,4
mini,4
gravy,4
orleans,4
away,4
requests,4
offerings,4
life,4
split,4
nachos,4
mayo,4
interior,4
somehow,4
accommodate,4
explain,4
head,4
average,4
floor,4
phoenix,4
surprise,4
level,4
steaks,4
melt,4
change,4
box,4
figure,4
birthday,4
maybe,4
basket,4
main,4
views,4
selections,4
city,4
sat,4
hungry,4
husband,4
oil,4
hint,4
world,4
lady,4
mood,4
considering,4
sides,4
energy,4
spice,4
pool,4
dollar,4
parmesan,4
good,4
far,4
neighborhood,4
hash,4
pick,4
family,4
excuse,4
needs,4
buns,4
always,4
balance,4
specials,4
friday,4
owners,4
bland,4
comfy,4
charlotte,4
juice,4
eater,4
salmon,4
set,4
peppers,4
ratings,4
cucumber,4
complaint,4
couple,4
sauces,4
filet,4
lemon,4
reservation,4
beers,4
issues,4
garden,4
sind,4
duck,4
lime,4
use,4
instead,4
fare,4
bartenders,4
soggy,4
orange,4
wines,4
conversation,4
mix,4
means,4
latin,4
comment,4
tuesday,4
gets,4
tomatoes,4
truffle,4
noise,4
pasta,4
getting,4
spots,4
minutes,4
twist,4
wednesday,3
ever,3
told,3
poutines,3
daughter,3
slices,3
guests,3
honey,3
hop,3
answer,3
croissant,3
south,3
worst,3
muffin,3
plantains,3
band,3
crunchy,3
saturday,3
ate,3
uses,3
veggie,3
thick,3
ton,3
sounding,3
mouth,3
pointe,3
pineapple,3
personality,3
dente,3
games,3
tiny,3
fry,3
sushi,3
upscale,3
kept,3
margherita,3
brought,3
mit,3
meats,3
months,3
stuck,3
therefore,3
arepas,3
servings,3
yummy,3
vegan,3
cook,3
quick,3
boy,3
wood,3
thru,3
soup,3
guys,3
talk,3
shake,3
rock,3
et,3
girl,3
salads,3
district,3
anyone,3
season,3
lick,3
saw,3
cheesecake,3
buffet,3
cheap,3
going,3
gem,3
ways,3
screen,3
seems,3
pile,3
slice,3
und,3
chefs,3
favorite,3
everyone,3
stars,3
valley,3
dirty,3
trips,3
hound,3
poor,3
herbs,3
chinese,3
difference,3
rate,3
crust,3
attitudes,3
sweetness,3
company,3
none,3
salty,3
goat,3
okay,3
waitstaff,3
resort,3
die,3
bistro,3
put,3
w,3
done,3
cups,3
miss,3
least,3
syrup,3
nights,3
towards,3
oyster,3
blend,3
hip,3
batter,3
squeaky,3
breading,3
locals,3
spirits,3
wow,3
dietary,3
fire,3
cheddar,3
cup,3
horseradish,3
parents,3
range,3
charm,3
homemade,3
buttery,3
line,3
cafe,3
visits,3
e,3
buffalo,3
send,3
rack,3
waiting,3
casino,3
makes,3
names,3
sort,3
clients,3
didnt,3
farm,3
watch,3
tomato,3
looks,3
lounge,3
la,3
choose,3
timer,3
produce,3
owner,3
management,3
tourists,3
flavours,3
latino,3
pretzels,3
class,3
request,3
combo,3
michigan,3
btw,3
breweries,3
addition,3
drank,3
waste,3
seats,3
simple,3
kick,3
chairs,3
hair,3
chance,3
foie,3
carbs,3
cake,3
stay,3
hate,2
buddy,2
messy,2
n,2
blue,2
fingers,2
lights,2
textures,2
meh,2
apartment,2
credit,2
county,2
terasse,2
adult,2
word,2
crackers,2
foodie,2
veggies,2
keep,2
turn,2
funny,2
scottsdale,2
salsa,2
bucks,2
oysters,2
london,2
nett,2
avocado,2
writing,2
versus,2
break,2
rosemary,2
waffle,2
forgot,2
revolting,2
filter,2
ordering,2
tijuana,2
tilapia,2
spinach,2
top,2
tangy,2
elegant,2
tavern,2
tree,2
preparation,2
iron,2
modern,2
raw,2
seem,2
gripe,2
sound,2
episode,2
layout,2
weekends,2
theme,2
wearing,2
klein,2
de,2
wedding,2
pretzel,2
twice,2
score,2
glasgow,2
news,2
hummus,2
suggest,2
question,2
complimentary,2
buffets,2
families,2
quantities,2
cracker,2
tastes,2
near,2
property,2
broth,2
shame,2
bottles,2
patient,2
hang,2
hand,2
kid,2
butter,2
hearts,2
kale,2
bargain,2
thumbs,2
gave,2
resto,2
bottom,2
fox,2
ice,2
asking,2
post,2
diner,2
offering,2
heat,2
ny,2
roll,2
dulce,2
together,2
terrasse,2
skin,2
midst,2
father,2
marks,2
must,2
brown,2
wallets,2
trouble,2
turns,2
team,2
seasoning,2
cost,2
port,2
calamari,2
alone,2
market,2
hotels,2
today,2
downtown,2
car,2
making,2
december,2
awesome,2
sample,2
heard,2
slush,2
mgm,2
varieties,2
indeed,2
thank,2
mais,2
faves,2
ketchup,2
rounds,2
cobb,2
quite,2
aioli,2
carnival,2
star,2
carry,2
little,2
bits,2
moscow,2
huh,2
multiple,2
summerlin,2
surprising,2
shop,2
rating,2
madison,2
corner,2
texture,2
leather,2
concert,2
parking,2
satisfying,2
chewy,2
august,2
tub,2
dates,2
cramp,2
quiet,2
period,2
mark,2
eatery,2
eaters,2
case,2
might,2
accommodating,2
bathrooms,2
pay,2
events,2
booths,2
omelette,2
justify,2
rest,2
styles,2
crusty,2
read,2
respect,2
courses,2
moon,2
juices,2
ol,2
island,2
inviting,2
stand,2
omelet,2
trying,2
cream,2
beyond,2
chris,2
building,2
ceaser,2
lack,2
fixtures,2
blueberries,2
dressing,2
smile,2
woman,2
sitting,2
fall,2
gf,2
past,2
design,2
pass,2
stood,2
section,2
deliciousness,2
contrast,2
component,2
airport,2
guacamole,2
compare,2
hamburger,2
joints,2
potatos,2
protein,2
awkward,2
comfort,2
influences,2
expecting,2
quebecois,2
inventory,2
plane,2
lighting,2
adventure,2
response,2
bailey,2
egg,2
soon,2
smiling,2
someone,2
return,2
bigger,2
denny,2
found,2
notes,2
clams,2
alcohol,2
issue,2
wisconsin,2
disposition,2
beginning,2
pur,2
temperature,2
gourmet,2
number,2
grocery,2
guess,2
guest,2
indulgent,2
brisket,2
store,2
applebee,2
coleslaw,2
orders,2
moist,2
plan,2
giggling,2
windows,2
gold,2
canadiens,2
businesses,2
fillet,2
believe,2
ruin,2
hit,2
close,2
cozy,2
tamales,2
pictures,2
creme,2
c,2
cakes,2
reasons,2
whatever,2
scallop,2
frozen,2
batch,2
sesame,2
behavior,2
antithesis,2
rip,2
sliders,2
moment,2
spent,2
alternative,2
fremont,2
spring,2
decision,2
rum,2
rub,2
costumer,2
passionate,2
block,2
seeing,2
computer,2
custom,2
sections,2
invite,2
boys,2
un,2
amounts,2
club,2
confirm,2
beverage,2
berries,2
peanut,2
ambience,2
sent,2
entire,2
ummm,2
sangria,2
attire,2
tiradito,2
existent,2
guidance,2
thats,2
ceasar,2
doubt,2
rich,2
starter,2
women,2
f,2
tax,2
high,2
tab,2
attend,2
martini,2
move,2
lv,2
legendary,2
hands,2
front,2
watery,2
tipper,2
measure,2
puertorican,2
desert,2
cause,2
tempe,2
log,2
g,2
pudding,2
margaritas,2
scene,2
heirloom,2
system,2
shell,2
mojitos,2
steel,2
coast,2
tonight,2
faux,2
mid,2
unless,2
disappointments,2
face,2
bring,2
bear,2
joint,2
bean,2
areas,2
streamliner,2
grab,2
artsy,2
superb,2
cegep,2
beverages,2
deliver,2
joe,2
key,2
restrictions,2
jersey,2
otherwise,2
co,2
apologize,2
messiness,2
welcoming,2
unlike,2
bahama,2
homey,2
chinois,2
nonetheless,2
english,2
detail,2
rooms,2
checking,2
press,2
garage,2
cider,2
happens,2
est,2
jalapeno,2
kettle,2
souffle,2
puposas,2
sister,2
basis,2
mushrooms,2
vegetables,2
buy,2
volume,2
hh,2
byob,2
coffees,2
wing,2
monday,2
respects,2
gorgonzola,2
craft,2
mackerel,1
scenester,1
consider,1
whose,1
swan,1
ocasions,1
whatsoever,1
voil,1
gritty,1
jack,1
bringing,1
skills,1
pinch,1
clientele,1
greaaaat,1
cloudiness,1
clothes,1
miller,1
consistent,1
sammie,1
decadence,1
errors,1
hide,1
enchiladas,1
minty,1
designing,1
suppose,1
tips,1
herb,1
wagyu,1
walnuts,1
kudos,1
envoy,1
piercing,1
umami,1
spotty,1
changes,1
reste,1
criticism,1
golden,1
divide,1
straw,1
glance,1
slivers,1
watering,1
arms,1
bayou,1
bike,1
calm,1
recommend,1
type,1
lungs,1
training,1
hole,1
circumstances,1
abundance,1
kraut,1
cheapest,1
concepts,1
im,1
root,1
cans,1
vodka,1
estate,1
activities,1
foody,1
complaining,1
travel,1
nuts,1
feature,1
revisit,1
disappoint,1
swine,1
gaming,1
beauty,1
lag,1
spago,1
vegans,1
overdone,1
tomasos,1
shirt,1
chills,1
janis,1
greek,1
green,1
keeps,1
vapor,1
feedback,1
bella,1
oven,1
innovative,1
barfood,1
fit,1
somewhere,1
fix,1
savory,1
weeks,1
harmony,1
tourist,1
bang,1
represents,1
gluttony,1
backgrounds,1
rocks,1
wooden,1
bone,1
celebrating,1
velvet,1
ihop,1
pomegranate,1
foundation,1
grease,1
turning,1
fava,1
rail,1
fave,1
given,1
greasy,1
speedo,1
musicians,1
speedy,1
soda,1
loud,1
caught,1
drexyl,1
puck,1
wash,1
spinning,1
downside,1
hood,1
engagement,1
confirming,1
phones,1
airy,1
hollywood,1
bitter,1
listen,1
ceiling,1
rewards,1
serve,1
western,1
helen,1
zero,1
medley,1
matter,1
entr,1
feeling,1
portraits,1
flavorful,1
mine,1
ginger,1
seed,1
hazelnuts,1
stalls,1
seen,1
mint,1
tells,1
dozen,1
genuine,1
escalator,1
dunno,1
elegance,1
hearty,1
amusing,1
doors,1
hum,1
memorabilia,1
mario,1
glow,1
zealand,1
singer,1
potency,1
grove,1
points,1
entertaining,1
boyfriends,1
notion,1
reserve,1
tequila,1
sage,1
prix,1
fennel,1
traditions,1
quaint,1
polenta,1
folks,1
asians,1
foremost,1
report,1
du,1
zesty,1
overbearing,1
greens,1
saut,1
licking,1
accueillent,1
release,1
pumpkin,1
bother,1
ears,1
bleu,1
pupusa,1
habit,1
fluffy,1
depends,1
allure,1
cleo,1
fail,1
interruptions,1
noodles,1
best,1
capacity,1
venezuelian,1
uppity,1
sorts,1
terimisu,1
claws,1
lazy,1
men,1
terms,1
handful,1
wi,1
picking,1
protect,1
chandeliers,1
tone,1
groupon,1
tons,1
blonde,1
speak,1
bathroom,1
trigger,1
monkey,1
interest,1
plateau,1
relaxing,1
hairdo,1
worker,1
catering,1
spin,1
exception,1
combos,1
air,1
ceilings,1
stopping,1
smoky,1
cab,1
remembering,1
cons,1
saltiness,1
cana,1
storefront,1
exterior,1
seattle,1
id,1
lindeman,1
complex,1
unfortunate,1
showing,1
european,1
fridays,1
characters,1
redneck,1
opportunity,1
dent,1
heverlee,1
client,1
mother,1
concoctions,1
kinks,1
ideas,1
identify,1
human,1
yes,1
bagel,1
character,1
alchemy,1
spread,1
cranberries,1
plasma,1
flavorings,1
melting,1
atmospheres,1
julieta,1
remind,1
reams,1
portuguese,1
old,1
edinburgher,1
escape,1
arepitas,1
pain,1
bore,1
ick,1
intolerant,1
meaty,1
christmas,1
bisque,1
lucille,1
discount,1
flaws,1
ffffrrrrroooozzzeeeen,1
bricktop,1
filipino,1
jew,1
gingerbread,1
octopus,1
coins,1
ahi,1
soo,1
son,1
chimi,1
wrap,1
koud,1
wan,1
cali,1
gin,1
appts,1
offer,1
avions,1
verde,1
hear,1
heap,1
rosalie,1
mannequins,1
porky,1
daddy,1
disgrace,1
mishaps,1
annoying,1
triangles,1
marys,1
reality,1
power,1
venison,1
holding,1
smell,1
absurd,1
felt,1
polite,1
diet,1
fell,1
grapefruit,1
longer,1
bfast,1
whoever,1
qualm,1
alternatives,1
walking,1
silverware,1
mile,1
slushie,1
layers,1
flounder,1
cheat,1
unpleasant,1
southwest,1
jerk,1
recipe,1
baggie,1
stays,1
blast,1
dim,1
clouds,1
mc,1
dig,1
hawaii,1
round,1
upper,1
accomplishment,1
says,1
insignificant,1
boca,1
crescent,1
run,1
cargo,1
switch,1
goes,1
satisfy,1
henry,1
appetites,1
virtues,1
snack,1
baseball,1
queue,1
cinnamon,1
hospitality,1
weird,1
influx,1
ipa,1
fake,1
prompt,1
tequilas,1
memory,1
sharing,1
towers,1
altar,1
aoili,1
oregon,1
ceviche,1
cases,1
effort,1
soul,1
foodies,1
sour,1
meatball,1
arrive,1
caf,1
scramblers,1
heart,1
citizens,1
sense,1
sandbar,1
stole,1
pino,1
winter,1
mehr,1
spreads,1
magazine,1
sundae,1
thanking,1
till,1
flank,1
edinburgh,1
staying,1
atas,1
delmonicos,1
crepe,1
tapas,1
benny,1
provide,1
si,1
tahini,1
chardonnays,1
cute,1
shaky,1
cole,1
birds,1
smoothie,1
window,1
texas,1
non,1
qualifies,1
tropicana,1
killer,1
term,1
james,1
drop,1
quarter,1
el,1
brews,1
yeah,1
amaretto,1
neighbourhood,1
living,1
rude,1
blt,1
drinker,1
instate,1
suggesting,1
tecate,1
brooks,1
california,1
vegetarians,1
chose,1
flare,1
retrieving,1
calories,1
funky,1
gordon,1
blood,1
ono,1
mastro,1
mignon,1
rind,1
sounds,1
cheesy,1
personalities,1
draft,1
gives,1
hub,1
flowery,1
wongs,1
thai,1
boyfriend,1
professionals,1
favors,1
metabolism,1
r,1
knives,1
fruits,1
fruity,1
pre,1
crumblies,1
gathering,1
slaw,1
topics,1
premier,1
lice,1
slap,1
sull,1
rent,1
efficient,1
veteran,1
aside,1
hotspot,1
online,1
palazzo,1
deafening,1
trace,1
takeaways,1
knew,1
falls,1
complaints,1
pager,1
sauteed,1
cuban,1
mrs,1
salt,1
yelper,1
show,1
german,1
speakeasy,1
mister,1
maine,1
ground,1
upgrade,1
flapjack,1
notfrozen,1
cheeseburger,1
watching,1
awareness,1
carolina,1
jazz,1
expectation,1
mission,1
cheeburger,1
geo,1
freaking,1
settings,1
bison,1
amanda,1
steakhouses,1
lyft,1
sear,1
anyways,1
impressions,1
surfaces,1
harvey,1
glaze,1
oyshi,1
import,1
reading,1
checks,1
arrival,1
notice,1
guitar,1
sausalido,1
overcharge,1
diners,1
singers,1
je,1
tuck,1
tour,1
patrons,1
chorizo,1
comes,1
insignia,1
belinda,1
color,1
pop,1
rokerij,1
hotter,1
punters,1
turkey,1
marg,1
cares,1
blenders,1
direction,1
shopping,1
coulis,1
wake,1
ruby,1
queasy,1
casa,1
cash,1
pizza,1
newspaper,1
emeril,1
ribeye,1
experiance,1
bags,1
different,1
pas,1
gentlemen,1
ya,1
macaroni,1
wasabi,1
producers,1
running,1
delicate,1
burrito,1
sunken,1
ranch,1
breezy,1
athenian,1
puree,1
affair,1
restrooms,1
aspect,1
blow,1
thinking,1
around,1
spectacular,1
stools,1
dark,1
darn,1
execution,1
fryer,1
rocky,1
meaning,1
fortune,1
oxtail,1
tower,1
vangie,1
laisser,1
tvs,1
toppings,1
diving,1
octane,1
lentils,1
gross,1
vkind,1
stops,1
tots,1
forks,1
tubs,1
critiques,1
nuggets,1
welcome,1
wheat,1
update,1
leftover,1
francis,1
oh,1
howard,1
chop,1
pistachio,1
mean,1
road,1
amber,1
ladies,1
coupon,1
zuchinni,1
fill,1
mandalay,1
hey,1
lou,1
lox,1
recommends,1
pitcher,1
locks,1
walkway,1
happier,1
downstairs,1
football,1
pull,1
strawberry,1
cornmeal,1
gone,1
ad,1
babies,1
carpe,1
deep,1
yoga,1
jenga,1
pillows,1
heaters,1
pear,1
peas,1
fresh,1
tendencies,1
mimis,1
20mins,1
mash,1
u,1
miso,1
alright,1
deluxe,1
starting,1
forget,1
suns,1
children,1
referring,1
everywhere,1
baddest,1
regulars,1
sparkling,1
nora,1
te,1
roadway,1
paying,1
worse,1
peruse,1
fav,1
fat,1
focus,1
jalape,1
sons,1
decide,1
ticket,1
cable,1
burritos,1
grandfather,1
large,1
vanilla,1
cookies,1
ten,1
opting,1
perception,1
perspective,1
rye,1
cheeses,1
diam,1
sun,1
crush,1
movement,1
outgoing,1
mule,1
bakeries,1
substance,1
ahead,1
vegetarian,1
pulls,1
eye,1
takes,1
donuts,1
splash,1
taken,1
garnish,1
chestnut,1
knows,1
stick,1
lemons,1
hurry,1
lotsa,1
cluster,1
recall,1
des,1
mall,1
v,1
history,1
magenta,1
lacks,1
dress,1
hamburgers,1
information,1
menus,1
stir,1
advice,1
short,1
orchard,1
perhaps,1
halibut,1
breads,1
playing,1
turnover,1
chicks,1
sooo,1
mousse,1
trade,1
resorts,1
brig,1
saucy,1
arteries,1
pens,1
pests,1
macallan,1
bypass,1
yh,1
hurting,1
components,1
detour,1
chopshop,1
walls,1
starbucks,1
foot,1
couches,1
easily,1
sundays,1
schmick,1
token,1
piping,1
kfc,1
brother,1
finish,1
expect,1
fist,1
squishy,1
lovers,1
linens,1
yellowtail,1
ass,1
pub,1
houses,1
cookie,1
conditioning,1
rises,1
definition,1
underwhelming,1
lavosh,1
beggars,1
ding,1
dine,1
guac,1
fancy,1
valentine,1
fees,1
kobe,1
crabhut,1
heads,1
benedict,1
twenty,1
diameter,1
trend,1
station,1
mama,1
verdun,1
lease,1
park,1
drunkenness,1
schon,1
albeit,1
b,1
gotten,1
tummy,1
express,1
stalk,1
microbrews,1
stale,1
alongside,1
ahahah,1
poulet,1
meltdown,1
confirms,1
sell,1
mountain,1
flaming,1
scotland,1
finding,1
distaste,1
sets,1
poke,1
yardhouse,1
ballyhoo,1
showcase,1
cover,1
anthem,1
kamel,1
stones,1
humid,1
lay,1
grandmas,1
booze,1
valet,1
vodkas,1
giant,1
deserts,1
camel,1
luke,1
capital,1
frumpy,1
competing,1
combinations,1
banquet,1
sleeve,1
tossing,1
river,1
homestyle,1
art,1
vino,1
frontrunner,1
sea,1
aberdeen,1
hibiscus,1
knees,1
visiting,1
please,1
fans,1
champagne,1
knowing,1
milder,1
korea,1
missing,1
attention,1
outfit,1
cataloge,1
genre,1
understanding,1
dane,1
league,1
cubes,1
brunches,1
explore,1
finds,1
simply,1
likes,1
rave,1
ps,1
devil,1
gravity,1
add,1
suburbs,1
damn,1
maintenance,1
stomping,1
brick,1
meeting,1
po,1
delights,1
pm,1
doggery,1
mind,1
crack,1
towne,1
anthony,1
clumpy,1
understand,1
rah,1
demand,1
towns,1
packers,1
talking,1
straight,1
smart,1
hooters,1
manner,1
omelettes,1
larger,1
decoration,1
grit,1
waterside,1
concoction,1
slab,1
butcher,1
chicory,1
daughters,1
strips,1
snail,1
bonus,1
banter,1
cigar,1
levels,1
cleaning,1
wholesome,1
assortment,1
stack,1
picky,1
older,1
chickens,1
edge,1
consistency,1
landmark,1
entry,1
spend,1
preference,1
coup,1
aroma,1
product,1
shape,1
regardless,1
tableabd,1
prince,1
eager,1
cue,1
bridal,1
easter,1
game,1
semolina,1
genaro,1
lost,1
consensus,1
roscoes,1
pals,1
sorbet,1
zimmern,1
phone,1
caliber,1
pricing,1
trendy,1
nicaragua,1
gratuity,1
per,1
seller,1
bellagio,1
cgm,1
agreement,1
step,1
santa,1
lottery,1
pitchers,1
raspberry,1
che,1
faith,1
delish,1
classics,1
hometown,1
nonsense,1
services,1
hotdog,1
nails,1
cheesesteak,1
addicting,1
mountains,1
skewers,1
dips,1
specialty,1
aragula,1
originals,1
drinkers,1
restaraunt,1
us,1
jumbo,1
highlight,1
bell,1
sometimes,1
constant,1
adults,1
acidity,1
crunchburger,1
spoonfuls,1
warning,1
crepes,1
peach,1
drizzle,1
dimmer,1
manhattan,1
tart,1
explaining,1
mustard,1
favourite,1
oweners,1
bussing,1
drag,1
fructose,1
clue,1
structure,1
land,1
wafer,1
hello,1
scratch,1
farms,1
gang,1
gm,1
adjustment,1
aria,1
culinary,1
uniqueness,1
suite,1
whisky,1
ingredient,1
wave,1
spoon,1
putting,1
banquise,1
experiencing,1
button,1
michael,1
burrata,1
verdict,1
pasty,1
goodies,1
visuals,1
frisee,1
booth,1
pajamas,1
font,1
sauerkraut,1
chicago,1
giving,1
tuesdays,1
schedule,1
sweaty,1
cell,1
experiment,1
anther,1
equivalent,1
labyrinth,1
yelpers,1
pushing,1
wraps,1
bachelor,1
les,1
pancake,1
douchey,1
asiago,1
pickle,1
leaving,1
products,1
buckwheat,1
nearest,1
win,1
app,1
baskets,1
staple,1
buerre,1
crap,1
stream,1
remains,1
porch,1
tangerine,1
visibility,1
charming,1
fillings,1
donut,1
anywhere,1
thin,1
praise,1
tap,1
speciality,1
thirsty,1
carrot,1
syrupy,1
bones,1
arnie,1
panna,1
hangar,1
lamb,1
batches,1
dh,1
purpose,1
need,1
forest,1
palates,1
sin,1
waters,1
taco,1
cabbage,1
somethig,1
noises,1
lines,1
serrano,1
dinners,1
allow,1
classy,1
embers,1
kiltlifter,1
acheter,1
including,1
flattering,1
bunch,1
le,1
varies,1
chanel,1
permanent,1
therefor,1
crowds,1
empanadas,1
pangs,1
ddukbokkgi,1
sweets,1
cocoa,1
feast,1
weather,1
flair,1
supper,1
pistachios,1
junkie,1
array,1
wander,1
witness,1
borderline,1
entertainment,1
granddaughters,1
outings,1
mate,1
grits,1
activity,1
salami,1
graze,1
embarrass,1
craving,1
yard,1
hostile,1
spill,1
museum,1
mad,1
blown,1
apps,1
relish,1
umbrellas,1
playlist,1
fair,1
privacy,1
festival,1
unknown,1
establishments,1
stomach,1
explanation,1
nobody,1
depressing,1
burlesque,1
remember,1
extraordinarily,1
providing,1
steep,1
bet,1
behaviors,1
element,1
bastard,1
scoop,1
oozing,1
waffles,1
makeover,1
flourless,1
seasonings,1
mountaintop,1
manor,1
representation,1
patties,1
delivery,1
refreshing,1
beets,1
thanksgiving,1
michel,1
brew,1
midwesterner,1
nutella,1
agreed,1
feat,1
ha,1
mugs,1
winner,1
surroundings,1
spun,1
beat,1
stripes,1
yelps,1
words,1
comme,1
temp,1
shy,1
contain,1
ohio,1
closer,1
venetian,1
meatballs,1
state,1
routine,1
neither,1
colombian,1
bought,1
ends,1
cauliflower,1
opening,1
habanero,1
saurkraut,1
disconnect,1
janel,1
haddock,1
commenting,1
career,1
joke,1
taking,1
etc,1
puff,1
torments,1
relevant,1
cc,1
cb,1
arugula,1
laugh,1
libations,1
quit,1
rochelle,1
louisiana,1
crappy,1
portabella,1
present,1
novel,1
wild,1
hoagie,1
layer,1
oumph,1
avo,1
partner,1
inspector,1
absinthe,1
players,1
diets,1
member,1
parts,1
inch,1
effect,1
phx,1
mignonette,1
croissants,1
center,1
mention,1
position,1
newest,1
less,1
moments,1
accurate,1
raves,1
drunk,1
sky,1
littttttle,1
questionhere,1
citizen,1
teriyaki,1
eateries,1
captivating,1
pies,1
pataterie,1
crisp,1
georges,1
sizes,1
candy,1
arepa,1
works,1
shabby,1
elevators,1
demeanor,1
recommendation,1
liking,1
neglecting,1
refill,1
leaf,1
avoid,1
passion,1
contact,1
assuming,1
wends,1
locate,1
pepper,1
waits,1
host,1
rare,1
asks,1
freedom,1
flaky,1
hier,1
seabass,1
stakes,1
pigging,1
scones,1
appt,1
caviar,1
slovakia,1
venezuelan,1
tricky,1
preparations,1
ho,1
highest,1
bug,1
wise,1
argentinean,1
j,1
chandler,1
convince,1
display,1
reservations,1
signage,1
goodness,1
happen,1
mushroom,1
boot,1
aquariums,1
book,1
repute,1
iove,1
kinds,1
toasty,1
kinda,1
shattering,1
inspiration,1
frontier,1
rule,1
