car,13
service,10
buy,5
price,5
time,5
windshield,4
get,4
waschstrasse,4
customer,3
day,3
goes,3
experience,3
vehicle,3
work,3
aider,2
go,2
de,2
night,2
luck,2
en,2
deal,2
companies,2
discount,2
problem,2
battery,2
set,2
cv,2
size,2
brakes,2
call,2
bbq,2
gear,2
revenez,2
part,2
prices,2
emporter,2
cherchez,2
process,2
brake,2
sich,2
place,2
week,2
nothing,2
voudriez,2
ferrari,2
review,2
shop,1
selection,1
help,1
less,1
ale,1
mile,1
motorcycle,1
yet,1
arrogant,1
feedil,1
tire,1
fix,1
thursday,1
charge,1
location,1
crack,1
sorry,1
main,1
gave,1
fiesta,1
kind,1
ones,1
darn,1
listening,1
step,1
son,1
condition,1
gift,1
clutch,1
list,1
stuff,1
either,1
monsoon,1
passionate,1
body,1
seating,1
toyota,1
tires,1
airbag,1
pads,1
result,1
year,1
home,1
girl,1
saturday,1
repairs,1
kids,1
lots,1
sun,1
section,1
looking,1
behind,1
dealership,1
staff,1
ass,1
painless,1
yelpers,1
cars,1
quite,1
job,1
upfront,1
understanding,1
come,1
accident,1
mechanic,1
items,1
reason,1
times,1
trustworthy,1
etc,1
ineffective,1
plus,1
options,1
getgos,1
repair,1
mechanics,1
regardless,1
evans,1
facility,1
communication,1
number,1
bloody,1
texts,1
tony,1
quality,1
use,1
west,1
beer,1
jetta,1
way,1
percentage,1
prep,1
shopping,1
offer,1
took,1
ford,1
glass,1
understand,1
aventador,1
trying,1
buying,1
sound,1
television,1
pettiness,1
reviews,1
windows,1
friend,1
shops,1
carolina,1
pricing,1
toilet,1
conv,1
snacks,1
tidy,1
sales,1
rip,1
door,1
technology,1
dealer,1
noises,1
things,1
make,1
problems,1
damage,1
test,1
gets,1
junk,1
phoenix,1
inconvenience,1
driver,1
devon,1
nip,1
chocolate,1
purchase,1
charges,1
model,1
notch,1
talk,1
