food,79
chinese,60
time,51
service,31
place,31
restaurant,31
beef,20
value,20
price,17
dishes,15
portions,15
dim,14
thing,14
restaurants,14
pot,14
dumplings,14
meal,13
quality,13
chicken,13
soup,12
selection,12
places,12
taste,12
dish,11
visit,11
tao,11
times,11
night,11
options,10
reviews,10
sour,10
noodle,10
experience,9
amount,9
salty,9
lunch,9
find,9
menu,9
noodles,9
prices,9
pho,9
flavor,9
portion,9
day,8
business,8
getting,8
thai,7
rice,7
ones,7
parking,7
things,7
touch,7
fan,6
pieces,6
hot,6
tso,6
meat,6
mine,6
atmosphere,6
stuff,6
expectations,6
fun,6
sushi,6
im,6
pad,6
favorite,6
dinner,6
gewesen,6
spicy,6
choice,5
items,5
appetizers,5
part,5
nothing,5
taiwanese,5
eggplant,5
whole,5
choices,5
broth,5
deal,5
everything,5
tofu,5
soy,5
way,5
deep,5
check,5
ramen,4
item,4
pork,4
sign,4
wait,4
montreal,4
flavors,4
veggies,4
types,4
years,4
better,4
someone,4
fish,4
quite,4
think,4
weekdays,4
lot,4
kind,4
dining,4
clean,4
staff,4
see,4
country,4
chili,4
sauce,4
cuisine,4
person,4
dark,4
know,4
bit,4
name,4
spring,4
home,4
super,4
fact,4
concept,3
compact,3
dumpling,3
worth,3
got,3
go,3
let,3
love,3
keeping,3
foodies,3
cantonese,3
something,3
mess,3
spot,3
worst,3
egg,3
course,3
attitude,3
plates,3
occasions,3
fare,3
oil,3
year,3
get,3
waiter,3
nach,3
bite,3
mind,3
tastes,3
need,3
take,3
soap,3
came,3
rouge,3
plate,3
tender,3
review,3
side,3
however,3
job,3
vor,3
nicht,3
table,3
crispy,3
peppers,3
mushroom,3
chinatown,3
frying,3
drawback,3
pao,3
cucumber,3
ist,3
tables,3
pile,3
location,3
crusty,3
unique,3
sauces,3
trilogie,3
ribs,3
shrimp,3
chow,3
homemade,3
support,3
war,3
eat,3
problem,3
seafood,3
curd,3
aider,2
vietnamese,2
charge,2
sitting,2
dessert,2
yellow,2
messy,2
sont,2
minute,2
die,2
quick,2
neighborhood,2
version,2
tea,2
drinks,2
sausage,2
anywhere,2
nes,2
never,2
french,2
groups,2
others,2
change,2
vegetarian,2
limp,2
brought,2
chunks,2
kenny,2
call,2
tell,2
excellent,2
baby,2
hole,2
room,2
f,2
tab,2
waaaay,2
awesome,2
foods,2
garden,2
lamb,2
needs,2
option,2
nyc,2
docking,2
sie,2
remember,2
takeaway,2
order,2
bowl,2
style,2
group,2
la,2
veggie,2
coriander,2
filling,2
went,2
ambiance,2
et,2
rude,2
issue,2
friday,2
pleasant,2
california,2
craving,2
tasting,2
view,2
dine,2
pots,2
least,2
airy,2
white,2
friend,2
bei,2
dans,2
pourrez,2
stale,2
nste,2
bet,2
alles,2
alors,2
plenty,2
cheap,2
fine,2
busy,2
pouvez,2
texture,2
black,2
meant,2
flavour,2
acheter,2
grab,2
sehr,2
icecream,2
screen,2
cities,2
come,2
kitchen,2
dente,2
amazing,2
china,2
comment,2
point,2
wall,2
sweet,2
offerings,2
considering,2
addition,2
life,2
understand,2
tank,2
expecting,2
coffee,2
decor,2
diarrhea,2
party,2
pan,2
finish,2
drink,2
moment,2
mention,2
english,2
left,2
money,2
mix,2
customers,2
people,2
ltnis,2
eater,2
eating,2
pasta,2
etwas,2
choy,2
curry,2
ladies,2
parties,2
area,2
friends,2
fast,2
music,2
hk,2
heat,2
spice,2
minutes,2
pantry,2
variety,2
evenings,2
variation,2
weekend,2
meals,2
wonton,2
yelp,2
forget,1
preparations,1
results,1
silverware,1
edm,1
sichuan,1
mile,1
laksa,1
decisions,1
strips,1
apartment,1
monta,1
peanut,1
stinky,1
whatsoever,1
dirty,1
pride,1
presentation,1
waiters,1
ingredient,1
customer,1
string,1
made,1
risa,1
cctv,1
bubbles,1
level,1
christmas,1
magnet,1
softer,1
subway,1
succession,1
setup,1
chew,1
bill,1
seasoning,1
chez,1
chef,1
street,1
design,1
query,1
roomy,1
air,1
port,1
putting,1
tapioca,1
giving,1
beaten,1
children,1
tips,1
appeal,1
multitude,1
cozy,1
degree,1
meh,1
water,1
snack,1
chino,1
atms,1
every,1
great,1
kids,1
abends,1
canadian,1
round,1
pick,1
opinion,1
weird,1
entrees,1
thats,1
family,1
souffl,1
baskets,1
put,1
send,1
rancho,1
takes,1
icee,1
stereotypes,1
comparing,1
crab,1
memory,1
tacky,1
care,1
ramens,1
wenig,1
door,1
combo,1
cashier,1
clue,1
escapist,1
warm,1
effort,1
starter,1
town,1
salad,1
car,1
foremost,1
specializes,1
making,1
pickle,1
complain,1
embarrassing,1
expanding,1
states,1
heard,1
want,1
sense,1
bones,1
end,1
mein,1
delicacies,1
machine,1
abzug,1
pizza,1
watery,1
tipper,1
entree,1
okay,1
beauty,1
watch,1
modest,1
stars,1
date,1
wave,1
las,1
tomato,1
purchase,1
light,1
vegetables,1
anytime,1
inform,1
chopsticks,1
legitimate,1
mexican,1
creamy,1
dishware,1
dough,1
looks,1
shreds,1
cold,1
spam,1
perfect,1
mais,1
lo,1
translation,1
nostalgia,1
crew,1
awfulness,1
window,1
filets,1
orange,1
might,1
household,1
prime,1
non,1
waren,1
entire,1
break,1
walls,1
bankroll,1
front,1
servers,1
ketchup,1
crunchy,1
courses,1
found,1
carlos,1
kann,1
everyone,1
warten,1
idea,1
bowls,1
wrap,1
leave,1
shown,1
marigolds,1
container,1
rounds,1
looking,1
mate,1
surprise,1
representations,1
stews,1
tempe,1
reason,1
base,1
york,1
latest,1
ask,1
bites,1
card,1
greasy,1
organic,1
takeout,1
american,1
ish,1
pudding,1
threat,1
connotation,1
blown,1
feel,1
number,1
instances,1
done,1
fees,1
thick,1
size,1
priority,1
ordering,1
broccoli,1
anyone,1
gives,1
exploring,1
stomach,1
relationship,1
shelf,1
park,1
boba,1
western,1
somewhat,1
believe,1
verdun,1
varieties,1
specials,1
bother,1
feeling,1
nicer,1
slaw,1
tonight,1
medium,1
pastry,1
rap,1
sounding,1
sat,1
mountain,1
nipples,1
cesar,1
burgers,1
trip,1
allergies,1
hangover,1
note,1
finding,1
clunky,1
province,1
sure,1
mentality,1
buffet,1
gt,1
experiences,1
plus,1
oyster,1
average,1
sometimes,1
cover,1
ways,1
points,1
occasion,1
notch,1
salt,1
quantity,1
shop,1
violation,1
seaweed,1
range,1
toast,1
quaint,1
going,1
pretty,1
cuisines,1
folks,1
hope,1
plump,1
hit,1
means,1
stop,1
stripes,1
appetizer,1
joint,1
perfection,1
words,1
closure,1
bar,1
bird,1
tiki,1
coke,1
edamame,1
steal,1
steam,1
btw,1
fair,1
burst,1
fluffy,1
sea,1
fashioneds,1
lots,1
superb,1
chewy,1
bellies,1
rundown,1
pushing,1
attention,1
roe,1
spare,1
diners,1
extent,1
dates,1
outcome,1
chain,1
quiet,1
apdc,1
sketchy,1
comes,1
tone,1
northeastern,1
whatever,1
village,1
mafia,1
boat,1
lv,1
decent,1
beer,1
pf,1
nellis,1
mary,1
empty,1
threw,1
families,1
restrictions,1
manchurian,1
else,1
child,1
instant,1
tip,1
batch,1
hotpot,1
situation,1
shops,1
mistake,1
pound,1
hoping,1
surface,1
disappointing,1
middle,1
good,1
rib,1
anymore,1
perhaps,1
make,1
waitresses,1
mole,1
gentlemen,1
defies,1
week,1
bonus,1
bala,1
hand,1
nights,1
ownership,1
lemon,1
tradition,1
keep,1
try,1
floor,1
well,1
spent,1
fighting,1
picks,1
thought,1
siquan,1
less,1
das,1
product,1
sanitary,1
yet,1
refills,1
veganism,1
workers,1
dinning,1
wet,1
save,1
teriyaki,1
tuesday,1
sukho,1
fate,1
achalandage,1
couple,1
sneeze,1
game,1
world,1
lady,1
screens,1
sizes,1
serves,1
server,1
eel,1
either,1
works,1
soft,1
seating,1
right,1
back,1
dead,1
lobster,1
pricing,1
recommendation,1
proper,1
ontop,1
besser,1
mood,1
carts,1
memories,1
ice,1
rio,1
pepper,1
einige,1
costumer,1
ol,1
filipino,1
darauf,1
beans,1
stand,1
road,1
disclosure,1
eaten,1
communication,1
tenderloin,1
son,1
mushrooms,1
services,1
eine,1
rolls,1
crowd,1
question,1
peppery,1
chinesische,1
spat,1
happy,1
media,1
funnel,1
north,1
offer,1
brand,1
buttery,1
landing,1
hear,1
tho,1
line,1
rush,1
thru,1
versions,1
inside,1
tripe,1
smooth,1
planet,1
complaint,1
bbq,1
cake,1
palate,1
reservations,1
utensils,1
tasty,1
ingredients,1
fill,1
taro,1
amounts,1
handmade,1
setting,1
warehouse,1
smell,1
roll,1
eerily,1
nice,1
star,1
mustard,1
stay,1
chance,1
cater,1
kinda,1
reservation,1
age,1
together,1
steaming,1
alright,1
gardens,1
